NaicsDescription,loan_count,total_approval,average_loan_amount,total_sba_guaranteed,average_jobs_supported,charge_off_count,paid_in_full_count,guarantee_pct,charge_off_rate_pct,paid_in_full_rate_pct
"""Research and Development in the Physical, Engineering, and Life Sciences""",3,565000.0,188333.33333333334,282500.0,5.666666666666667,0,1,0.5,0.0,33.333333333333336
Abrasive Product Manufacturing,16,14010500.0,875656.25,10402375.0,8.5,0,4,0.7424699332643374,0.0,25.0
Adhesive Manufacturing,12,8722500.0,726875.0,7195750.0,12.166666666666666,0,8,0.8249641731155058,0.0,66.66666666666667
Administration of Air and Water Resource and Solid Waste Management Programs,4,5123000.0,1280750.0,3729550.0,23.25,0,1,0.7280011711887566,0.0,25.0
Administration of Education Programs,9,717200.0,79688.88888888889,539550.0,8.0,1,1,0.7523006134969326,11.11111111111111,11.11111111111111
Administration of General Economic Programs,2,4862500.0,2431250.0,3403750.0,41.5,0,1,0.7,0.0,50.0
"Administration of Human Resource Programs (except Education, Public Health, and Veterans' Affairs Programs)",2,151500.0,75750.0,128775.0,2.0,0,0,0.85,0.0,0.0
Administration of Public Health Programs,3,229000.0,76333.33333333333,194650.0,3.0,0,0,0.85,0.0,0.0
Administration of Urban Planning and Community and Rural Development,4,500000.0,125000.0,250000.0,6.75,0,1,0.5,0.0,25.0
Administrative Management and General Management Consulting Services,2455,622151700.0,253422.28105906313,455399425.0,7.0505091649694505,103,357,0.731974894547423,4.1955193482688395,14.541751527494908
Advertising Agencies,990,473734000.0,478519.1919191919,354471480.0,10.167676767676769,25,125,0.7482500306078939,2.525252525252525,12.626262626262626
Advertising Material Distribution Services,64,25051400.0,391428.125,18253240.0,6.203125,2,18,0.7286315335669863,3.125,28.125
"Agents and Managers for Artists, Athletes, Entertainers, and Other Public Figures",160,45725300.0,285783.125,34268625.0,5.86875,7,24,0.7494456023251898,4.375,15.0
Agents for Wireless Telecommunications Services,24,22184800.0,924366.6666666666,16520650.0,22.208333333333332,0,2,0.7446832966715949,0.0,8.333333333333334
Air Traffic Control,4,2339000.0,584750.0,1748850.0,47.5,0,1,0.7476913210773835,0.0,25.0
Air and Gas Compressor Manufacturing,11,13088000.0,1189818.1818181819,10142850.0,13.545454545454545,0,4,0.7749732579462103,0.0,36.36363636363637
Air-Conditioning and Warm Air Heating Equipment and Commercial and Industrial Refrigeration Equipment Manufacturing,72,47414000.0,658527.7777777778,34984285.0,14.11111111111111,0,12,0.7378471548487788,0.0,16.666666666666668
Aircraft Engine and Engine Parts Manufacturing,44,35959400.0,817259.0909090909,28919425.0,24.454545454545453,0,15,0.8042243474585227,0.0,34.09090909090909
Aircraft Manufacturing,32,35104500.0,1097015.625,25441365.0,19.78125,3,4,0.7247322992778703,9.375,12.5
All Other Amusement and Recreation Industries,2296,1582259000.0,689137.1951219512,1194237188.86,16.151132404181183,29,332,0.7547671960532377,1.2630662020905923,14.45993031358885
All Other Animal Production,58,14355900.0,247515.5172413793,11037365.0,5.362068965517241,2,7,0.7688382476891035,3.4482758620689653,12.068965517241379
All Other Automotive Repair and Maintenance,759,272086200.0,358479.8418972332,204665782.2,5.5230566534914365,14,127,0.752209344685618,1.844532279314888,16.73254281949934
All Other Basic Organic Chemical Manufacturing,34,20686000.0,608411.7647058824,16806640.0,8.705882352941176,0,6,0.8124644687228076,0.0,17.647058823529413
All Other Business Support Services,278,115034400.0,413792.8057553957,87337570.0,8.140287769784173,9,54,0.7592300216283129,3.237410071942446,19.424460431654676
All Other Consumer Goods Rental,376,168988000.0,449436.170212766,124601000.0,10.14095744680851,6,77,0.7373363789144791,1.5957446808510638,20.47872340425532
All Other Converted Paper Product Manufacturing,44,38473500.0,874397.7272727273,29268840.0,9.886363636363637,0,13,0.7607532457405747,0.0,29.545454545454547
All Other General Merchandise Retailers,1082,296630300.0,274150.0,215182075.0,5.045286506469501,28,94,0.7254217623755901,2.587800369685767,8.687615526802219
All Other General Merchandise Stores,150,46001700.0,306678.0,34810845.7,4.966666666666667,6,40,0.7567295491253585,4.0,26.666666666666668
All Other Grain Farming,44,15517600.0,352672.7272727273,11073325.0,3.9545454545454546,0,12,0.7135977857400629,0.0,27.272727272727273
All Other Health and Personal Care Retailers,302,101588900.0,336387.0860927152,75401270.0,6.9635761589403975,5,16,0.7422195732014029,1.6556291390728477,5.298013245033113
All Other Health and Personal Care Stores,177,88487100.0,499927.1186440678,71467383.0,7.6440677966101696,10,49,0.8076587773811098,5.649717514124294,27.683615819209038
All Other Home Furnishings Retailers,319,101062700.0,316810.97178683383,74043720.0,5.407523510971787,4,20,0.7326513144810103,1.2539184952978057,6.269592476489028
All Other Home Furnishings Stores,187,110304600.0,589864.1711229946,87815655.0,8.133689839572192,4,64,0.7961196087923804,2.1390374331550803,34.224598930481285
All Other Industrial Machinery Manufacturing,89,80246600.0,901647.1910112359,60375705.0,11.898876404494382,0,4,0.7523771100582455,0.0,4.49438202247191
All Other Information Services,61,31916800.0,523226.2295081967,23497285.0,8.688524590163935,1,27,0.7362042873972328,1.639344262295082,44.26229508196721
All Other Insurance Related Activities,133,56042500.0,421372.1804511278,41809645.0,7.12781954887218,5,31,0.746034616585627,3.7593984962406015,23.30827067669173
All Other Leather Good and Allied Product Manufacturing,12,7267500.0,605625.0,5853800.0,4.0,0,7,0.8054764361885105,0.0,58.333333333333336
All Other Legal Services,237,56386400.0,237917.29957805906,41796610.0,6.2025316455696204,7,39,0.7412533873416285,2.9535864978902953,16.455696202531644
All Other Metal Ore Mining,1,1458000.0,1458000.0,1093500.0,2.0,0,1,0.75,0.0,100.0
All Other Miscellaneous Ambulatory Health Care Services,209,66058100.0,316067.4641148325,49172405.0,13.602870813397129,9,42,0.7443811584044955,4.30622009569378,20.095693779904305
All Other Miscellaneous Chemical Product and Preparation Manufacturing,105,92436300.0,880345.7142857143,70339900.0,17.2,0,35,0.7609553822470176,0.0,33.333333333333336
All Other Miscellaneous Crop Farming,119,37446600.0,314677.3109243697,28182290.0,8.882352941176471,0,36,0.7525994349286718,0.0,30.252100840336134
All Other Miscellaneous Electrical Equipment and Component Manufacturing,144,124458000.0,864291.6666666666,94114650.0,21.083333333333332,1,42,0.7561960661427951,0.6944444444444444,29.166666666666668
All Other Miscellaneous Fabricated Metal Product Manufacturing,675,548547600.0,812663.1111111111,415088606.0,12.228148148148149,6,159,0.7567048073859042,0.8888888888888888,23.555555555555557
All Other Miscellaneous Food Manufacturing,251,155924300.0,621212.3505976095,119671290.0,15.195219123505977,13,44,0.7674960862418494,5.179282868525896,17.529880478087648
All Other Miscellaneous General Purpose Machinery Manufacturing,144,103648700.0,719782.6388888889,78128821.04,8.819444444444445,5,36,0.7537848621352704,3.4722222222222223,25.0
All Other Miscellaneous Manufacturing,561,365058200.0,650727.6292335116,277011057.6,12.219251336898395,10,124,0.7588134100261275,1.7825311942959001,22.10338680926916
All Other Miscellaneous Nonmetallic Mineral Product Manufacturing,24,27740900.0,1155870.8333333333,21879470.0,14.083333333333334,0,6,0.7887080087524198,0.0,25.0
All Other Miscellaneous Retailers,1275,438671700.0,344056.23529411765,321723535.0,4.844705882352941,34,69,0.733403898633078,2.6666666666666665,5.411764705882353
All Other Miscellaneous Schools and Instruction,617,235819200.0,382202.9173419773,180152200.2,11.66612641815235,14,130,0.7639420377984489,2.2690437601296596,21.06969205834684
All Other Miscellaneous Store Retailers (except Tobacco Stores),666,279489400.0,419653.7537537537,219190920.0,8.084084084084084,27,233,0.7842548590393769,4.054054054054054,34.98498498498498
All Other Miscellaneous Textile Product Mills,101,50100600.0,496045.54455445544,38847625.0,10.396039603960396,0,19,0.7753924104701341,0.0,18.81188118811881
All Other Miscellaneous Waste Management Services,277,129595900.0,467855.2346570397,98627350.0,9.227436823104693,1,78,0.7610375791209444,0.36101083032490977,28.15884476534296
All Other Miscellaneous Wood Product Manufacturing,298,192011500.0,644333.8926174496,141785325.0,12.808724832214764,5,74,0.7384210060334928,1.6778523489932886,24.83221476510067
All Other Motor Vehicle Dealers,4,7685000.0,1921250.0,5742500.0,8.5,0,1,0.747234873129473,0.0,25.0
All Other Motor Vehicle Parts Manufacturing,1,100000.0,100000.0,50000.0,0.0,0,0,0.5,0.0,0.0
All Other Nondepository Credit Intermediation,11,4966100.0,451463.63636363635,4284775.0,7.818181818181818,0,3,0.862804816656934,0.0,27.272727272727273
All Other Nonmetallic Mineral Mining,2,172000.0,86000.0,138500.0,1.0,1,0,0.8052325581395349,50.0,0.0
All Other Outpatient Care Centers,379,209627100.0,553105.8047493404,159482700.0,13.683377308707124,3,71,0.7607923784663337,0.7915567282321899,18.733509234828496
All Other Personal Services,2687,892710700.0,332233.23409006326,675364739.0,8.151842203200596,56,429,0.7565325911294667,2.084108671380722,15.965761071827316
All Other Petroleum and Coal Products Manufacturing,1,132500.0,132500.0,112625.0,1.0,0,0,0.85,0.0,0.0
All Other Pipeline Transportation,14,1118000.0,79857.14285714286,878350.0,2.4285714285714284,1,3,0.7856440071556351,7.142857142857143,21.428571428571427
All Other Plastics Product Manufacturing,355,389923100.0,1098374.9295774647,298321690.0,21.005633802816902,4,95,0.7650782679969461,1.1267605633802817,26.760563380281692
"All Other Professional, Scientific, and Technical Services",2858,1290524000.0,451547.9356193142,966577832.0,10.53778866340098,46,568,0.7489809038809042,1.609517144856543,19.8740377886634
All Other Publishers,65,27688700.0,425980.0,20677715.0,7.092307692307692,2,11,0.7467925543633324,3.076923076923077,16.923076923076923
All Other Rubber Product Manufacturing,48,32027400.0,667237.5,24444995.0,19.5625,0,14,0.7632525587465733,0.0,29.166666666666668
All Other Specialty Food Retailers,595,249559800.0,419428.23529411765,183381555.0,13.346218487394959,7,46,0.7348200912166142,1.1764705882352942,7.73109243697479
All Other Specialty Food Stores,405,143188600.0,353552.0987654321,113239500.0,13.155555555555555,10,134,0.7908415893444031,2.4691358024691357,33.08641975308642
All Other Specialty Trade Contractors,5684,2697800700.0,474630.66502463055,1995683898.45,10.112948627726952,73,1172,0.7397447478051289,1.2843068261787474,20.619282195636874
All Other Support Activities for Transportation,170,51490400.0,302884.70588235295,37793155.0,7.129411764705883,9,30,0.7339844903127574,5.294117647058823,17.647058823529413
All Other Support Services,339,154709300.0,456369.616519174,115048775.0,11.14749262536873,10,78,0.7436448552220196,2.949852507374631,23.008849557522122
All Other Telecommunications,217,144138400.0,664232.2580645161,111483060.0,12.391705069124423,6,52,0.773444550515338,2.7649769585253456,23.963133640552996
All Other Transit and Ground Passenger Transportation,284,71657200.0,252314.08450704225,51977190.0,11.830985915492958,16,54,0.7253589311332288,5.633802816901408,19.014084507042252
All Other Transportation Equipment Manufacturing,90,62450900.0,693898.8888888889,47677785.0,11.488888888888889,0,17,0.7634443218592526,0.0,18.88888888888889
All Other Travel Arrangement and Reservation Services,83,22077200.0,265990.3614457831,15475940.0,5.0120481927710845,4,14,0.7009919736198431,4.819277108433735,16.867469879518072
All Other Traveler Accommodation,169,120781100.0,714681.0650887574,91959160.0,6.745562130177515,1,30,0.7613704462039177,0.591715976331361,17.75147928994083
Alumina Refining and Primary Aluminum Production,5,538000.0,107600.0,404800.0,5.0,0,0,0.7524163568773234,0.0,0.0
Aluminum Foundries (except Die-Casting),3,2864000.0,954666.6666666666,2148000.0,7.666666666666667,0,0,0.75,0.0,0.0
"Aluminum Sheet, Plate, and Foil Manufacturing",14,15566500.0,1111892.857142857,11980625.0,17.428571428571427,0,3,0.7696415379179649,0.0,21.428571428571427
Ambulance Services,164,86198800.0,525602.4390243902,64419505.0,34.11585365853659,1,31,0.7473364478391811,0.6097560975609756,18.902439024390244
Ammunition (except Small Arms) Manufacturing,5,8461800.0,1692360.0,6813390.0,16.0,0,2,0.805193930369425,0.0,40.0
Amusement Arcades,351,200029000.0,569883.1908831908,150737925.0,15.578347578347579,12,43,0.753580355848402,3.4188034188034186,12.250712250712251
Amusement and Theme Parks,130,155393500.0,1195334.6153846155,117920685.0,26.915384615384614,3,23,0.7588521077136431,2.3076923076923075,17.692307692307693
Analytical Laboratory Instrument Manufacturing,29,38156900.0,1315755.1724137932,31605805.0,15.931034482758621,0,13,0.828311655296945,0.0,44.827586206896555
Animal (except Poultry) Slaughtering,66,45884500.0,695219.696969697,34099820.0,13.530303030303031,0,14,0.7431664287504495,0.0,21.21212121212121
Apiculture,32,7284500.0,227640.625,5591845.0,4.90625,1,7,0.7676360766010021,3.125,21.875
Apparel Accessories and Other Apparel Manufacturing,350,156225600.0,446358.85714285716,118127945.0,11.514285714285714,8,51,0.7561369263424176,2.2857142857142856,14.571428571428571
Apparel Knitting Mills,9,5257500.0,584166.6666666666,3923275.0,5.777777777777778,0,2,0.7462244412743699,0.0,22.22222222222222
Apple Orchards,9,3856500.0,428500.0,2979375.0,28.77777777777778,0,1,0.7725593154414625,0.0,11.11111111111111
Appliance Repair and Maintenance,327,69246100.0,211761.7737003058,52946300.0,6.042813455657492,16,35,0.764610570125971,4.892966360856269,10.703363914373089
Apprenticeship Training,5,932200.0,186440.0,699870.0,8.2,1,0,0.7507723664449689,20.0,0.0
Architectural Services,752,314660100.0,418430.9840425532,231292080.6,7.464095744680851,9,118,0.7350537313119776,1.196808510638298,15.691489361702128
Armored Car Services,1,900000.0,900000.0,810000.0,123.0,0,0,0.9,0.0,0.0
Art Dealers,193,63094000.0,326911.9170984456,47545260.0,3.9585492227979273,7,31,0.7535623038640759,3.626943005181347,16.06217616580311
Artificial and Synthetic Fibers and Filaments Manufacturing,2,2684100.0,1342050.0,2013075.0,19.5,0,0,0.75,0.0,0.0
Asphalt Paving Mixture and Block Manufacturing,61,32069700.0,525732.7868852459,22958600.0,13.934426229508198,1,16,0.7158969369841315,1.639344262295082,26.229508196721312
Asphalt Shingle and Coating Materials Manufacturing,4,4283000.0,1070750.0,3493500.0,5.0,0,0,0.8156665888395984,0.0,0.0
Assisted Living Facilities for the Elderly,1409,1742671800.0,1236814.6202980836,1338479892.33,14.095102909865153,5,289,0.7680619450719292,0.35486160397445,20.51100070972321
Audio and Video Equipment Manufacturing,109,59941100.0,549918.3486238532,47489570.0,8.082568807339449,6,19,0.7922705789516709,5.504587155963303,17.431192660550458
"Automatic Environmental Control Manufacturing for Residential, Commercial, and Appliance Use",11,3326000.0,302363.63636363635,2648650.0,5.090909090909091,0,3,0.7963469633193024,0.0,27.272727272727273
Automobile Driving Schools,120,29967100.0,249725.83333333334,22929785.0,9.483333333333333,0,19,0.7651652979434113,0.0,15.833333333333334
Automobile Manufacturing,2,1171700.0,585850.0,878775.0,4.0,1,0,0.75,50.0,0.0
Automobile and Light Duty Motor Vehicle Manufacturing,9,5378000.0,597555.5555555555,4011000.0,7.777777777777778,1,0,0.7458162885831164,11.11111111111111,0.0
Automobile and Other Motor Vehicle Merchant Wholesalers,250,182950000.0,731800.0,143722520.0,9.108,11,65,0.7855836020770702,4.4,26.0
"Automotive Body, Paint, and Interior Repair and Maintenance",1702,968450100.0,569007.1092831963,732615411.4,7.516451233842538,18,287,0.7564823540211313,1.0575793184488838,16.862514688601646
Automotive Exhaust System Repair,15,6518500.0,434566.6666666667,4981100.0,3.8,0,6,0.7641481936028227,0.0,40.0
Automotive Glass Replacement Shops,351,118873900.0,338672.0797720798,90297820.0,6.547008547008547,9,57,0.7596101415028866,2.5641025641025643,16.23931623931624
Automotive Oil Change and Lubrication Shops,395,290227100.0,734752.1518987342,223394556.9,12.118987341772153,5,98,0.7697232853169121,1.2658227848101267,24.810126582278482
Automotive Parts and Accessories Retailers,649,274248200.0,422570.4160246533,201432560.0,7.0878274268104775,4,41,0.7344899984758332,0.6163328197226502,6.317411402157165
Automotive Parts and Accessories Stores,371,194741400.0,524909.4339622641,155835150.0,7.590296495956873,7,131,0.8002158246782657,1.8867924528301887,35.309973045822105
Automotive Transmission Repair,51,19400900.0,380409.8039215686,15695340.0,5.392156862745098,2,17,0.8090006133736064,3.9215686274509802,33.333333333333336
Baked Goods Retailers,554,248717800.0,448949.0974729242,184989640.0,18.315884476534297,7,67,0.7437732241118247,1.263537906137184,12.093862815884476
Baked Goods Stores,184,97285400.0,528725.0,80769720.0,23.77173913043478,4,78,0.8302347525939144,2.1739130434782608,42.391304347826086
Ball and Roller Bearing Manufacturing,5,3990100.0,798020.0,2839075.0,8.2,0,0,0.7115297862208967,0.0,0.0
Barber Shops,851,146124300.0,171708.93066980023,107855125.0,9.681551116333726,19,115,0.7381053322411125,2.2326674500587544,13.513513513513514
Bare Printed Circuit Board Manufacturing,17,20952000.0,1232470.5882352942,15925500.0,15.117647058823529,0,4,0.760094501718213,0.0,23.529411764705884
Battery Manufacturing,14,13661900.0,975850.0,10549975.0,50.92857142857143,0,3,0.7722187250675235,0.0,21.428571428571427
Beauty Salons,4884,1010031300.0,206804.11547911548,756086365.0,9.33026208026208,127,755,0.7485771629057436,2.6003276003276,15.458640458640458
Bed-and-Breakfast Inns,232,247971800.0,1068843.9655172413,190791681.22,7.577586206896552,1,69,0.7694087844666208,0.43103448275862066,29.74137931034483
Beef Cattle Ranching and Farming,257,87002800.0,338532.29571984435,64008320.0,2.6108949416342413,3,111,0.7357041382576193,1.1673151750972763,43.190661478599225
Beer and Ale Merchant Wholesalers,103,63117900.0,612795.1456310679,49870185.0,10.922330097087379,1,17,0.790111600671125,0.970873786407767,16.50485436893204
"Beer, Wine, and Liquor Retailers",2258,1808297800.0,800840.4782993799,1345095567.0,5.274579273693534,10,223,0.743846266361658,0.4428697962798937,9.87599645704163
"Beer, Wine, and Liquor Stores",1621,1284602000.0,792475.0154225787,1027728192.9,5.484268969771746,15,581,0.8000362703000617,0.9253547193090684,35.84207279457125
Berry (except Strawberry) Farming,22,26958000.0,1225363.6363636365,21322363.0,7.909090909090909,0,9,0.7909475109429482,0.0,40.90909090909091
Biological Product (except Diagnostic) Manufacturing,7,1826900.0,260985.7142857143,1137775.0,5.0,0,0,0.6227899720838579,0.0,0.0
Biomass Electric Power Generation,3,3667000.0,1222333.3333333333,2750250.0,16.666666666666668,0,1,0.75,0.0,33.333333333333336
Bituminous Coal and Lignite Surface Mining,2,6000000.0,3000000.0,4500000.0,177.5,0,1,0.75,0.0,50.0
Blank Magnetic and Optical Recording Media Manufacturing,1,500000.0,500000.0,250000.0,10.0,0,1,0.5,0.0,100.0
Blind and Shade Manufacturing,67,33020200.0,492838.80597014923,24408550.0,11.388059701492537,1,12,0.7392005499663842,1.492537313432836,17.91044776119403
Blood and Organ Banks,10,9394600.0,939460.0,7103450.0,26.8,0,4,0.7561205373299555,0.0,40.0
Boat Building,69,46314300.0,671221.7391304348,36107470.0,14.927536231884059,3,17,0.779618174084462,4.3478260869565215,24.63768115942029
Boat Dealers,181,171556700.0,947827.0718232044,130147133.2,9.077348066298342,0,42,0.7586246016623076,0.0,23.204419889502763
"Bolt, Nut, Screw, Rivet, and Washer Manufacturing",39,30383200.0,779056.4102564103,21628575.0,14.974358974358974,0,13,0.71185967903315,0.0,33.333333333333336
Book Publishers,103,37177900.0,360950.4854368932,30042740.0,8.359223300970873,4,21,0.8080806070272931,3.883495145631068,20.388349514563107
Book Retailers and News Dealers,182,32640200.0,179341.75824175825,24335275.0,5.571428571428571,4,14,0.745561454893046,2.197802197802198,7.6923076923076925
Book Stores,67,26552200.0,396301.49253731343,20923315.0,9.104477611940299,1,27,0.7880068318256115,1.492537313432836,40.298507462686565
"Book, Periodical, and Newspaper Merchant Wholesalers",35,20493500.0,585528.5714285715,15465085.0,24.857142857142858,0,10,0.7546336643325933,0.0,28.571428571428573
Books Printing,18,10241400.0,568966.6666666666,7669250.0,10.444444444444445,0,1,0.7488478137754604,0.0,5.555555555555555
Bottled Water Manufacturing,47,31517600.0,670587.2340425532,23726105.0,18.851063829787233,2,9,0.752789076579435,4.25531914893617,19.148936170212767
Bowling Centers,245,202649300.0,827140.0,154070831.7,16.751020408163264,0,36,0.7602830688287597,0.0,14.693877551020408
Breakfast Cereal Manufacturing,11,14242000.0,1294727.2727272727,10719000.0,23.0,0,1,0.7526330571548939,0.0,9.090909090909092
Breweries,1182,694369800.0,587453.2994923858,531578545.0,15.336717428087987,7,251,0.7655553928180632,0.5922165820642978,21.235194585448394
"Brick, Stone, and Related Construction Material Merchant Wholesalers",180,124063100.0,689239.4444444445,93527170.0,8.061111111111112,5,30,0.7538677495564757,2.7777777777777777,16.666666666666668
Broadwoven Fabric Mills,3,567000.0,189000.0,433450.0,5.333333333333333,0,1,0.7644620811287478,0.0,33.333333333333336
Broilers and Other Meat Type Chicken Production,663,953251600.0,1437785.2187028658,730030727.1,2.4992458521870287,4,143,0.7658321550155279,0.6033182503770739,21.568627450980394
"Broom, Brush, and Mop Manufacturing",2,2308000.0,1154000.0,1643500.0,24.0,0,0,0.7120883882149047,0.0,0.0
Building Inspection Services,266,63118800.0,237288.72180451127,47318235.0,5.714285714285714,8,47,0.749669432878952,3.007518796992481,17.669172932330827
Burial Casket Manufacturing,7,3278100.0,468300.0,2487095.0,6.285714285714286,0,2,0.7587001616790214,0.0,28.571428571428573
Bus and Other Motor Vehicle Transit Systems,5,4251800.0,850360.0,3049650.0,19.4,0,2,0.7172609247847971,0.0,40.0
Business Associations,56,10911500.0,194848.2142857143,6685875.0,5.053571428571429,1,10,0.6127365623424827,1.7857142857142858,17.857142857142858
Business and Secretarial Schools,5,900000.0,180000.0,680000.0,2.8,0,0,0.7555555555555555,0.0,0.0
Business to Business Electronic Markets,31,17592900.0,567512.9032258064,15016170.0,7.451612903225806,0,11,0.8535358013744181,0.0,35.483870967741936
Cable and Other Subscription Programming,5,853100.0,170620.0,587325.0,4.4,1,3,0.688459735083812,20.0,60.0
"Cafeterias, Grill Buffets, and Buffets",144,101125800.0,702262.5,77745123.0,23.055555555555557,3,18,0.7687961232445133,2.0833333333333335,12.5
Cane Sugar Manufacturing,2,3688300.0,1844150.0,2778455.0,55.0,0,1,0.7533158907897948,0.0,50.0
"Capacitor, Resistor, Coil, Transformer, and Other Inductor Manufacturing",10,7251500.0,725150.0,6193335.0,14.7,0,2,0.8540763979866235,0.0,20.0
Car Washes,1638,2351082800.0,1435337.4847374847,1809773441.72,8.61050061050061,24,445,0.7697616782020608,1.465201465201465,27.167277167277167
Carbon and Graphite Product Manufacturing,7,4771000.0,681571.4285714285,3509625.0,6.0,0,4,0.7356162230140432,0.0,57.142857142857146
"Carburetor, Piston, Piston Ring, and Valve Manufacturing",1,200000.0,200000.0,100000.0,4.0,0,0,0.5,0.0,0.0
Carpet and Rug Mills,12,8317000.0,693083.3333333334,6087500.0,23.75,0,5,0.7319345917999278,0.0,41.666666666666664
Carpet and Upholstery Cleaning Services,457,148157000.0,324194.7483588621,112802545.0,8.065645514223196,8,86,0.7613716867917142,1.75054704595186,18.818380743982495
Casinos (except Casino Hotels),1,100000.0,100000.0,85000.0,11.0,0,0,0.85,0.0,0.0
Caterers,1068,485980700.0,455038.1086142322,363596365.3,12.796816479400748,29,179,0.7481703806344573,2.715355805243446,16.760299625468164
Cattle Feedlots,10,9323000.0,932300.0,6702700.0,2.7,0,5,0.7189424005148557,0.0,50.0
Cellular and Other Wireless Telecommunications,3,1175000.0,391666.6666666667,952500.0,3.3333333333333335,0,2,0.8106382978723404,0.0,66.66666666666667
Cement Manufacturing,12,18079400.0,1506616.6666666667,14330825.0,13.75,0,4,0.7926604312090003,0.0,33.333333333333336
Cemeteries and Crematories,103,59079200.0,573584.4660194175,43735255.0,7.757281553398058,0,26,0.740281774296199,0.0,25.24271844660194
Charter Bus Industry,64,33942700.0,530354.6875,24801410.0,17.6875,1,9,0.7306846538430944,1.5625,14.0625
Cheese Manufacturing,26,21029400.0,808823.0769230769,15914550.0,45.15384615384615,0,6,0.7567762275671203,0.0,23.076923076923077
Chicken Egg Production,222,301624200.0,1358667.5675675676,231893828.4,3.0135135135135136,0,62,0.7688170524778848,0.0,27.92792792792793
Child Care Services,3416,2539553000.0,743428.8641686182,1883971474.2,18.131440281030446,20,283,0.7418516070347814,0.585480093676815,8.284543325526933
Child Day Care Services,1490,1425592400.0,956773.4228187919,1140663214.15,19.791275167785233,14,544,0.8001327827996277,0.9395973154362416,36.51006711409396
Child and Youth Services,272,149796800.0,550723.5294117647,112526305.0,21.66176470588235,1,47,0.7511929827606464,0.36764705882352944,17.279411764705884
Children's and Infants' Clothing Stores,71,11939200.0,168157.74647887325,8916440.0,6.0,4,28,0.7468205574912892,5.633802816901408,39.436619718309856
Chocolate and Confectionery Manufacturing from Cacao Beans,57,22973200.0,403038.5964912281,17623065.0,12.87719298245614,1,7,0.7671140720491704,1.7543859649122806,12.280701754385966
Citrus (except Orange) Groves,3,738000.0,246000.0,566000.0,5.0,0,2,0.7669376693766937,0.0,66.66666666666667
Civic and Social Organizations,11,6262300.0,569300.0,4735225.0,11.909090909090908,1,1,0.7561479009309678,9.090909090909092,9.090909090909092
Claims Adjusting,104,55043000.0,529259.6153846154,40769095.0,7.951923076923077,2,19,0.7406771978271534,1.9230769230769231,18.26923076923077
Clay Building Material and Refractories Manufacturing,8,5523000.0,690375.0,3826525.0,10.75,0,3,0.6928345102299475,0.0,37.5
Clay and Ceramic and Refractory Minerals Mining,1,388000.0,388000.0,291000.0,4.0,0,0,0.75,0.0,0.0
Clothing Accessories Stores,115,26576300.0,231098.26086956522,20239620.0,5.104347826086957,6,39,0.7615665085056987,5.217391304347826,33.91304347826087
Clothing and Clothing Accessories Merchant Wholesalers,427,181573400.0,425230.4449648712,132596745.0,5.969555035128805,15,38,0.7302652536109364,3.51288056206089,8.899297423887587
Clothing and Clothing Accessories Retailers,1944,512090400.0,263420.987654321,373418648.8,5.992283950617284,44,134,0.7292045482594479,2.263374485596708,6.893004115226337
Coal and Other Mineral and Ore Merchant Wholesalers,7,4667500.0,666785.7142857143,3389375.0,6.285714285714286,0,3,0.7261649705409748,0.0,42.857142857142854
Coastal and Great Lakes Freight Transportation,12,5292200.0,441016.6666666667,4051650.0,19.583333333333332,1,2,0.7655889800083141,8.333333333333334,16.666666666666668
Coastal and Great Lakes Passenger Transportation,4,2122000.0,530500.0,1571000.0,12.5,0,1,0.7403393025447691,0.0,25.0
Coffee and Tea Manufacturing,320,89632700.0,280102.1875,66934685.0,9.34375,6,66,0.7467663587061418,1.875,20.625
Coin-Operated Laundries and Drycleaners,1006,775998900.0,771370.675944334,594373744.4,5.180914512922465,11,209,0.7659466326563091,1.0934393638170974,20.77534791252485
Collection Agencies,62,53087000.0,856241.9354838709,39748255.0,31.516129032258064,0,12,0.7487380149565807,0.0,19.35483870967742
"Colleges, Universities, and Professional Schools",28,34759600.0,1241414.2857142857,26259915.0,21.892857142857142,1,5,0.7554723011772287,3.5714285714285716,17.857142857142858
"Commercial Air, Rail, and Water Transportation Equipment Rental and Leasing",53,33605000.0,634056.6037735849,25353755.0,7.188679245283019,1,18,0.754463770272281,1.8867924528301887,33.9622641509434
Commercial Bakeries,332,170024800.0,512122.8915662651,127381824.0,15.400602409638553,8,57,0.74919555264879,2.4096385542168677,17.16867469879518
Commercial Lithographic Printing,2,1452000.0,726000.0,1038500.0,6.0,0,1,0.7152203856749312,0.0,50.0
Commercial Photography,174,45776100.0,263081.0344827586,33771360.0,7.568965517241379,4,31,0.737750922424584,2.2988505747126435,17.816091954022987
Commercial Printing (except Screen and Books),1048,654517700.0,624539.7900763359,494539360.06,11.698473282442748,5,193,0.7555782831541454,0.4770992366412214,18.416030534351144
Commercial Screen Printing,543,205418100.0,378302.2099447514,155444255.0,9.587476979742172,12,113,0.7567213161839196,2.2099447513812156,20.810313075506446
Commercial and Industrial Machinery and Equipment (except Automotive and Electronic) Repair and Maintenance,1052,521369200.0,495598.09885931556,390527203.6,8.598859315589353,17,232,0.749041569007145,1.6159695817490494,22.0532319391635
Commercial and Institutional Building Construction,2191,928380000.0,423724.3267914194,661559047.5,10.754906435417617,44,491,0.7125951092225167,2.008215426745778,22.409858512094935
Commercial and Service Industry Machinery Manufacturing,64,53301900.0,832842.1875,40142312.6,14.265625,0,10,0.7531122267686517,0.0,15.625
"Commercial, Industrial, and Institutional Electric Lighting Fixture Manufacturing",55,59097100.0,1074492.7272727273,45417430.0,9.581818181818182,0,6,0.7685221440645987,0.0,10.909090909090908
Commodity Contracts Brokerage,2,3100000.0,1550000.0,2300000.0,2.0,0,1,0.7419354838709677,0.0,50.0
Commodity Contracts Dealing,4,2626500.0,656625.0,2257950.0,5.75,0,4,0.8596801827527127,0.0,100.0
Commodity Contracts Intermediation,13,6400600.0,492353.8461538461,4406700.0,6.076923076923077,0,1,0.688482329781583,0.0,7.6923076923076925
Communication Equipment Repair and Maintenance,22,3427500.0,155795.45454545456,2573700.0,3.909090909090909,0,9,0.7508971553610503,0.0,40.90909090909091
Community Food Services,16,2370900.0,148181.25,1827200.0,10.5,1,2,0.7706778016786874,6.25,12.5
Compost Manufacturing,1,500000.0,500000.0,375000.0,17.0,0,0,0.75,0.0,0.0
Computer Facilities Management Services,166,92196800.0,555402.4096385542,67917321.0,13.506024096385541,2,38,0.7366559468441422,1.2048192771084338,22.89156626506024
Computer Storage Device Manufacturing,4,5002000.0,1250500.0,3707750.0,6.5,0,1,0.7412534986005598,0.0,25.0
Computer Systems Design Services,1284,546535300.0,425650.5451713396,397273700.0,10.075545171339565,27,285,0.7268948593073494,2.102803738317757,22.19626168224299
Computer Terminal and Other Computer Peripheral Equipment Manufacturing,34,17628700.0,518491.17647058825,13177150.0,10.470588235294118,1,6,0.7474827979374543,2.9411764705882355,17.647058823529413
Computer Training,74,27740800.0,374875.6756756757,20753585.0,9.567567567567568,2,19,0.7481249639520129,2.7027027027027026,25.675675675675677
Computer and Computer Peripheral Equipment and Software Merchant Wholesalers,161,73267600.0,455078.26086956525,55582665.0,6.031055900621118,2,30,0.758625436072698,1.2422360248447204,18.633540372670808
Computer and Office Machine Repair and Maintenance,50,20462400.0,409248.0,15395725.0,5.98,1,23,0.7523909707561185,2.0,46.0
Computer and Software Stores,2,125000.0,62500.0,62500.0,0.0,1,0,0.5,50.0,0.0
"Computing Infrastructure Providers, Data Processing, Web Hosting, and Related Services",448,228647500.0,510373.8839285714,165994675.0,9.71875,2,55,0.7259850862134946,0.44642857142857145,12.276785714285714
Concrete Block and Brick Manufacturing,18,11494800.0,638600.0,8783230.0,18.555555555555557,0,6,0.7641046386192017,0.0,33.333333333333336
Concrete Pipe Manufacturing,3,4820000.0,1606666.6666666667,3615000.0,49.0,0,0,0.75,0.0,0.0
Confectionery Manufacturing from Purchased Chocolate,52,28076400.0,539930.7692307692,20915155.0,18.01923076923077,1,9,0.7449372070493369,1.9230769230769231,17.307692307692307
Confectionery Merchant Wholesalers,83,39760500.0,479042.1686746988,29460175.0,10.903614457831326,1,15,0.7409407577872512,1.2048192771084338,18.072289156626507
Confectionery and Nut Retailers,121,34159600.0,282310.7438016529,24411990.0,10.355371900826446,6,5,0.7146450778112156,4.958677685950414,4.132231404958677
Confectionery and Nut Stores,57,21038500.0,369096.49122807017,16619335.0,12.140350877192983,3,23,0.7899486655417449,5.2631578947368425,40.35087719298246
Construction Machinery Manufacturing,55,52070500.0,946736.3636363636,40528010.0,19.69090909090909,0,14,0.778329572406641,0.0,25.454545454545453
Construction Sand and Gravel Mining,97,57502200.0,592806.1855670103,44376195.0,9.195876288659793,0,19,0.7717303859678413,0.0,19.587628865979383
Construction and Mining (except Oil Well) Machinery and Equipment Merchant Wholesalers,117,75224500.0,642944.4444444445,60140450.0,6.239316239316239,0,43,0.7994795578568152,0.0,36.75213675213675
"Construction, Mining, and Forestry Machinery and Equipment Rental and Leasing",162,145003800.0,895085.1851851852,110268875.0,11.716049382716049,1,52,0.7604550708326264,0.6172839506172839,32.098765432098766
Consumer Electronics Repair and Maintenance,66,24603100.0,372774.24242424243,18501385.0,6.909090909090909,1,27,0.7519940576594006,1.5151515151515151,40.90909090909091
Consumer Electronics and Appliances Rental,74,60762000.0,821108.1081081082,47372125.0,14.432432432432432,1,18,0.7796340640531911,1.3513513513513513,24.324324324324323
Consumer Lending,9,5440600.0,604511.1111111111,4763150.0,6.555555555555555,0,1,0.8754824835496084,0.0,11.11111111111111
Continuing Care Retirement Communities,53,42766600.0,806916.9811320754,33045415.0,17.830188679245282,2,11,0.7726921242277852,3.7735849056603774,20.754716981132077
Convenience Retailers,875,401735700.0,459126.5142857143,296788260.0,5.050285714285715,11,76,0.7387649641294015,1.2571428571428571,8.685714285714285
Convenience Stores,742,368256300.0,496302.2911051213,293950756.0,5.192722371967655,14,289,0.7982232917671741,1.8867924528301887,38.94878706199461
Convention and Trade Show Organizers,221,133244300.0,602915.3846153846,100242415.0,8.850678733031675,5,39,0.7523204744968452,2.262443438914027,17.647058823529413
Convention and Visitors Bureaus,2,1435000.0,717500.0,1283500.0,5.0,0,1,0.8944250871080139,0.0,50.0
Conveyor and Conveying Equipment Manufacturing,27,36084900.0,1336477.7777777778,27656175.0,17.11111111111111,0,3,0.7664196104187624,0.0,11.11111111111111
Cookie and Cracker Manufacturing,78,35583800.0,456202.5641025641,26211375.0,18.615384615384617,1,21,0.7366097774830119,1.2820512820512822,26.923076923076923
"Copper Rolling, Drawing, Extruding, and Alloying",4,2250000.0,562500.0,1677500.0,5.0,0,1,0.7455555555555555,0.0,25.0
Corn Farming,34,20190400.0,593835.2941176471,14863095.0,1.8235294117647058,0,14,0.736146634043902,0.0,41.1764705882353
"Corporate, Subsidiary, and Regional Managing Offices",7,3070500.0,438642.85714285716,2272875.0,12.428571428571429,0,1,0.7402296042989741,0.0,14.285714285714286
Corrugated and Solid Fiber Box Manufacturing,36,39186600.0,1088516.6666666667,30302040.0,19.13888888888889,0,13,0.7732755584817259,0.0,36.111111111111114
"Cosmetics, Beauty Supplies, and Perfume Retailers",659,266341200.0,404159.6358118361,199950525.0,5.543247344461305,26,39,0.7507307356128154,3.945371775417299,5.918057663125948
"Cosmetics, Beauty Supplies, and Perfume Stores",317,129319500.0,407947.94952681387,102399865.0,6.83596214511041,21,98,0.7918362273284385,6.624605678233438,30.914826498422713
Cosmetology and Barber Schools,163,98329200.0,603246.6257668711,74506190.95,12.226993865030675,3,17,0.7577219274640697,1.8404907975460123,10.429447852760736
Cotton Farming,3,579800.0,193266.66666666666,514320.0,2.6666666666666665,0,0,0.8870645050017247,0.0,0.0
Cotton Ginning,5,3398000.0,679600.0,2820500.0,13.8,0,2,0.8300470865214832,0.0,40.0
Couriers and Express Delivery Services,1060,541447500.0,510799.5283018868,410045450.0,15.540566037735848,42,186,0.7573134052701324,3.9622641509433962,17.547169811320753
Court Reporting and Stenotype Services,27,8615200.0,319081.48148148146,6318250.0,7.518518518518518,0,9,0.7333840189432631,0.0,33.333333333333336
Creamery Butter Manufacturing,7,6580000.0,940000.0,4837500.0,18.714285714285715,0,2,0.7351823708206687,0.0,28.571428571428573
Credit Bureaus,7,1372900.0,196128.57142857142,988950.0,2.4285714285714284,0,0,0.720336513948576,0.0,0.0
Credit Card Issuing,2,730000.0,365000.0,652000.0,4.5,0,1,0.8931506849315068,0.0,50.0
"Crop Harvesting, Primarily by Machine",29,10329700.0,356196.5517241379,7295605.0,7.586206896551724,1,6,0.7062746255941605,3.4482758620689653,20.689655172413794
Crude Petroleum Extraction,38,45788000.0,1204947.3684210526,35002200.0,5.605263157894737,0,14,0.7644404647505897,0.0,36.8421052631579
Crude Petroleum and Natural Gas Extraction,1,3709000.0,3709000.0,2781750.0,26.0,0,0,0.75,0.0,0.0
Crushed and Broken Granite Mining and Quarrying,5,2621200.0,524240.0,1928600.0,8.4,0,3,0.735769876392492,0.0,60.0
Crushed and Broken Limestone Mining and Quarrying,7,5513000.0,787571.4285714285,4123250.0,12.857142857142858,0,2,0.7479140214039542,0.0,28.571428571428573
Current-Carrying Wiring Device Manufacturing,22,16116100.0,732550.0,12498890.0,29.40909090909091,0,8,0.7755530184101612,0.0,36.36363636363637
Curtain and Drapery Mills,2,50000.0,25000.0,25000.0,9.5,0,0,0.5,0.0,0.0
Curtain and Linen Mills,16,16219900.0,1013743.75,11784925.0,10.6875,0,5,0.7265719887298935,0.0,31.25
Custom Architectural Woodwork and Millwork Manufacturing,132,93960000.0,711818.1818181818,72259235.0,11.530303030303031,2,28,0.7690425180928054,1.5151515151515151,21.21212121212121
Custom Compounding of Purchased Resins,7,9248000.0,1321142.857142857,6967250.0,21.0,0,4,0.7533791089965398,0.0,57.142857142857146
Custom Computer Programming Services,1718,773149500.0,450028.812572759,571629870.0,11.260186263096625,28,313,0.7393523115516468,1.6298020954598371,18.21885913853318
Custom Roll Forming,2,1085000.0,542500.0,813750.0,5.5,0,1,0.75,0.0,50.0
"Cut Stock, Resawing Lumber, and Planing",19,19103600.0,1005452.6315789474,14298700.0,13.31578947368421,0,3,0.7484819615151072,0.0,15.789473684210526
Cut Stone and Stone Product Manufacturing,235,186604000.0,794059.5744680851,139935750.0,13.519148936170213,2,35,0.7499075582516987,0.851063829787234,14.893617021276595
Cut and Sew Apparel Contractors,76,36861700.0,485022.36842105264,28759130.0,16.592105263157894,2,8,0.7801900075145748,2.6315789473684212,10.526315789473685
Cut and Sew Apparel Manufacturing (except Contractors),84,36182900.0,430748.8095238095,26858995.0,7.940476190476191,1,5,0.742311837912384,1.1904761904761905,5.9523809523809526
Cutting Tool and Machine Tool Accessory Manufacturing,62,22386800.0,361077.4193548387,16381375.0,6.612903225806452,0,15,0.7317425893830293,0.0,24.193548387096776
"Cyclic Crude, Intermediate, and Gum and Wood Chemical Manufacturing",1,4500000.0,4500000.0,3375000.0,90.0,0,0,0.75,0.0,0.0
Dairy Cattle and Milk Production,90,33913500.0,376816.6666666667,24376075.0,5.688888888888889,0,25,0.7187720229407168,0.0,27.77777777777778
Dairy Product (except Dried or Canned) Merchant Wholesalers,59,29521900.0,500371.18644067796,21665935.0,18.559322033898304,1,9,0.7338936518313524,1.694915254237288,15.254237288135593
Dance Companies,187,64832600.0,346698.39572192513,49809795.0,8.417112299465241,1,22,0.7682831631000453,0.5347593582887701,11.764705882352942
"Data Processing, Hosting, and Related Services",129,90159600.0,698911.6279069767,70256692.8,10.782945736434108,2,59,0.7792480534518786,1.550387596899225,45.736434108527135
Deep Sea Freight Transportation,12,8203700.0,683641.6666666666,6233225.0,7.416666666666667,3,3,0.7598065507027317,25.0,25.0
Deep Sea Passenger Transportation,12,9585500.0,798791.6666666666,8530575.0,4.083333333333333,0,1,0.8899457513953367,0.0,8.333333333333334
Dental Equipment and Supplies Manufacturing,42,25129200.0,598314.2857142857,18149185.0,11.238095238095237,3,7,0.7222348900880251,7.142857142857143,16.666666666666668
Dental Laboratories,221,102516100.0,463873.7556561086,77610305.0,8.95475113122172,4,37,0.7570547943201117,1.8099547511312217,16.742081447963802
Department Stores,80,17410900.0,217636.25,12869670.0,4.6875,3,7,0.739173161640122,3.75,8.75
Department Stores (except Discount Department Stores),4,2850600.0,712650.0,2050450.0,4.5,2,0,0.7193047077808181,50.0,0.0
Diagnostic Imaging Centers,170,142492700.0,838192.3529411765,105746375.0,15.129411764705882,2,32,0.742117841826283,1.1764705882352942,18.823529411764707
Diet and Weight Reducing Centers,153,42088400.0,275087.5816993464,31674330.0,6.117647058823529,1,13,0.7525667404795621,0.6535947712418301,8.49673202614379
Dimension Stone Mining and Quarrying,26,19976400.0,768323.0769230769,16991870.0,13.653846153846153,0,10,0.8505972047015479,0.0,38.46153846153846
Direct Health and Medical Insurance Carriers,29,11413000.0,393551.724137931,8154085.0,6.689655172413793,0,5,0.7144558836414615,0.0,17.24137931034483
Direct Life Insurance Carriers,7,384000.0,54857.142857142855,244500.0,2.5714285714285716,0,2,0.63671875,0.0,28.571428571428573
Direct Mail Advertising,50,35903000.0,718060.0,26728910.0,11.98,0,7,0.744475670556778,0.0,14.0
Direct Property and Casualty Insurance Carriers,66,18465100.0,279774.24242424243,13585505.0,4.106060606060606,0,26,0.7357395844051752,0.0,39.39393939393939
Direct Title Insurance Carriers,13,3751200.0,288553.8461538461,2731255.0,13.461538461538462,0,4,0.7281016741309447,0.0,30.76923076923077
Directory and Mailing List Publishers,6,4905000.0,817500.0,3518750.0,7.666666666666667,0,1,0.7173802242609582,0.0,16.666666666666668
Discount Department Stores,1,100000.0,100000.0,85000.0,2.0,0,0,0.85,0.0,0.0
Distilleries,259,188531900.0,727922.3938223938,143289738.5,11.355212355212355,2,48,0.7600291436091187,0.7722007722007722,18.53281853281853
Document Preparation Services,65,19379400.0,298144.6153846154,14708845.0,4.984615384615385,1,9,0.7589938284983023,1.5384615384615385,13.846153846153847
Dog and Cat Food Manufacturing,62,36165900.0,583320.9677419355,27024635.0,12.758064516129032,1,5,0.747240771002519,1.6129032258064515,8.064516129032258
"Doll, Toy, and Game Manufacturing",75,21962100.0,292828.0,16404865.0,3.7333333333333334,2,16,0.7469624944791254,2.6666666666666665,21.333333333333332
Drafting Services,86,22661600.0,263506.9767441861,16466705.0,7.023255813953488,1,10,0.7266347036396371,1.1627906976744187,11.627906976744185
Dried and Dehydrated Food Manufacturing,30,12513100.0,417103.3333333333,9286000.0,6.533333333333333,0,4,0.7421022768138991,0.0,13.333333333333334
Drilling Oil and Gas Wells,50,40152700.0,803054.0,29789065.0,18.52,0,13,0.741894442963985,0.0,26.0
Drinking Places (Alcoholic Beverages),2043,949510800.0,464762.99559471366,717885272.0,13.816935878609888,24,373,0.7560580374651873,1.1747430249632893,18.257464512971122
Drive-In Motion Picture Theaters,7,1108000.0,158285.7142857143,740775.0,5.571428571428571,0,1,0.6685694945848375,0.0,14.285714285714286
Drugs and Druggists' Sundries Merchant Wholesalers,226,149997000.0,663703.5398230088,114681200.0,7.54424778761062,14,56,0.7645566244658226,6.1946902654867255,24.778761061946902
"Dry Pasta, Dough, and Flour Mixes Manufacturing from Purchased Flour",25,16508100.0,660324.0,12367880.0,10.8,0,4,0.7492006954161896,0.0,16.0
Dry Pea and Bean Farming,1,50000.0,50000.0,42500.0,5.0,0,0,0.85,0.0,0.0
"Dry, Condensed, and Evaporated Dairy Product Manufacturing",8,6173000.0,771625.0,5289000.0,6.375,0,4,0.8567957233111939,0.0,50.0
Drycleaning and Laundry Services (except Coin-Operated),826,398285100.0,482185.35108958837,299648295.0,10.110169491525424,13,124,0.7523462338912502,1.5738498789346247,15.012106537530267
Drywall and Insulation Contractors,1008,338273300.0,335588.59126984124,245774263.0,10.930555555555555,37,218,0.7265553119326887,3.6706349206349205,21.626984126984127
Dual-Purpose Cattle Ranching and Farming,16,1191300.0,74456.25,906815.0,1.4375,0,11,0.7611978510870477,0.0,68.75
Educational Support Services,702,197443800.0,281258.9743589744,146674700.0,11.564102564102564,15,91,0.74286809714967,2.1367521367521367,12.962962962962964
Electric Bulk Power Transmission and Control,3,535000.0,178333.33333333334,267500.0,14.0,0,2,0.5,0.0,66.66666666666667
Electric Lamp Bulb and Other Lighting Equipment Manufacturing,20,15825800.0,791290.0,11725100.0,9.85,0,2,0.7408851369283069,0.0,10.0
Electric Lamp Bulb and Part Manufacturing,4,3086800.0,771700.0,2585100.0,42.0,0,0,0.8374692237916289,0.0,0.0
Electric Power Distribution,29,24187600.0,834055.1724137932,17952950.0,8.517241379310345,1,8,0.742237758190147,3.4482758620689653,27.586206896551722
"Electrical Apparatus and Equipment, Wiring Supplies, and Related Equipment Merchant Wholesalers",335,328874700.0,981715.5223880596,249108782.8,11.585074626865671,2,91,0.7574580312806063,0.5970149253731343,27.16417910447761
Electrical Contractors and Other Wiring Installation Contractors,4019,1578332800.0,392717.79049514805,1150606325.4,10.661358546902214,80,813,0.7290010860827324,1.9905449116695695,20.228912664842
Electromedical and Electrotherapeutic Apparatus Manufacturing,24,8767000.0,365291.6666666667,6663550.0,5.041666666666667,1,6,0.7600718603855366,4.166666666666667,25.0
Electronic Auctions,10,1818000.0,181800.0,1107750.0,3.5,1,1,0.6093234323432343,10.0,10.0
Electronic Computer Manufacturing,29,23820800.0,821406.8965517242,17822310.0,16.586206896551722,1,4,0.7481826806824288,3.4482758620689653,13.793103448275861
Electronic Connector Manufacturing,8,11000500.0,1375062.5,8721375.0,21.625,0,2,0.7928162356256534,0.0,25.0
Electronic Shopping,217,31677200.0,145977.8801843318,20302921.2,1.304147465437788,20,28,0.6409316858813279,9.216589861751151,12.903225806451612
Electronic Shopping and Mail-Order Houses,1208,489218000.0,404981.7880794702,379738500.5,4.182119205298013,79,437,0.7762153078995458,6.539735099337748,36.175496688741724
Electronic and Precision Equipment Repair and Maintenance,311,120964200.0,388952.4115755627,88578080.0,9.035369774919614,2,25,0.7322669021082271,0.6430868167202572,8.038585209003216
Electronics Stores,158,61273100.0,387804.43037974683,47267700.0,10.145569620253164,9,52,0.7714266129835116,5.69620253164557,32.91139240506329
Electronics and Appliance Retailers,455,192465300.0,423000.65934065933,142614480.0,6.158241758241759,15,34,0.740988011864996,3.2967032967032965,7.472527472527473
"Electroplating, Plating, Polishing, Anodizing, and Coloring",101,86518000.0,856613.8613861386,65728942.2,12.336633663366337,1,18,0.7597140733720151,0.9900990099009901,17.821782178217823
Elementary and Secondary Schools,344,312875200.0,909520.9302325582,240100918.0,18.558139534883722,6,66,0.767401564585496,1.744186046511628,19.186046511627907
Elevator and Moving Stairway Manufacturing,22,6157800.0,279900.0,4285630.0,7.954545454545454,0,1,0.6959677157426354,0.0,4.545454545454546
Emergency and Other Relief Services,25,10353000.0,414120.0,7430875.0,7.16,1,9,0.7177508934608327,4.0,36.0
Employment Placement Agencies,893,362086400.0,405471.89249720046,264492661.0,23.57222844344905,27,165,0.7304683661137231,3.0235162374020157,18.477043673012318
Engineered Wood Member (except Truss) Manufacturing,1,350000.0,350000.0,175000.0,0.0,0,0,0.5,0.0,0.0
Engineered Wood Member Manufacturing,6,975000.0,162500.0,558750.0,6.333333333333333,0,3,0.573076923076923,0.0,50.0
Engineering Services,1550,890970700.0,574819.8064516129,665071592.0,13.441290322580645,14,383,0.7464573099878593,0.9032258064516129,24.70967741935484
"Environment, Conservation and Wildlife Organizations",8,1304000.0,163000.0,923500.0,8.625,0,1,0.7082055214723927,0.0,12.5
Environmental Consulting Services,278,119970900.0,431550.0,88278060.0,9.607913669064748,0,62,0.7358289385175906,0.0,22.302158273381295
Exam Preparation and Tutoring,343,91938300.0,268041.6909620991,70020534.0,12.402332361516034,6,61,0.7616035319339165,1.749271137026239,17.784256559766764
Executive Offices,2,765000.0,382500.0,588250.0,4.5,0,0,0.7689542483660131,0.0,0.0
Executive Search Services,76,19233900.0,253077.63157894736,13678555.0,12.223684210526315,1,14,0.7111690816735036,1.3157894736842106,18.42105263157895
Exterminating and Pest Control Services,745,188344200.0,252811.0067114094,141534235.0,7.575838926174496,11,153,0.7514658534746491,1.476510067114094,20.536912751677853
Fabric Coating Mills,2,550000.0,275000.0,350000.0,6.5,0,0,0.6363636363636364,0.0,0.0
Fabricated Pipe and Pipe Fitting Manufacturing,27,23025800.0,852807.4074074074,17858215.0,14.037037037037036,0,7,0.7755741385749898,0.0,25.925925925925927
Fabricated Structural Metal Manufacturing,311,243403700.0,782648.5530546624,182720435.8,13.366559485530546,7,67,0.7506888177952924,2.2508038585209005,21.543408360128616
Facilities Support Services,146,62558200.0,428480.8219178082,46389715.0,17.075342465753426,4,29,0.7415449133766636,2.73972602739726,19.863013698630137
Family Clothing Stores,114,33805600.0,296540.350877193,26169485.0,5.394736842105263,8,47,0.7741168622950044,7.017543859649122,41.228070175438596
Family Planning Centers,28,14051800.0,501850.0,11076340.0,8.642857142857142,0,5,0.7882506155794987,0.0,17.857142857142858
Farm Labor Contractors and Crew Leaders,34,4382000.0,128882.35294117648,2691175.0,23.558823529411764,0,8,0.6141430853491556,0.0,23.529411764705884
Farm Machinery and Equipment Manufacturing,58,46477700.0,801339.6551724138,34297575.0,13.96551724137931,0,10,0.7379361500246354,0.0,17.24137931034483
Farm Management Services,65,24723600.0,380363.07692307694,17777350.0,17.50769230769231,0,14,0.7190437476742869,0.0,21.53846153846154
Farm Product Warehousing and Storage,4,3784100.0,946025.0,2836200.0,7.75,0,1,0.7495045056948813,0.0,25.0
Farm Supplies Merchant Wholesalers,167,102734600.0,615177.245508982,77929040.0,8.035928143712574,2,41,0.7585471691134243,1.1976047904191616,24.550898203592816
Farm and Garden Machinery and Equipment Merchant Wholesalers,105,89691500.0,854204.7619047619,70557170.0,10.561904761904762,0,29,0.7866650685962437,0.0,27.61904761904762
"Fastener, Button, Needle, and Pin Manufacturing",4,4727900.0,1181975.0,3458425.0,6.0,0,1,0.7314928403731044,0.0,25.0
Fats and Oils Refining and Blending,4,3493800.0,873450.0,3106600.0,16.75,0,1,0.8891751101952029,0.0,25.0
Fertilizer (Mixing Only) Manufacturing,22,7846500.0,356659.0909090909,6010045.0,4.545454545454546,0,5,0.7659523354361817,0.0,22.727272727272727
Fiber Optic Cable Manufacturing,15,3340000.0,222666.66666666666,2488150.0,11.0,0,0,0.7449550898203593,0.0,0.0
"Fiber, Yarn, and Thread Mills",16,5005900.0,312868.75,4073725.0,7.6875,1,1,0.8137847340138636,6.25,6.25
"Financial Transactions Processing, Reserve, and Clearinghouse Activities",102,81060500.0,794710.7843137255,62196450.0,7.676470588235294,4,20,0.7672843123346142,3.9215686274509802,19.607843137254903
Fine Arts Schools,610,166434600.0,272843.60655737703,125888910.0,8.50983606557377,7,84,0.7563866527753244,1.1475409836065573,13.770491803278688
Finfish Farming and Fish Hatcheries,18,8714900.0,484161.1111111111,6825460.0,10.88888888888889,0,7,0.7831942994182377,0.0,38.888888888888886
Finfish Fishing,53,9674800.0,182543.3962264151,7367715.0,4.735849056603773,2,18,0.7615366725927151,3.7735849056603774,33.9622641509434
Finish Carpentry Contractors,1177,314012900.0,266790.9090909091,228135975.0,5.731520815632965,34,252,0.7265178436936827,2.888700084961767,21.410365335598982
Fire Protection,40,18261900.0,456547.5,13440625.0,13.275,0,7,0.7359926951741057,0.0,17.5
Fish and Seafood Markets,41,12455000.0,303780.48780487804,9693550.0,5.2439024390243905,0,13,0.7782858289843436,0.0,31.70731707317073
Fish and Seafood Merchant Wholesalers,181,114833300.0,634438.1215469614,87695690.0,9.220994475138122,10,40,0.7636782187745192,5.524861878453039,22.099447513812155
Fish and Seafood Retailers,68,25565700.0,375966.17647058825,17803485.0,8.691176470588236,2,4,0.6963816754479635,2.9411764705882355,5.882352941176471
Fitness and Recreational Sports Centers,6515,2658725800.0,408092.98541826557,2006036095.9,10.24313123561013,127,1176,0.7545103357029146,1.9493476592478896,18.050652340752112
Flat Glass Manufacturing,28,42949600.0,1533914.2857142857,32280620.0,21.678571428571427,2,5,0.7515930299700113,7.142857142857143,17.857142857142858
Flavoring Syrup and Concentrate Manufacturing,18,10738400.0,596577.7777777778,7978140.0,4.0,0,6,0.7429542576175222,0.0,33.333333333333336
Flight Training,89,41517500.0,466488.76404494385,31821710.0,6.573033707865169,1,26,0.7664649846450292,1.1235955056179776,29.213483146067414
Floor Covering Retailers,253,153767600.0,607777.0750988142,112828015.0,7.150197628458498,4,24,0.7337567536984384,1.5810276679841897,9.486166007905139
Floor Covering Stores,185,113199400.0,611888.6486486486,88905761.7,7.102702702702703,4,69,0.7853907503043303,2.1621621621621623,37.2972972972973
Flooring Contractors,1220,398871400.0,326943.7704918033,293816803.0,6.531967213114754,38,230,0.7366203819075522,3.1147540983606556,18.852459016393443
Floriculture Production,27,16953900.0,627922.2222222222,12633275.0,18.555555555555557,1,7,0.745154507222527,3.7037037037037037,25.925925925925927
Florists,633,176868600.0,279413.2701421801,131560470.0,6.540284360189573,11,107,0.7438316920018591,1.7377567140600316,16.903633491311215
Flour Milling,3,5272500.0,1757500.0,4699250.0,3.3333333333333335,0,1,0.8912754860123281,0.0,33.333333333333336
"Flower, Nursery Stock, and Florists' Supplies Merchant Wholesalers",225,130595200.0,580423.1111111111,98314959.0,9.03111111111111,5,42,0.7528221481340815,2.2222222222222223,18.666666666666668
Fluid Milk Manufacturing,8,9394000.0,1174250.0,7780000.0,40.5,0,4,0.8281882052373856,0.0,50.0
Fluid Power Cylinder and Actuator Manufacturing,1,1244700.0,1244700.0,933525.0,2.0,0,0,0.75,0.0,0.0
Fluid Power Pump and Motor Manufacturing,16,16313000.0,1019562.5,12393150.0,14.375,0,2,0.7597100472016184,0.0,12.5
Fluid Power Valve and Hose Fitting Manufacturing,21,14288700.0,680414.2857142857,10830905.0,8.904761904761905,0,7,0.7580049269702632,0.0,33.333333333333336
Folding Paperboard Box Manufacturing,7,7047000.0,1006714.2857142857,5530250.0,18.0,0,3,0.7847665673336172,0.0,42.857142857142854
Food (Health) Supplement Retailers,256,65653500.0,256458.984375,49309045.0,5.640625,8,19,0.7510497536308042,3.125,7.421875
Food (Health) Supplement Stores,138,44596800.0,323165.2173913043,34671360.0,6.8768115942028984,12,50,0.7774405338499624,8.695652173913043,36.231884057971016
Food Product Machinery Manufacturing,45,29680300.0,659562.2222222222,22094535.0,11.066666666666666,0,10,0.7444175092569819,0.0,22.22222222222222
Food Service Contractors,384,155672300.0,405396.6145833333,117930090.0,12.950520833333334,6,74,0.757553463268674,1.5625,19.270833333333332
Footwear Manufacturing,31,5759700.0,185796.7741935484,4003400.0,4.483870967741935,0,3,0.6950709238328385,0.0,9.67741935483871
Footwear Merchant Wholesalers,50,39262700.0,785254.0,31029045.0,5.56,2,12,0.790293204491795,4.0,24.0
Footwear and Leather Goods Repair,29,9178500.0,316500.0,6824395.0,5.172413793103448,3,7,0.7435196382851228,10.344827586206897,24.137931034482758
Forest Nurseries and Gathering of Forest Products,16,12384400.0,774025.0,9372755.0,16.375,0,5,0.756819466425503,0.0,31.25
Formal Wear and Costume Rental,11,2055600.0,186872.72727272726,1522950.0,5.454545454545454,0,1,0.7408785755983655,0.0,9.090909090909092
Fossil Fuel Electric Power Generation,1,10000.0,10000.0,5000.0,0.0,0,0,0.5,0.0,0.0
Framing Contractors,259,68827000.0,265741.3127413127,47101860.0,9.691119691119692,9,51,0.6843514899676,3.474903474903475,19.69111969111969
Freestanding Ambulatory Surgical and Emergency Centers,162,203739200.0,1257649.3827160494,157820423.86,17.425925925925927,0,45,0.7746198270141437,0.0,27.77777777777778
Freight Transportation Arrangement,823,352009600.0,427715.18833535846,260076460.0,7.855407047387606,17,144,0.7388334295428306,2.0656136087484813,17.496962332928312
Fresh Fruit and Vegetable Merchant Wholesalers,181,123196300.0,680642.5414364641,92482645.0,10.154696132596685,5,34,0.7506933649793054,2.7624309392265194,18.784530386740332
"Frozen Cakes, Pies, and Other Pastries Manufacturing",46,28506900.0,619715.2173913043,22076375.0,23.23913043478261,0,8,0.774422157442584,0.0,17.391304347826086
"Frozen Fruit, Juice, and Vegetable Manufacturing",32,43956300.0,1373634.375,35417595.0,28.53125,0,0,0.805745592781922,0.0,0.0
Frozen Specialty Food Manufacturing,73,41317200.0,565989.0410958905,31517670.0,15.67123287671233,0,11,0.7628220208533008,0.0,15.068493150684931
Fruit and Tree Nut Combination Farming,4,335000.0,83750.0,275000.0,14.0,0,0,0.8208955223880597,0.0,0.0
Fruit and Vegetable Canning,49,13576900.0,277079.5918367347,10161075.0,8.061224489795919,1,10,0.7484090624516643,2.0408163265306123,20.408163265306122
Fruit and Vegetable Markets,39,37392400.0,958779.4871794871,28886050.0,12.384615384615385,1,14,0.7725112589724115,2.5641025641025643,35.8974358974359
Fruit and Vegetable Retailers,81,31468400.0,388498.76543209876,22749295.0,10.518518518518519,0,11,0.7229250613313674,0.0,13.580246913580247
Fuel Dealers,180,66770600.0,370947.77777777775,47938295.0,7.5,0,55,0.7179551329477345,0.0,30.555555555555557
Full-Service Restaurants,15956,8375254600.0,524896.8789170218,6329147246.43,21.254763098520932,296,2652,0.7556961010391254,1.8551015292053146,16.620706944096266
Funeral Homes and Funeral Services,850,872308900.0,1026245.7647058824,664346666.92,6.52,1,136,0.7615956536956117,0.11764705882352941,16.0
Fur-Bearing Animal and Rabbit Production,5,533100.0,106620.0,385375.0,2.8,0,0,0.722894391296192,0.0,0.0
Furniture Merchant Wholesalers,229,127283200.0,555821.8340611354,94821845.0,7.934497816593886,12,40,0.7449674819614843,5.240174672489083,17.467248908296945
Furniture Retailers,467,267821100.0,573492.7194860814,197477695.0,8.685224839400428,12,33,0.7373492790523226,2.569593147751606,7.0663811563169165
Furniture Stores,280,200542100.0,716221.7857142857,161329220.24,9.85,15,97,0.8044655971987927,5.357142857142857,34.642857142857146
"Gasket, Packing, and Sealing Device Manufacturing",28,39274200.0,1402650.0,30446030.0,22.678571428571427,0,3,0.7752170636193735,0.0,10.714285714285714
Gasoline Stations with Convenience Stores,3803,5902461200.0,1552053.957402051,4546960074.284,6.813042334998685,13,953,0.7703498456345635,0.3418353931107021,25.059163818038392
General Automotive Repair,5263,2514798900.0,477826.1257837735,1909934970.1,6.3786813604408135,70,880,0.7594782112001083,1.3300399011970359,16.720501615048452
"General Freight Trucking, Local",5521,1493029700.0,270427.40445571457,1123576967.0,6.834993660568737,253,1441,0.7525483029574026,4.582503169715631,26.10034414055425
"General Freight Trucking, Long-Distance, Less Than Truckload",440,77220400.0,175500.9090909091,56293649.9,4.543181818181818,33,94,0.7289997189861747,7.5,21.363636363636363
"General Freight Trucking, Long-Distance, Truckload",6600,1370170000.0,207601.51515151514,1004601511.25,4.539393939393939,341,1584,0.7331947942591065,5.166666666666667,24.0
General Line Grocery Merchant Wholesalers,440,305222000.0,693686.3636363636,231331660.0,11.465909090909092,11,81,0.7579127978979234,2.5,18.40909090909091
General Medical and Surgical Hospitals,85,59434900.0,699234.1176470588,44301400.0,13.058823529411764,0,15,0.7453768745299479,0.0,17.647058823529413
General Rental Centers,194,130129400.0,670770.1030927835,98057893.0,9.74742268041237,4,41,0.7535414210777888,2.0618556701030926,21.1340206185567
General Warehousing and Storage,264,233304900.0,883730.6818181818,177343300.0,12.856060606060606,2,52,0.7601353422067003,0.7575757575757576,19.696969696969695
Geophysical Surveying and Mapping Services,30,8161900.0,272063.3333333333,5902765.0,6.566666666666666,0,7,0.7232096693171933,0.0,23.333333333333332
Geothermal Electric Power Generation,1,150000.0,150000.0,127500.0,3.0,0,0,0.85,0.0,0.0
"Gift, Novelty, and Souvenir Retailers",414,111675400.0,269747.3429951691,82300190.0,6.265700483091788,12,28,0.7369589900730151,2.898550724637681,6.763285024154589
"Gift, Novelty, and Souvenir Stores",217,67216800.0,309754.8387096774,52529710.0,8.23963133640553,10,77,0.7814967389105104,4.608294930875576,35.483870967741936
Glass Container Manufacturing,8,7381000.0,922625.0,6275800.0,11.0,0,3,0.8502641918439235,0.0,37.5
Glass Product Manufacturing Made of Purchased Glass,85,52103000.0,612976.4705882353,39290200.0,12.51764705882353,0,14,0.7540870967122815,0.0,16.470588235294116
Glass and Glazing Contractors,601,331435700.0,551473.7104825291,245611211.04,10.178036605657239,14,110,0.7410523701580729,2.329450915141431,18.302828618968388
Goat Farming,13,4819900.0,370761.53846153844,3730225.0,2.4615384615384617,0,4,0.7739216581256873,0.0,30.76923076923077
Gold Ore and Silver Ore Mining,2,630600.0,315300.0,361010.0,1.5,0,0,0.5724865207738662,0.0,0.0
Golf Courses and Country Clubs,210,165044200.0,785924.7619047619,125321297.0,18.833333333333332,1,41,0.7593196065054089,0.47619047619047616,19.523809523809526
Grain and Field Bean Merchant Wholesalers,34,34692100.0,1020355.8823529412,25817995.0,10.5,0,12,0.7442038677393412,0.0,35.294117647058826
Grantmaking Foundations,1,25000.0,25000.0,12500.0,2.0,0,1,0.5,0.0,100.0
Grape Vineyards,26,15837200.0,609123.0769230769,12868500.0,9.115384615384615,0,8,0.8125489354178769,0.0,30.76923076923077
Graphic Design Services,464,101542900.0,218842.4568965517,74512830.0,3.997844827586207,11,78,0.7338064010383788,2.3706896551724137,16.810344827586206
Greeting Card Publishers,6,771500.0,128583.33333333333,577025.0,5.333333333333333,0,2,0.7479261179520414,0.0,33.333333333333336
Ground or Treated Mineral and Earth Manufacturing,5,5256600.0,1051320.0,3885580.0,5.2,0,0,0.7391812197998706,0.0,0.0
Guided Missile and Space Vehicle Propulsion Unit and Propulsion Unit Parts Manufacturing,2,2955000.0,1477500.0,2216250.0,56.0,0,0,0.75,0.0,0.0
Gypsum Product Manufacturing,5,852200.0,170440.0,649480.0,4.8,0,0,0.762121567707111,0.0,0.0
HMO Medical Centers,16,6080200.0,380012.5,4402650.0,6.875,0,3,0.7240962468339858,0.0,18.75
Hand and Edge Tool Manufacturing,1,40000.0,40000.0,20000.0,4.0,0,1,0.5,0.0,100.0
Hardware Manufacturing,60,49259900.0,820998.3333333334,36757625.0,14.8,2,19,0.7461977186311787,3.3333333333333335,31.666666666666668
Hardware Merchant Wholesalers,178,133933600.0,752435.9550561798,98819595.0,8.382022471910112,2,41,0.7378252731204119,1.1235955056179776,23.03370786516854
Hardware Retailers,407,334787800.0,822574.4471744471,246961805.0,11.852579852579852,0,34,0.7376666802075822,0.0,8.353808353808354
Hardware Stores,380,256420900.0,674791.8421052631,204214555.0,12.444736842105263,4,115,0.796403705782173,1.0526315789473684,30.263157894736842
Hardwood Veneer and Plywood Manufacturing,21,20731200.0,987200.0,14872775.0,10.19047619047619,0,6,0.7174102319209693,0.0,28.571428571428573
"Hat, Cap, and Millinery Manufacturing",1,25000.0,25000.0,12500.0,3.0,0,0,0.5,0.0,0.0
Hay Farming,51,12608200.0,247219.60784313726,9363440.0,2.803921568627451,0,17,0.7426468488761282,0.0,33.333333333333336
Hazardous Waste Collection,20,16078300.0,803915.0,12140020.0,6.8,0,1,0.755056193751827,0.0,5.0
Hazardous Waste Treatment and Disposal,32,15652100.0,489128.125,12310850.0,11.0,1,8,0.7865302419483647,3.125,25.0
Health and Welfare Funds,5,426000.0,85200.0,322600.0,10.2,0,3,0.7572769953051643,0.0,60.0
Heating Equipment (except Warm Air Furnaces) Manufacturing,9,4683000.0,520333.3333333333,3336000.0,7.0,0,1,0.712363869314542,0.0,11.11111111111111
Heating Oil Dealers,3,250000.0,83333.33333333333,125000.0,4.0,0,1,0.5,0.0,33.333333333333336
Heavy Duty Truck Manufacturing,16,3174400.0,198400.0,2092900.0,15.5,0,5,0.6593056955645161,0.0,31.25
"Highway, Street, and Bridge Construction",511,307371600.0,601509.9804305284,226641310.0,16.21917808219178,7,128,0.7373528003237775,1.36986301369863,25.048923679060664
"Hobby, Toy, and Game Retailers",533,128399100.0,240898.87429643527,93316795.0,5.846153846153846,9,31,0.7267714103915058,1.6885553470919326,5.816135084427767
"Hobby, Toy, and Game Stores",149,37745000.0,253322.1476510067,29523560.0,7.140939597315437,4,51,0.7821846602198966,2.684563758389262,34.22818791946309
Hog and Pig Farming,17,11104900.0,653229.4117647059,8459975.0,4.764705882352941,0,5,0.7618236093976533,0.0,29.41176470588235
Home Centers,105,88978000.0,847409.5238095238,66791665.0,12.723809523809523,1,16,0.7506537009148329,0.9523809523809523,15.238095238095237
Home Furnishing Merchant Wholesalers,238,121291700.0,509628.99159663863,90544400.0,6.53781512605042,6,38,0.7465012032975051,2.5210084033613445,15.966386554621849
Home Health Care Services,3051,1481129300.0,485456.99770567025,1109616265.0,34.388397246804324,58,519,0.7491690732200086,1.9010160603080957,17.010816125860373
Home Health Equipment Rental,42,21040300.0,500959.5238095238,15987394.66,6.4523809523809526,0,7,0.7598463263356511,0.0,16.666666666666668
Home and Garden Equipment Repair and Maintenance,112,34044900.0,303972.3214285714,25870740.0,8.410714285714286,3,10,0.7599006018522598,2.6785714285714284,8.928571428571429
Horses and Other Equine Production,99,42751000.0,431828.28282828286,32621165.0,3.797979797979798,5,18,0.7630503380037894,5.05050505050505,18.181818181818183
Hotels (except Casino Hotels) and Motels,5068,12585412800.0,2483309.55011839,9698023513.54,11.3318863456985,7,1401,0.7705765132741614,0.13812154696132597,27.6440410418311
Household Appliance Stores,77,53454100.0,694209.0909090909,42868535.0,7.077922077922078,1,28,0.8019690725313867,1.2987012987012987,36.36363636363637
"Household Appliances, Electric Housewares, and Consumer Electronics Merchant Wholesalers",200,97189800.0,485949.0,73775440.0,5.67,15,42,0.7590862415603283,7.5,21.0
Household Cooking Appliance Manufacturing,1,105000.0,105000.0,52500.0,6.0,0,0,0.5,0.0,0.0
Household Furniture (except Wood and Metal) Manufacturing,7,1431300.0,204471.42857142858,1124605.0,4.142857142857143,0,3,0.7857227695102355,0.0,42.857142857142854
Household Furniture (except Wood and Upholstered) Manufacturing,19,6438100.0,338847.36842105264,4606245.0,11.31578947368421,0,3,0.7154665196253553,0.0,15.789473684210526
Human Resources Consulting Services,228,52055800.0,228314.91228070174,36965190.0,7.5394736842105265,6,45,0.7101070389850891,2.6315789473684212,19.736842105263158
Human Rights Organizations,1,1323200.0,1323200.0,1190880.0,46.0,0,0,0.9,0.0,0.0
Hunting and Trapping,23,11429500.0,496934.7826086957,8800850.0,3.391304347826087,0,4,0.7700118115403124,0.0,17.391304347826086
Hydroelectric Power Generation,5,1195000.0,239000.0,846250.0,3.6,0,0,0.7081589958158996,0.0,0.0
Ice Cream and Frozen Dessert Manufacturing,180,65667600.0,364820.0,49588916.0,14.866666666666667,0,26,0.7551504242579293,0.0,14.444444444444445
Ice Manufacturing,31,13813300.0,445590.32258064515,10324035.0,7.838709677419355,0,9,0.747398159744594,0.0,29.032258064516128
In-Vitro Diagnostic Substance Manufacturing,4,4042000.0,1010500.0,2881500.0,8.0,0,1,0.712889658584859,0.0,25.0
"Independent Artists, Writers, and Performers",602,133162500.0,221200.16611295682,100399105.0,3.719269102990033,26,81,0.7539592978503707,4.318936877076412,13.455149501661129
Indoor and Outdoor Display Advertising,65,27268500.0,419515.3846153846,19563925.0,7.723076923076923,1,7,0.7174551222106094,1.5384615384615385,10.76923076923077
Industrial Building Construction,379,210431700.0,555228.7598944592,150642215.0,13.047493403693931,5,70,0.7158722521369166,1.3192612137203166,18.46965699208443
Industrial Design Services,82,39276600.0,478982.9268292683,29039255.0,6.670731707317073,1,20,0.7393525661589853,1.2195121951219512,24.390243902439025
Industrial Gas Manufacturing,9,7352700.0,816966.6666666666,5347350.0,8.555555555555555,0,1,0.7272634542412991,0.0,11.11111111111111
Industrial Launderers,27,29271500.0,1084129.6296296297,21545825.0,34.0,0,7,0.7360683600088823,0.0,25.925925925925927
Industrial Machinery and Equipment Merchant Wholesalers,503,393782000.0,782866.7992047714,293026070.0,8.868787276341948,6,151,0.7441327181029097,1.1928429423459244,30.019880715705764
Industrial Mold Manufacturing,70,54867900.0,783827.1428571428,42618077.5,12.442857142857143,0,23,0.7767397239551723,0.0,32.857142857142854
Industrial Process Furnace and Oven Manufacturing,13,21226000.0,1632769.2307692308,17404500.0,23.923076923076923,0,3,0.8199613681334212,0.0,23.076923076923077
Industrial Sand Mining,2,5321200.0,2660600.0,3990900.0,17.5,0,1,0.75,0.0,50.0
Industrial Supplies Merchant Wholesalers,311,221373400.0,711811.575562701,164917920.0,7.057877813504823,5,67,0.7449762256892652,1.607717041800643,21.543408360128616
"Industrial Truck, Tractor, Trailer, and Stacker Machinery Manufacturing",18,10980000.0,610000.0,8097675.0,11.277777777777779,1,4,0.7374931693989071,5.555555555555555,22.22222222222222
Industrial Valve Manufacturing,56,67707900.0,1209069.642857143,53883385.0,16.446428571428573,0,18,0.7958212409482498,0.0,32.142857142857146
Industrial and Commercial Fan and Blower and Air Purification Equipment Manufacturing,20,28677000.0,1433850.0,21688750.0,15.35,0,1,0.7563116783485023,0.0,5.0
Industrial and Personal Service Paper Merchant Wholesalers,94,73883900.0,785998.9361702128,58724218.8,8.72340425531915,2,24,0.7948175285820049,2.127659574468085,25.53191489361702
Inland Water Freight Transportation,32,13086700.0,408959.375,10296605.0,5.4375,1,9,0.7867991930738841,3.125,28.125
Inland Water Passenger Transportation,7,1959000.0,279857.14285714284,1332000.0,9.428571428571429,0,2,0.6799387442572741,0.0,28.571428571428573
Institutional Furniture Manufacturing,40,40334700.0,1008367.5,29797600.0,37.0,0,6,0.7387584387636452,0.0,15.0
Instrument Manufacturing for Measuring and Testing Electricity and Electrical Signals,17,8758400.0,515200.0,6557925.0,6.764705882352941,0,7,0.7487583348556814,0.0,41.1764705882353
"Instruments and Related Products Manufacturing for Measuring, Displaying, and Controlling Industrial Process Variables",52,42863100.0,824290.3846153846,32939180.0,9.923076923076923,0,9,0.7684740487738871,0.0,17.307692307692307
Insurance Agencies and Brokerages,4145,1976832800.0,476919.8552472859,1512620549.4,5.409650180940893,56,1064,0.7651737412491335,1.3510253317249699,25.669481302774425
Integrated Record Production/Distribution,1,100000.0,100000.0,50000.0,2.0,0,1,0.5,0.0,100.0
Interior Design Services,956,286952300.0,300159.30962343095,209542845.0,4.722803347280335,17,135,0.7302358092268297,1.7782426778242677,14.121338912133892
International Affairs,3,250000.0,83333.33333333333,186250.0,4.0,0,0,0.745,0.0,0.0
International Trade Financing,4,1930000.0,482500.0,1340000.0,5.75,0,2,0.694300518134715,0.0,50.0
"International, Secondary Market, and All Other Nondepository Credit Intermediation",4,1482600.0,370650.0,1056950.0,6.5,0,0,0.7129030082287873,0.0,0.0
Internet Publishing and Broadcasting and Web Search Portals,48,20986200.0,437212.5,16474325.0,5.5,1,23,0.7850075287569926,2.0833333333333335,47.916666666666664
Interurban and Rural Bus Transportation,12,6413200.0,534433.3333333334,4703635.0,4.75,1,2,0.7334302688205576,8.333333333333334,16.666666666666668
Investigation Services,26,8179300.0,314588.46153846156,6210305.0,13.923076923076923,1,10,0.7592709645079653,3.8461538461538463,38.46153846153846
Investigation and Personal Background Check Services,98,23516500.0,239964.2857142857,17220260.0,13.948979591836734,1,8,0.7322628792549912,1.0204081632653061,8.16326530612245
Investment Advice,478,361874500.0,757059.6234309623,282580920.0,3.4686192468619246,4,223,0.7808809960359185,0.8368200836820083,46.65271966527197
Investment Banking and Securities Dealing,16,15401000.0,962562.5,12143450.0,4.375,0,7,0.7884845139925979,0.0,43.75
Investment Banking and Securities Intermediation,28,17696900.0,632032.1428571428,12852950.0,4.392857142857143,0,8,0.7262825692635433,0.0,28.571428571428573
Iron Foundries,14,13896200.0,992585.7142857143,10107150.0,26.642857142857142,0,5,0.7273319324707473,0.0,35.714285714285715
Iron Ore Mining,1,10000.0,10000.0,7500.0,0.0,0,0,0.75,0.0,0.0
Iron and Steel Forging,65,56854500.0,874684.6153846154,44632775.0,16.753846153846155,0,17,0.7850350455988532,0.0,26.153846153846153
Iron and Steel Mills,1,150000.0,150000.0,75000.0,12.0,0,0,0.5,0.0,0.0
Iron and Steel Mills and Ferroalloy Manufacturing,39,25442600.0,652374.358974359,19017985.0,14.128205128205128,0,9,0.7474859094589389,0.0,23.076923076923077
Iron and Steel Pipe and Tube Manufacturing from Purchased Steel,81,63845000.0,788209.8765432099,49203620.0,15.382716049382717,0,21,0.7706730362596914,0.0,25.925925925925927
Irradiation Apparatus Manufacturing,3,6200000.0,2066666.6666666667,4650000.0,21.0,0,0,0.75,0.0,0.0
Janitorial Services,2814,738299400.0,262366.52452025586,550143065.0,15.460199004975124,82,439,0.7451490072997485,2.914001421464108,15.600568585643213
Jewelry (except Costume) Manufacturing,1,50000.0,50000.0,25000.0,5.0,1,0,0.5,100.0,0.0
Jewelry Retailers,457,152214300.0,333072.86652078776,111100750.0,5.25164113785558,2,29,0.7298969282123953,0.437636761487965,6.3457330415754925
Jewelry Stores,243,86506500.0,355993.8271604938,68715975.0,4.847736625514403,9,86,0.7943446446220804,3.7037037037037037,35.390946502057616
Jewelry and Silverware Manufacturing,106,48287700.0,455544.3396226415,37827062.5,13.90566037735849,3,17,0.7833684872130998,2.830188679245283,16.037735849056602
"Jewelry, Watch, Precious Stone, and Precious Metal Merchant Wholesalers",333,152587200.0,458219.8198198198,115761145.0,5.018018018018018,8,38,0.7586556736082712,2.4024024024024024,11.411411411411411
Junior Colleges,7,4775000.0,682142.8571428572,3528750.0,37.714285714285715,0,0,0.7390052356020942,0.0,0.0
Kidney Dialysis Centers,13,20501400.0,1577030.7692307692,15750625.0,13.0,0,1,0.7682707034641537,0.0,7.6923076923076925
Knit Fabric Mills,4,3430000.0,857500.0,2530000.0,7.5,0,1,0.7376093294460642,0.0,25.0
"Laminated Plastics Plate, Sheet (except Packaging), and Shape Manufacturing",6,4026000.0,671000.0,3019250.0,6.166666666666667,0,3,0.7499379036264282,0.0,50.0
Land Subdivision,22,8911500.0,405068.1818181818,6904625.0,5.818181818181818,1,7,0.774799416484318,4.545454545454546,31.818181818181817
Landscape Architectural Services,504,181767600.0,360650.0,134955550.0,11.337301587301587,3,115,0.7424620779500857,0.5952380952380952,22.817460317460316
Landscaping Services,5820,1760691400.0,302524.29553264607,1303865380.15,9.812199312714776,102,1273,0.7405416872883005,1.7525773195876289,21.872852233676976
Language Schools,27,18377800.0,680659.2592592592,14228730.0,12.74074074074074,1,7,0.7742346744441664,3.7037037037037037,25.925925925925927
Lawn and Garden Tractor and Home Lawn and Garden Equipment Manufacturing,19,7488000.0,394105.2631578947,5557250.0,6.2105263157894735,1,3,0.7421541132478633,5.2631578947368425,15.789473684210526
Leather and Hide Tanning and Finishing,14,5008000.0,357714.28571428574,3891760.0,5.642857142857143,1,4,0.7771086261980831,7.142857142857143,28.571428571428573
Legal Counsel and Prosecution,11,1645500.0,149590.9090909091,1276675.0,3.272727272727273,0,3,0.7758584017016105,0.0,27.272727272727273
Lessors of Miniwarehouses and Self-Storage Units,1023,1424869200.0,1392834.017595308,1094091899.3,3.6930596285434993,2,318,0.7678542699217584,0.19550342130987292,31.085043988269796
Lessors of Nonfinancial Intangible Assets (except Copyrighted Works),27,39757800.0,1472511.111111111,29962850.0,13.962962962962964,0,4,0.7536345069395188,0.0,14.814814814814815
Lessors of Nonresidential Buildings (except Miniwarehouses),893,924315000.0,1035067.1892497201,720447823.4,9.986562150055992,3,237,0.7794397184942362,0.335946248600224,26.539753639417693
Lessors of Other Real Estate Property,212,203452800.0,959683.0188679246,159412569.6,11.452830188679245,0,60,0.7835358844901619,0.0,28.30188679245283
Lessors of Residential Buildings and Dwellings,111,87035800.0,784106.3063063063,68420375.0,7.81981981981982,2,37,0.7861176090758056,1.8018018018018018,33.333333333333336
Libraries and Archives,8,4738700.0,592337.5,3622860.0,13.5,0,2,0.764526135860046,0.0,25.0
Limited-Service Restaurants,11669,5491186500.0,470579.0127688748,4173099616.09,19.115262661753363,222,2179,0.7599631912137751,1.9024766475276373,18.673408175507756
Limousine Service,338,79867600.0,236294.67455621302,59551965.0,6.994082840236686,18,43,0.7456335860849707,5.325443786982248,12.721893491124261
Line-Haul Railroads,2,160000.0,80000.0,132500.0,5.5,0,0,0.828125,0.0,0.0
Linen Supply,63,43933200.0,697352.380952381,33592323.0,20.58730158730159,1,12,0.7646227226789762,1.5873015873015872,19.047619047619047
Livestock Merchant Wholesalers,15,7010400.0,467360.0,5578550.0,8.4,1,2,0.7957534520141504,6.666666666666667,13.333333333333334
Local Messengers and Local Delivery,407,176706800.0,434169.0417690418,133710725.0,15.04914004914005,15,108,0.7566812652371047,3.6855036855036856,26.535626535626534
Locksmiths,150,54522600.0,363484.0,40859730.0,6.82,0,23,0.7494090523929526,0.0,15.333333333333334
Logging,313,60545400.0,193435.78274760384,44825135.0,3.4536741214057507,7,110,0.7403557495697444,2.236421725239617,35.14376996805112
Luggage Manufacturing,1,10000.0,10000.0,5000.0,1.0,0,0,0.5,0.0,0.0
Luggage and Leather Goods Retailers,18,5288200.0,293788.8888888889,3814175.0,4.666666666666667,1,1,0.7212614878408532,5.555555555555555,5.555555555555555
Luggage and Leather Goods Stores,12,2776800.0,231400.0,1857770.0,2.5833333333333335,1,6,0.6690326995102276,8.333333333333334,50.0
"Lumber, Plywood, Millwork, and Wood Panel Merchant Wholesalers",283,265787600.0,939178.7985865724,204330752.2,9.597173144876326,5,71,0.7687745861733203,1.7667844522968197,25.08833922261484
Machine Shops,1028,792536100.0,770949.513618677,603023921.0,11.88910505836576,10,211,0.7608788053944798,0.9727626459143969,20.525291828793776
Machine Tool Manufacturing,109,55061800.0,505154.128440367,39542995.0,8.302752293577981,0,31,0.7181565985855893,0.0,28.440366972477065
Mail-Order Houses,8,780200.0,97525.0,445900.0,1.0,0,1,0.571520123045373,0.0,12.5
Major Household Appliance Manufacturing,12,7824000.0,652000.0,5708200.0,22.25,0,2,0.7295756646216769,0.0,16.666666666666668
Malt Manufacturing,4,2561000.0,640250.0,2115250.0,6.5,0,2,0.82594689574385,0.0,50.0
Manufactured (Mobile) Home Dealers,23,16860400.0,733060.8695652174,12552200.0,9.26086956521739,0,4,0.7444781855709236,0.0,17.391304347826086
Manufactured Home (Mobile Home) Manufacturing,16,16807000.0,1050437.5,12560000.0,36.3125,1,0,0.7473076694234545,6.25,0.0
Manufacturing and Reproducing Magnetic and Optical Media,12,3695500.0,307958.3333333333,2465025.0,8.75,1,0,0.6670342308212691,8.333333333333334,0.0
Marinas,130,151624200.0,1166340.0,117030955.3,13.115384615384615,1,33,0.7718487899688836,0.7692307692307693,25.384615384615383
Marine Cargo Handling,11,9872500.0,897500.0,7561765.0,14.727272727272727,0,3,0.7659422638642694,0.0,27.272727272727273
Marketing Consulting Services,1779,464979000.0,261370.99494097807,338223370.0,6.6014614952220345,93,310,0.7273949361153944,5.227655986509275,17.425519955030918
Marketing Research and Public Opinion Polling,143,63034000.0,440797.2027972028,47260510.0,10.832167832167832,5,32,0.749762191832979,3.4965034965034967,22.377622377622377
Masonry Contractors,605,155873100.0,257641.48760330578,110950915.0,7.510743801652892,11,117,0.711802838334517,1.8181818181818181,19.33884297520661
Materials Recovery Facilities,48,31877000.0,664104.1666666666,24115000.0,14.0625,2,7,0.7565015528437431,4.166666666666667,14.583333333333334
Mattress Manufacturing,23,27965800.0,1215904.347826087,21485050.0,12.608695652173912,0,3,0.7682615909432235,0.0,13.043478260869565
"Mayonnaise, Dressing, and Other Prepared Sauce Manufacturing",45,11870300.0,263784.44444444444,8904585.0,7.066666666666666,1,3,0.7501566935966235,2.2222222222222223,6.666666666666667
"Measuring, Dispensing, and Other Pumping Equipment Manufacturing",22,23302300.0,1059195.4545454546,16560242.5,15.454545454545455,0,4,0.7106698694978607,0.0,18.181818181818183
Meat Markets,197,92334200.0,468701.5228426396,74523705.0,10.67005076142132,0,70,0.8071083628817924,0.0,35.53299492385787
Meat Processed from Carcasses,130,96710600.0,743927.6923076923,72806208.98,14.238461538461538,0,25,0.7528255328785056,0.0,19.23076923076923
Meat Retailers,209,106604100.0,510067.4641148325,78044460.0,9.507177033492823,2,20,0.732096232696491,0.9569377990430622,9.569377990430622
Meat and Meat Product Merchant Wholesalers,218,179548700.0,823617.8899082568,140376205.0,10.495412844036696,5,50,0.7818280221466376,2.293577981651376,22.93577981651376
Mechanical Power Transmission Equipment Manufacturing,10,8955000.0,895500.0,7337250.0,10.9,0,2,0.8193467336683417,0.0,20.0
Media Buying Agencies,19,6463000.0,340157.8947368421,4686250.0,15.894736842105264,0,2,0.7250889679715302,0.0,10.526315789473685
Media Representatives,76,13740800.0,180800.0,9748655.0,4.5131578947368425,2,10,0.7094677893572426,2.6315789473684212,13.157894736842104
"Media Streaming Distribution Services, Social Networks, and Other Media Networks and Content Providers",98,29262500.0,298596.9387755102,22087615.0,5.5,2,3,0.7548095685604442,2.0408163265306123,3.061224489795918
Medical Laboratories,294,147075100.0,500255.44217687077,110968320.0,12.285714285714286,6,59,0.7545010678218135,2.0408163265306123,20.068027210884352
"Medical, Dental, and Hospital Equipment and Supplies Merchant Wholesalers",626,341801100.0,546008.1469648562,255644371.98,7.253993610223642,23,126,0.7479331458558793,3.6741214057507987,20.12779552715655
Medicinal and Botanical Manufacturing,105,86095600.0,819958.0952380953,64655360.0,14.0,2,24,0.7509717105171461,1.9047619047619047,22.857142857142858
Men's Clothing Stores,66,12334800.0,186890.9090909091,9432265.0,5.136363636363637,3,30,0.7646873074553296,4.545454545454546,45.45454545454545
Men's and Boys' Clothing and Furnishings Merchant Wholesalers,49,21901500.0,446969.387755102,16794370.0,3.2653061224489797,7,15,0.7668136885601443,14.285714285714286,30.612244897959183
Men's and Boys' Cut and Sew Apparel Contractors,1,238000.0,238000.0,119000.0,0.0,1,0,0.5,100.0,0.0
Men’s and Boys’ Cut and Sew Apparel Manufacturing,6,5478000.0,913000.0,4888350.0,13.833333333333334,1,1,0.8923603504928806,16.666666666666668,16.666666666666668
Metal Can Manufacturing,2,700000.0,350000.0,350000.0,5.5,0,0,0.5,0.0,0.0
"Metal Coating, Engraving (except Jewelry and Silverware), and Allied Services to Manufacturers",156,83363400.0,534380.7692307692,62764145.0,12.416666666666666,5,30,0.7528980943675522,3.2051282051282053,19.23076923076923
"Metal Crown, Closure, and Other Metal Stamping (except Automotive)",26,25102500.0,965480.7692307692,19634980.0,17.884615384615383,0,5,0.7821922119310826,0.0,19.23076923076923
Metal Heat Treating,49,50256500.0,1025642.8571428572,39212065.0,14.63265306122449,0,12,0.7802386755942018,0.0,24.489795918367346
Metal Household Furniture Manufacturing,4,827500.0,206875.0,488750.0,1.75,0,1,0.5906344410876133,0.0,25.0
"Metal Kitchen Cookware, Utensil, Cutlery, and Flatware (except Precious) Manufacturing",26,24216200.0,931392.3076923077,18656660.0,20.26923076923077,0,4,0.770420627513813,0.0,15.384615384615385
Metal Service Centers and Other Metal Merchant Wholesalers,180,147417700.0,818987.2222222222,111524438.25,9.444444444444445,0,43,0.7565199989553493,0.0,23.88888888888889
Metal Stamping,1,150000.0,150000.0,75000.0,34.0,0,0,0.5,0.0,0.0
Metal Tank (Heavy Gauge) Manufacturing,17,20603700.0,1211982.3529411764,16259025.0,25.529411764705884,0,8,0.7891313210733994,0.0,47.05882352941177
Metal Window and Door Manufacturing,83,52730500.0,635307.2289156626,40074653.0,15.433734939759036,4,25,0.7599900057841287,4.819277108433735,30.120481927710845
"Military Armored Vehicle, Tank, and Tank Component Manufacturing",8,22864000.0,2858000.0,18086300.0,26.125,0,2,0.7910383135059482,0.0,25.0
Mineral Wool Manufacturing,2,330000.0,165000.0,240000.0,14.0,0,0,0.7272727272727273,0.0,0.0
Mining Machinery and Equipment Manufacturing,14,21967200.0,1569085.7142857143,16344300.0,19.857142857142858,0,5,0.7440320113623948,0.0,35.714285714285715
Miscellaneous Financial Investment Activities,157,77353600.0,492698.0891719745,58470590.0,6.471337579617835,2,34,0.7558871209614032,1.2738853503184713,21.656050955414013
Miscellaneous Intermediation,70,45522300.0,650318.5714285715,34150395.0,5.4714285714285715,0,20,0.7501904561061282,0.0,28.571428571428573
Mixed Mode Transit Systems,6,1420700.0,236783.33333333334,980350.0,22.5,0,0,0.6900471598507778,0.0,0.0
Mobile Food Services,1308,123021500.0,94053.13455657492,89075080.0,4.63302752293578,39,257,0.7240610787545266,2.981651376146789,19.648318042813457
Monetary Authorities-Central Bank,1,37000.0,37000.0,18500.0,2.0,0,0,0.5,0.0,0.0
Mortgage and Nonmortgage Loan Brokers,177,70340300.0,397402.8248587571,53006885.0,10.717514124293785,11,21,0.7535777498816468,6.214689265536723,11.864406779661017
Motion Picture Theaters (except Drive-Ins),46,34219200.0,743895.6521739131,26039235.0,22.76086956521739,0,5,0.7609539381399916,0.0,10.869565217391305
Motion Picture and Video Distribution,14,2381500.0,170107.14285714287,1748225.0,3.2142857142857144,0,2,0.7340856602981314,0.0,14.285714285714286
Motion Picture and Video Production,677,181761600.0,268480.94534711965,134866080.0,6.38109305760709,24,104,0.7419943486412972,3.5450516986706058,15.36189069423929
Motor Home Manufacturing,7,1212000.0,173142.85714285713,713450.0,5.0,0,1,0.5886551155115511,0.0,14.285714285714286
Motor Vehicle Body Manufacturing,38,42839500.0,1127355.2631578948,31636450.0,19.394736842105264,1,2,0.7384878441625136,2.6315789473684212,5.2631578947368425
Motor Vehicle Brake System Manufacturing,8,4192900.0,524112.5,3079675.0,7.125,0,0,0.7344976030909395,0.0,0.0
Motor Vehicle Electrical and Electronic Equipment Manufacturing,23,20537000.0,892913.0434782609,15032740.0,18.695652173913043,1,2,0.7319832497443638,4.3478260869565215,8.695652173913043
Motor Vehicle Gasoline Engine and Engine Parts Manufacturing,29,19700800.0,679337.9310344828,15818140.0,6.793103448275862,1,3,0.8029186632014944,3.4482758620689653,10.344827586206897
Motor Vehicle Metal Stamping,9,8294000.0,921555.5555555555,5118915.48,34.44444444444444,0,1,0.6171829611767543,0.0,11.11111111111111
Motor Vehicle Parts (Used) Merchant Wholesalers,98,56891300.0,580523.4693877551,42247150.0,8.857142857142858,3,22,0.7425942103625686,3.061224489795918,22.448979591836736
Motor Vehicle Seating and Interior Trim Manufacturing,9,2228400.0,247600.0,1714290.0,9.222222222222221,0,3,0.7692918686052773,0.0,33.333333333333336
Motor Vehicle Steering and Suspension Components (except Spring) Manufacturing,8,3929700.0,491212.5,3310760.0,5.0,0,2,0.8424968827136932,0.0,25.0
Motor Vehicle Supplies and New Parts Merchant Wholesalers,330,220899500.0,669392.4242424242,170379495.0,8.006060606060606,7,65,0.7712986901283163,2.121212121212121,19.696969696969695
Motor Vehicle Towing,729,347280300.0,476379.012345679,260406774.0,8.333333333333334,16,137,0.7498460868641268,2.1947873799725652,18.792866941015088
Motor Vehicle Transmission and Power Train Parts Manufacturing,20,18424500.0,921225.0,13685145.0,40.45,0,4,0.7427688675405031,0.0,20.0
Motor and Generator Manufacturing,28,24840700.0,887167.8571428572,19559485.0,18.321428571428573,0,5,0.7873966917196376,0.0,17.857142857142858
"Motorcycle, ATV, and All Other Motor Vehicle Dealers",338,282343500.0,835335.7988165681,216669186.5,10.8698224852071,4,60,0.7673956953143954,1.183431952662722,17.75147928994083
"Motorcycle, ATV, and Personal Watercraft Dealers",1,245000.0,245000.0,122500.0,0.0,0,0,0.5,0.0,0.0
"Motorcycle, Bicycle, and Parts Manufacturing",64,29225200.0,456643.75,22681605.0,7.859375,1,12,0.7760975117364466,1.5625,18.75
Museums,20,15497500.0,774875.0,11848625.0,13.4,0,2,0.7645507339893531,0.0,10.0
Mushroom Production,43,18606000.0,432697.67441860464,13755045.0,8.767441860465116,0,8,0.7392800709448565,0.0,18.6046511627907
Music Publishers,28,2942800.0,105100.0,2016190.0,2.75,1,5,0.6851264102215577,3.5714285714285716,17.857142857142858
Musical Groups and Artists,101,15270000.0,151188.1188118812,11109200.0,5.881188118811881,4,14,0.7275180091683039,3.9603960396039604,13.861386138613861
Musical Instrument Manufacturing,38,13659500.0,359460.5263157895,10078830.0,7.421052631578948,0,8,0.7378622936417878,0.0,21.05263157894737
Musical Instrument and Supplies Retailers,134,46790500.0,349182.8358208955,34208790.0,7.0,1,17,0.7311054594415533,0.746268656716418,12.686567164179104
Musical Instrument and Supplies Stores,85,28660900.0,337187.0588235294,22308570.0,6.8352941176470585,2,35,0.778362507806803,2.3529411764705883,41.1764705882353
Nail Salons,1421,332154500.0,233747.00914848698,249603330.0,10.209711470795215,27,219,0.7514675550082868,1.900070372976777,15.411681914144967
Narrow Fabric Mills and Schiffli Machine Embroidery,16,2375300.0,148456.25,1849905.0,10.9375,0,6,0.7788089925483097,0.0,37.5
National Security,1,124000.0,124000.0,111600.0,2.0,0,1,0.9,0.0,100.0
Natural Gas Distribution,23,16064500.0,698456.5217391305,12613551.0,7.130434782608695,0,4,0.7851816738771826,0.0,17.391304347826086
Natural Gas Extraction,9,1794400.0,199377.77777777778,1422060.0,5.777777777777778,0,4,0.7924988854213108,0.0,44.44444444444444
Nature Parks and Other Similar Institutions,5,892500.0,178500.0,521250.0,6.8,0,2,0.5840336134453782,0.0,40.0
Navigational Services to Shipping,22,28843900.0,1311086.3636363635,20975570.0,18.227272727272727,1,5,0.7272099126678431,4.545454545454546,22.727272727272727
New Car Dealers,197,402793400.0,2044636.5482233502,306331419.39,28.502538071065988,2,31,0.7605174746904989,1.015228426395939,15.736040609137056
New Housing For-Sale Builders,66,42220000.0,639696.9696969697,31557830.0,5.287878787878788,4,17,0.7474616295594505,6.0606060606060606,25.757575757575758
New Multifamily Housing Construction (except For-Sale Builders),169,75857300.0,448859.76331360947,57589110.0,9.662721893491124,8,32,0.7591769018934236,4.733727810650888,18.93491124260355
New Single-Family Housing Construction (except For-Sale Builders),2203,717605500.0,325740.1270994099,524009550.0,6.396731729459828,54,407,0.7302195286964773,2.451202905129369,18.474807081252838
News Dealers and Newsstands,11,1129500.0,102681.81818181818,844700.0,8.454545454545455,1,1,0.7478530323151837,9.090909090909092,9.090909090909092
News Syndicates,7,7257000.0,1036714.2857142857,6176300.0,6.428571428571429,0,1,0.8510817142069725,0.0,14.285714285714286
Newspaper Publishers,53,21575600.0,407086.7924528302,16529130.0,8.245283018867925,0,3,0.7661029125493614,0.0,5.660377358490566
Newsprint Mills,1,61000.0,61000.0,51850.0,0.0,0,0,0.85,0.0,0.0
Nitrogenous Fertilizer Manufacturing,17,14745600.0,867388.2352941176,12671825.0,11.0,0,6,0.8593631320529513,0.0,35.294117647058826
Nonchocolate Confectionery Manufacturing,45,20238900.0,449753.3333333333,14879085.0,16.31111111111111,0,11,0.7351726131360894,0.0,24.444444444444443
Noncurrent-Carrying Wiring Device Manufacturing,7,9574800.0,1367828.5714285714,7181100.0,8.0,0,1,0.75,0.0,14.285714285714286
Nonferrous Forging,2,2345000.0,1172500.0,1758750.0,30.0,0,1,0.75,0.0,50.0
Nonferrous Metal (except Aluminum) Smelting and Refining,6,7108000.0,1184666.6666666667,5266450.0,14.166666666666666,0,2,0.7409186831738885,0.0,33.333333333333336
"Nonferrous Metal (except Copper and Aluminum) Rolling, Drawing, and Extruding",8,4892300.0,611537.5,4151150.0,4.375,0,5,0.8485068372749014,0.0,62.5
Nonferrous Metal Die-Casting Foundries,16,15417600.0,963600.0,11401350.0,19.8125,0,1,0.7395022571606475,0.0,6.25
Nonresidential Property Managers,211,85115000.0,403388.6255924171,63275805.0,8.251184834123222,2,34,0.7434154379369089,0.9478672985781991,16.113744075829384
Nonscheduled Chartered Freight Air Transportation,6,1361800.0,226966.66666666666,808400.0,10.833333333333334,0,1,0.5936260831252753,0.0,16.666666666666668
Nonscheduled Chartered Passenger Air Transportation,35,40536300.0,1158180.0,32033490.0,15.771428571428572,2,10,0.790242079321497,5.714285714285714,28.571428571428573
Nonupholstered Wood Household Furniture Manufacturing,112,41522800.0,370739.28571428574,30781835.93,6.616071428571429,2,21,0.741323704807961,1.7857142857142858,18.75
Nonwoven Fabric Mills,6,5193000.0,865500.0,4379700.0,16.166666666666668,0,1,0.8433853264009243,0.0,16.666666666666668
Nuclear Electric Power Generation,1,80000.0,80000.0,40000.0,2.0,0,0,0.5,0.0,0.0
Nursery and Tree Production,140,81280400.0,580574.2857142857,61001275.0,15.8,2,33,0.7505041190742171,1.4285714285714286,23.571428571428573
"Nursery, Garden Center, and Farm Supply Retailers",279,133969000.0,480175.62724014337,97124840.0,9.308243727598565,3,35,0.7249799580499966,1.075268817204301,12.544802867383513
"Nursery, Garden Center, and Farm Supply Stores",198,104227600.0,526402.0202020202,82034280.0,10.717171717171718,7,70,0.7870686843024305,3.5353535353535355,35.35353535353536
Nursing Care Facilities (Skilled Nursing Facilities),349,371857600.0,1065494.5558739256,282055692.24,23.664756446991404,1,74,0.7585045787419701,0.28653295128939826,21.20343839541547
Office Administrative Services,236,136403800.0,577982.2033898305,101981426.45,11.14406779661017,3,45,0.7476435880085452,1.271186440677966,19.06779661016949
Office Equipment Merchant Wholesalers,91,72354800.0,795107.6923076923,55617395.0,10.142857142857142,1,16,0.7686759551543229,1.098901098901099,17.582417582417584
Office Furniture (except Wood) Manufacturing,15,14241900.0,949460.0,11510615.0,12.733333333333333,0,4,0.8082218664644465,0.0,26.666666666666668
Office Machinery and Equipment Rental and Leasing,50,45709600.0,914192.0,34666060.0,10.02,0,8,0.7583977982743231,0.0,16.0
Office Supplies (except Paper) Manufacturing,6,1710900.0,285150.0,1223275.0,3.1666666666666665,1,1,0.7149891869776142,16.666666666666668,16.666666666666668
Office Supplies and Stationery Retailers,76,42101800.0,553971.052631579,32133520.0,10.776315789473685,1,3,0.7632338759862999,1.3157894736842106,3.9473684210526314
Office Supplies and Stationery Stores,70,25173600.0,359622.85714285716,19095980.0,7.314285714285714,4,25,0.75857167826612,5.714285714285714,35.714285714285715
Offices of All Other Miscellaneous Health Practitioners,2383,816577900.0,342668.0234997902,616136435.0,7.919429290809903,33,348,0.7545347908631864,1.384809064204784,14.603441040704993
Offices of Bank Holding Companies,2,962000.0,481000.0,705500.0,11.0,0,2,0.7333679833679834,0.0,100.0
Offices of Certified Public Accountants,1991,960866700.0,482605.07282772474,724732151.8,6.2677046710195885,15,455,0.7542483799261646,0.7533902561526871,22.852837769964843
Offices of Chiropractors,2908,772999500.0,265818.2599724897,586273170.0,4.931568088033012,38,455,0.7584392616036622,1.3067400275103163,15.646492434663
Offices of Dentists,3955,3605278400.0,911574.816687737,2779002535.5,8.23109987357775,17,870,0.770814962722435,0.42983565107458915,21.99747155499368
Offices of Lawyers,3029,1063655600.0,351157.3456586332,787556279.0,5.747771541762958,41,614,0.7404241363463888,1.3535820402773193,20.270716408055463
Offices of Mental Health Practitioners (except Physicians),2051,510397500.0,248852.99853729887,376227573.8,12.248171623598244,17,267,0.7371265999539575,0.8288639687957094,13.018039980497319
Offices of Notaries,12,1455500.0,121291.66666666667,1068525.0,7.75,0,1,0.7341291652353144,0.0,8.333333333333334
Offices of Optometrists,700,378906000.0,541294.2857142857,290420473.58,7.43,5,135,0.7664710339239811,0.7142857142857143,19.285714285714285
Offices of Other Holding Companies,202,207868400.0,1029051.4851485149,157476053.0,14.529702970297029,0,41,0.7575757209850078,0.0,20.297029702970296
"Offices of Physical, Occupational and Speech Therapists, and Audiologists",1865,606193100.0,325036.5147453083,454512081.0,11.90455764075067,16,331,0.7497810202722531,0.8579088471849866,17.74798927613941
Offices of Physicians (except Mental Health Specialists),3850,2328141100.0,604711.974025974,1748937773.07,8.881818181818181,38,725,0.7512163988127695,0.987012987012987,18.83116883116883
"Offices of Physicians, Mental Health Specialists",571,215925100.0,378152.5394045534,162127495.69,11.273204903677758,7,99,0.7508506222296528,1.2259194395796849,17.33800350262697
Offices of Podiatrists,244,94499500.0,387293.0327868852,71579310.0,5.987704918032787,5,43,0.7574570235821354,2.0491803278688523,17.62295081967213
Offices of Real Estate Agents and Brokers,1817,461849800.0,254182.60869565216,343861985.0,5.2476609796367635,51,317,0.7445320643204782,2.8068244358833243,17.446340121078702
Offices of Real Estate Appraisers,129,27275600.0,211438.75968992247,19855205.0,4.651162790697675,8,19,0.727947506196014,6.2015503875969,14.728682170542635
Oil and Gas Field Machinery and Equipment Manufacturing,36,48030900.0,1334191.6666666667,38412704.0,18.86111111111111,2,3,0.7997498277150751,5.555555555555555,8.333333333333334
Oil and Gas Pipeline and Related Structures Construction,48,34607000.0,720979.1666666666,24583200.0,24.125,2,14,0.7103533967116479,4.166666666666667,29.166666666666668
Oilseed (except Soybean) Farming,49,18743000.0,382510.20408163266,14037150.0,48.91836734693877,0,1,0.7489275996371979,0.0,2.0408163265306123
Oilseed and Grain Combination Farming,20,15190500.0,759525.0,12720120.0,4.0,0,11,0.8373733583489681,0.0,55.0
One-Hour Photofinishing,3,464800.0,154933.33333333334,349850.0,2.3333333333333335,0,0,0.7526893287435457,0.0,0.0
Open-End Investment Funds,2,777500.0,388750.0,508125.0,2.5,0,0,0.6535369774919614,0.0,0.0
Ophthalmic Goods Manufacturing,22,16236700.0,738031.8181818182,11574795.0,12.5,2,1,0.7128785405901445,9.090909090909092,4.545454545454546
Ophthalmic Goods Merchant Wholesalers,30,19254300.0,641810.0,14414685.0,6.066666666666666,6,6,0.7486475748274412,20.0,20.0
Optical Goods Retailers,83,30295100.0,365001.2048192771,23161870.0,5.506024096385542,2,11,0.7645417905865965,2.4096385542168677,13.25301204819277
Optical Goods Stores,87,35959300.0,413325.2873563218,28264305.0,5.689655172413793,3,20,0.7860082092810483,3.4482758620689653,22.988505747126435
Optical Instrument and Lens Manufacturing,7,6375800.0,910828.5714285715,4898850.0,5.428571428571429,0,4,0.7683506383512657,0.0,57.142857142857146
Ornamental and Architectural Metal Work Manufacturing,143,100405800.0,702138.4615384615,76719112.9,8.874125874125873,2,34,0.7640904499540864,1.3986013986013985,23.776223776223777
Other Accounting Services,1654,500180400.0,302406.52962515113,375189029.6,5.980048367593712,21,268,0.7501074204427043,1.2696493349455864,16.203143893591292
Other Activities Related to Credit Intermediation,23,17299800.0,752165.2173913043,13511717.5,14.391304347826088,1,5,0.7810331622330894,4.3478260869565215,21.73913043478261
Other Activities Related to Real Estate,903,423551700.0,469049.5016611296,316498505.0,7.157253599114064,27,163,0.74724881283678,2.990033222591362,18.05094130675526
Other Aircraft Parts and Auxiliary Equipment Manufacturing,66,77693100.0,1177168.1818181819,59794515.0,30.227272727272727,1,16,0.7696245226410068,1.5151515151515151,24.242424242424242
Other Airport Operations,39,45180700.0,1158479.4871794872,35000395.0,24.923076923076923,0,7,0.7746758018357396,0.0,17.94871794871795
"Other Aluminum Rolling, Drawing, and Extruding",6,6911100.0,1151850.0,5089575.0,28.333333333333332,0,3,0.7364348656509094,0.0,50.0
Other Animal Food Manufacturing,57,29348900.0,514892.98245614034,22193675.0,6.684210526315789,0,17,0.7562012545614998,0.0,29.82456140350877
Other Apparel Accessories and Other Apparel Manufacturing,1,25000.0,25000.0,12500.0,0.0,0,0,0.5,0.0,0.0
Other Apparel Knitting Mills,4,1430700.0,357675.0,1031355.0,4.75,0,3,0.7208743971482491,0.0,75.0
Other Aquaculture,11,1496900.0,136081.81818181818,1136510.0,4.545454545454546,0,0,0.759242434364353,0.0,0.0
Other Automotive Mechanical and Electrical Repair and Maintenance,124,43655600.0,352061.29032258067,35050830.0,5.07258064516129,3,36,0.8028942449536829,2.4193548387096775,29.032258064516128
Other Basic Inorganic Chemical Manufacturing,14,19232500.0,1373750.0,15108575.0,15.285714285714286,0,3,0.7855751982321592,0.0,21.428571428571427
Other Building Equipment Contractors,587,306768300.0,522603.5775127768,225735705.0,9.696763202725725,15,128,0.7358508196577026,2.5553662691652472,21.80579216354344
Other Building Finishing Contractors,918,392682500.0,427758.71459694987,288921595.0,8.991285403050108,9,165,0.7357638677557569,0.9803921568627451,17.973856209150327
Other Building Material Dealers,783,572971700.0,731764.6232439335,433915641.46,9.381864623243933,14,165,0.7573072831694828,1.7879948914431674,21.0727969348659
Other Business Service Centers (including Copy Shops),180,64573400.0,358741.1111111111,49267120.0,6.2,4,22,0.7629630776759471,2.2222222222222223,12.222222222222221
Other Chemical and Allied Products Merchant Wholesalers,180,132435400.0,735752.2222222222,98646315.0,6.433333333333334,1,42,0.7448636467288957,0.5555555555555556,23.333333333333332
Other Chemical and Fertilizer Mineral Mining,2,4590000.0,2295000.0,3420000.0,8.0,0,1,0.7450980392156863,0.0,50.0
Other Clothing Stores,294,97705600.0,332331.9727891156,75552380.0,5.476190476190476,11,99,0.7732656060655684,3.741496598639456,33.673469387755105
Other Commercial Equipment Merchant Wholesalers,185,151492000.0,818875.6756756756,114680600.0,9.491891891891893,0,40,0.757007630765981,0.0,21.62162162162162
Other Commercial Printing,1,735000.0,735000.0,551250.0,23.0,0,1,0.75,0.0,100.0
Other Commercial and Industrial Machinery and Equipment Rental and Leasing,428,289459400.0,676307.0093457944,221122032.08,9.908878504672897,3,90,0.7639138064958333,0.7009345794392523,21.02803738317757
Other Commercial and Service Industry Machinery Manufacturing,45,43340100.0,963113.3333333334,35374820.0,13.066666666666666,1,23,0.8162145449595178,2.2222222222222223,51.111111111111114
Other Communication and Energy Wire Manufacturing,16,7926900.0,495431.25,5685400.0,10.375,0,3,0.7172286770364202,0.0,18.75
Other Communications Equipment Manufacturing,19,24088800.0,1267831.5789473683,18501150.0,21.36842105263158,0,8,0.7680395038358075,0.0,42.10526315789474
Other Community Housing Services,17,3739300.0,219958.82352941178,2748225.0,17.941176470588236,0,4,0.7349570775278795,0.0,23.529411764705884
Other Computer Related Services,1438,751104900.0,522326.0778859527,563238892.34,10.03546592489569,35,275,0.7498804658843259,2.433936022253129,19.123783031988875
Other Concrete Product Manufacturing,77,59488900.0,772583.1168831169,44656815.0,14.909090909090908,1,15,0.7506747477260464,1.2987012987012987,19.48051948051948
Other Construction Material Merchant Wholesalers,203,126576800.0,623531.0344827586,93924250.0,7.142857142857143,7,34,0.7420336902181126,3.4482758620689653,16.748768472906406
Other Crushed and Broken Stone Mining and Quarrying,17,21223300.0,1248429.4117647058,15787625.0,32.529411764705884,0,2,0.7438817243312774,0.0,11.764705882352942
Other Cut and Sew Apparel Manufacturing,19,16893000.0,889105.2631578947,13324800.0,30.42105263157895,0,11,0.7887764162670928,0.0,57.89473684210526
Other Depository Credit Intermediation,1,350000.0,350000.0,262500.0,6.0,0,0,0.75,0.0,0.0
"Other Direct Insurance (except Life, Health, and Medical) Carriers",15,5459900.0,363993.3333333333,4167675.0,10.0,0,1,0.7633244198611696,0.0,6.666666666666667
Other Direct Selling Establishments,417,197152300.0,472787.2901678657,155671465.0,6.894484412470024,17,137,0.7896000452442097,4.07673860911271,32.853717026378895
Other Electric Power Generation,32,21522200.0,672568.75,16642785.0,7.53125,0,10,0.7732845619871574,0.0,31.25
Other Electronic Component Manufacturing,67,55358900.0,826252.2388059702,42582350.0,14.671641791044776,1,15,0.7692051323274126,1.492537313432836,22.388059701492537
Other Electronic Parts and Equipment Merchant Wholesalers,303,195685700.0,645827.392739274,147590704.5,8.561056105610561,14,50,0.7542232493227661,4.62046204620462,16.501650165016503
Other Electronic and Precision Equipment Repair and Maintenance,65,22508300.0,346281.53846153844,16989865.0,9.36923076923077,1,30,0.7548266639417459,1.5384615384615385,46.15384615384615
Other Engine Equipment Manufacturing,20,12134000.0,606700.0,8853125.0,5.1,0,4,0.7296130707104005,0.0,20.0
Other Fabricated Wire Product Manufacturing,29,44033700.0,1518403.448275862,30237416.5,29.20689655172414,0,7,0.6866880707276473,0.0,24.137931034482758
Other Farm Product Raw Material Merchant Wholesalers,75,69107500.0,921433.3333333334,58389390.0,7.28,0,37,0.8449067033245307,0.0,49.333333333333336
Other Financial Vehicles,18,12991000.0,721722.2222222222,9845990.0,11.944444444444445,1,7,0.7579085520745131,5.555555555555555,38.888888888888886
Other Food Crops Grown Under Cover,25,8351800.0,334072.0,6370400.0,7.68,0,10,0.7627577288728178,0.0,40.0
"Other Foundation, Structure, and Building Exterior Contractors",584,182788600.0,312994.1780821918,133873050.0,7.669520547945205,11,121,0.7323927750417696,1.8835616438356164,20.71917808219178
Other Fuel Dealers,1,20000.0,20000.0,10000.0,0.0,0,1,0.5,0.0,100.0
Other Gambling Industries,2,867600.0,433800.0,777090.0,1.5,0,0,0.8956777316735823,0.0,0.0
Other Gasoline Stations,94,105947100.0,1127096.8085106383,80412746.7,6.308510638297872,3,21,0.7589895966949544,3.1914893617021276,22.340425531914892
Other General Government Support,9,3150000.0,350000.0,2635000.0,22.333333333333332,0,5,0.8365079365079365,0.0,55.55555555555556
Other Grantmaking and Giving Services,6,1220800.0,203466.66666666666,1027220.0,2.0,1,3,0.8414318479685452,16.666666666666668,50.0
Other Grocery and Related Products Merchant Wholesalers,768,381655900.0,496947.7864583333,282403630.0,7.662760416666667,19,159,0.7399430481750708,2.4739583333333335,20.703125
Other Heavy and Civil Engineering Construction,463,310653800.0,670958.5313174946,232861158.0,14.73866090712743,3,131,0.7495841286988925,0.6479481641468683,28.293736501079913
Other Individual and Family Services,560,134839800.0,240785.35714285713,99064855.0,11.741071428571429,16,89,0.7346855676143097,2.857142857142857,15.892857142857142
Other Industrial Machinery Manufacturing,76,59570200.0,783818.4210526316,48112245.0,15.697368421052632,0,36,0.8076562610164143,0.0,47.36842105263158
Other Insurance Funds,1,380000.0,380000.0,285000.0,20.0,0,0,0.75,0.0,0.0
"Other Justice, Public Order, and Safety Activities",1,150000.0,150000.0,127500.0,35.0,0,0,0.85,0.0,0.0
Other Leather and Allied Product Manufacturing,26,5231500.0,201211.53846153847,3825900.0,5.3076923076923075,0,0,0.7313198891331358,0.0,0.0
Other Lighting Equipment Manufacturing,12,13709500.0,1142458.3333333333,10530520.0,16.166666666666668,0,5,0.7681184580035741,0.0,41.666666666666664
Other Management Consulting Services,1070,233314500.0,218050.93457943926,171979955.0,5.205607476635514,53,201,0.7371164458274132,4.953271028037383,18.785046728971963
Other Marine Fishing,38,7610400.0,200273.68421052632,5607775.0,3.8684210526315788,1,10,0.736856801219384,2.6315789473684212,26.31578947368421
Other Measuring and Controlling Device Manufacturing,41,29025200.0,707931.7073170731,23016460.37,18.170731707317074,0,8,0.7929819732508303,0.0,19.51219512195122
Other Metal Container Manufacturing,16,19269200.0,1204325.0,14905800.0,25.125,0,7,0.7735557262366886,0.0,43.75
Other Metal Valve and Pipe Fitting Manufacturing,36,29192800.0,810911.1111111111,23211775.0,13.916666666666666,0,6,0.7951198583212299,0.0,16.666666666666668
Other Millwork (including Flooring),81,69930600.0,863340.7407407408,53268465.0,18.02469135802469,1,25,0.7617332755617713,1.2345679012345678,30.864197530864196
Other Miscellaneous Durable Goods Merchant Wholesalers,1297,956651000.0,737587.5096376253,733587461.6,7.776407093292213,40,281,0.7668287197734597,3.0840400925212026,21.66538164996145
Other Miscellaneous Nondurable Goods Merchant Wholesalers,923,646419100.0,700345.7204767064,493893327.33,8.13542795232936,26,212,0.764045071270326,2.816901408450704,22.968580715059588
Other Motion Picture and Video Industries,63,21064200.0,334352.38095238095,15592750.0,2.873015873015873,0,6,0.7402488582523903,0.0,9.523809523809524
Other Motor Vehicle Parts Manufacturing,92,76230300.0,828590.2173913043,57593835.0,15.66304347826087,0,26,0.7555241813294713,0.0,28.26086956521739
Other Noncitrus Fruit Farming,16,4082500.0,255156.25,3383775.0,7.125,1,1,0.8288487446417636,6.25,6.25
Other Nonferrous Metal Foundries (except Die-Casting),5,7960000.0,1592000.0,6270000.0,11.8,0,2,0.7876884422110553,0.0,40.0
Other Nonhazardous Waste Treatment and Disposal,78,41478500.0,531775.641025641,31594801.5,6.628205128205129,2,15,0.7617151415793725,2.5641025641025643,19.23076923076923
Other Nonmetallic Mineral Mining and Quarrying,2,5150000.0,2575000.0,3877500.0,18.0,0,0,0.7529126213592233,0.0,0.0
Other Nonscheduled Air Transportation,24,22048600.0,918691.6666666666,16604650.0,9.583333333333334,0,5,0.753093166913092,0.0,20.833333333333332
Other Paperboard Container Manufacturing,10,13868600.0,1386860.0,11857850.0,8.2,0,3,0.8550142047502992,0.0,30.0
Other Performing Arts Companies,77,16333500.0,212123.37662337662,12130455.0,5.51948051948052,1,6,0.7426733400679585,1.2987012987012987,7.792207792207792
Other Personal Care Services,3508,1225147600.0,349243.8996579247,922073571.0,9.72206385404789,59,551,0.7526224358599731,1.6818700114025085,15.706955530216648
Other Personal and Household Goods Repair and Maintenance,914,233935000.0,255946.38949671772,175334475.0,7.0098468271334795,15,148,0.7495008228781499,1.6411378555798688,16.192560175054705
Other Poultry Production,134,122483200.0,914053.7313432836,94239905.0,2.9477611940298507,0,34,0.7694108661432751,0.0,25.37313432835821
Other Pressed and Blown Glass and Glassware Manufacturing,26,12673000.0,487423.07692307694,9494020.0,10.884615384615385,0,5,0.7491533180778032,0.0,19.23076923076923
Other Professional Equipment and Supplies Merchant Wholesalers,103,62757500.0,609296.1165048544,46318595.0,7.038834951456311,3,17,0.7380567262876947,2.912621359223301,16.50485436893204
Other Residential Care Facilities,195,134647500.0,690500.0,99756305.0,12.605128205128205,1,40,0.7408700867078855,0.5128205128205128,20.512820512820515
Other Scientific and Technical Consulting Services,864,287727500.0,333017.93981481483,210558420.0,7.734953703703703,17,161,0.7317980380742195,1.9675925925925926,18.63425925925926
Other Services Related to Advertising,285,129112600.0,453026.6666666667,96221880.0,8.385964912280702,6,55,0.745255536640111,2.1052631578947367,19.29824561403509
Other Services to Buildings and Dwellings,1361,437388600.0,321372.96105804556,327029600.0,8.305657604702425,20,223,0.7476866109450497,1.4695077149155034,16.38501102130786
"Other Similar Organizations (except Business, Professional, Labor, and Political Organizations)",19,6447700.0,339352.63157894736,4751175.0,7.7894736842105265,0,2,0.7368790421390573,0.0,10.526315789473685
Other Snack Food Manufacturing,124,63187800.0,509579.03225806454,48342795.0,17.137096774193548,5,31,0.7650653290666869,4.032258064516129,25.0
Other Social Advocacy Organizations,4,1308500.0,327125.0,1123650.0,6.0,0,1,0.8587313717997708,0.0,25.0
Other Sound Recording Industries,43,11528200.0,268097.67441860464,8298180.0,3.372093023255814,1,6,0.719815756145799,2.3255813953488373,13.953488372093023
Other Specialized Design Services,387,132847300.0,343274.677002584,100901455.0,5.343669250645995,15,67,0.7595295877296716,3.875968992248062,17.31266149870801
Other Spectator Sports,85,18436000.0,216894.11764705883,13359865.0,6.235294117647059,4,16,0.7246618029941418,4.705882352941177,18.823529411764707
Other Support Activities for Air Transportation,130,108482800.0,834483.0769230769,84899705.0,20.692307692307693,0,38,0.7826098238614785,0.0,29.23076923076923
Other Support Activities for Road Transportation,166,56913900.0,342854.8192771084,42827320.0,7.319277108433735,5,36,0.7524931519365217,3.0120481927710845,21.686746987951807
Other Support Activities for Water Transportation,47,26327500.0,560159.5744680851,20146280.0,15.680851063829786,2,7,0.7652181179375178,4.25531914893617,14.893617021276595
Other Technical and Trade Schools,257,112754400.0,438733.0739299611,83871312.5,12.789883268482491,8,37,0.7438407059946219,3.11284046692607,14.396887159533074
Other Urban Transit Systems,1,75400.0,75400.0,64090.0,1.0,0,0,0.85,0.0,0.0
Other Vegetable (except Potato) and Melon Farming,57,17035100.0,298861.4035087719,12682870.0,6.701754385964913,4,18,0.7445139740887932,7.017543859649122,31.57894736842105
Other Warehousing and Storage,77,53573500.0,695759.7402597403,40943735.0,6.090909090909091,1,14,0.764253502197915,1.2987012987012987,18.181818181818183
Other Waste Collection,477,145884900.0,305838.3647798742,111390560.0,6.469601677148847,19,117,0.7635509912266452,3.9832285115303985,24.528301886792452
Outdoor Advertising,19,14277600.0,751452.6315789474,11408550.0,11.421052631578947,0,3,0.7990523617414692,0.0,15.789473684210526
Outdoor Power Equipment Retailers,127,75428900.0,593928.3464566929,55025850.0,8.795275590551181,2,11,0.7295061972267923,1.5748031496062993,8.661417322834646
Outdoor Power Equipment Stores,68,42429400.0,623961.7647058824,32578000.0,10.264705882352942,2,28,0.7678166554323181,2.9411764705882355,41.1764705882353
Outpatient Mental Health and Substance Abuse Centers,441,218978000.0,496548.7528344671,161869760.0,18.834467120181404,9,87,0.7392055822959384,2.0408163265306123,19.727891156462587
"Overhead Traveling Crane, Hoist, and Monorail System Manufacturing",15,14195700.0,946380.0,10725775.0,10.666666666666666,0,5,0.7555650654775742,0.0,33.333333333333336
Packaged Frozen Food Merchant Wholesalers,99,56422400.0,569923.2323232323,43278515.0,11.747474747474747,3,22,0.7670449147856171,3.0303030303030303,22.22222222222222
Packaging Machinery Manufacturing,21,14185600.0,675504.7619047619,10085625.0,13.0,2,8,0.7109762717121588,9.523809523809524,38.095238095238095
Packaging and Labeling Services,176,138459700.0,786702.8409090909,107950590.0,10.545454545454545,7,37,0.7796535020659441,3.977272727272727,21.022727272727273
Packing and Crating,61,35403100.0,580378.6885245901,26871843.2,18.901639344262296,1,9,0.7590251475153306,1.639344262295082,14.754098360655737
Paint and Coating Manufacturing,86,49110100.0,571047.6744186047,37380815.0,9.918604651162791,1,22,0.7611634877550646,1.1627906976744187,25.58139534883721
Paint and Wallpaper Retailers,57,24428100.0,428563.15789473685,17880575.0,6.56140350877193,2,4,0.7319674882614694,3.508771929824561,7.017543859649122
Paint and Wallpaper Stores,28,8773500.0,313339.28571428574,6920315.0,6.071428571428571,2,12,0.7887747193252408,7.142857142857143,42.857142857142854
"Paint, Varnish, and Supplies Merchant Wholesalers",65,50905100.0,783155.3846153846,38176392.425,8.76923076923077,0,15,0.7499522135306678,0.0,23.076923076923077
Painting and Wall Covering Contractors,1885,406281100.0,215533.7400530504,294791587.5,6.774535809018568,59,346,0.7255852844249954,3.129973474801061,18.355437665782492
Paper (except Newsprint) Mills,3,730000.0,243333.33333333334,365000.0,2.3333333333333335,0,2,0.5,0.0,66.66666666666667
Paper Bag and Coated and Treated Paper Manufacturing,18,16908000.0,939333.3333333334,12922820.0,19.444444444444443,0,3,0.7643021055121836,0.0,16.666666666666668
Paper Mills,3,1695500.0,565166.6666666666,1280175.0,1.3333333333333333,0,2,0.7550427602477146,0.0,66.66666666666667
Paperboard Mills,2,1500000.0,750000.0,1207500.0,14.0,0,0,0.805,0.0,0.0
Parking Lots and Garages,73,44763200.0,613194.5205479452,34060925.0,7.945205479452055,3,13,0.7609135405869106,4.109589041095891,17.80821917808219
Parole Offices and Probation Offices,1,1050000.0,1050000.0,787500.0,98.0,0,0,0.75,0.0,0.0
Passenger Car Leasing,26,11400600.0,438484.6153846154,8531975.0,5.1923076923076925,1,5,0.7483794712558988,3.8461538461538463,19.23076923076923
Passenger Car Rental,200,56604200.0,283021.0,42775300.0,3.79,13,34,0.7556912737924041,6.5,17.0
Payroll Services,82,41311200.0,503795.1219512195,31431550.0,11.170731707317072,0,24,0.7608481477178102,0.0,29.26829268292683
Pension Funds,4,2059900.0,514975.0,1749925.0,7.75,0,2,0.8495193941453468,0.0,50.0
Periodical Publishers,80,38185300.0,477316.25,29230890.0,9.4375,0,14,0.7655011221595744,0.0,17.5
Perishable Prepared Food Manufacturing,130,100600000.0,773846.1538461539,77205485.0,24.06923076923077,1,26,0.7674501491053678,0.7692307692307693,20.0
Pesticide and Other Agricultural Chemical Manufacturing,21,17767300.0,846061.9047619047,13246920.0,18.38095238095238,0,6,0.7455786754318326,0.0,28.571428571428573
Pet Care (except Veterinary) Services,2768,1364675200.0,493018.4971098266,1034203188.5,10.657153179190752,27,404,0.75783834021458,0.9754335260115607,14.595375722543352
Pet and Pet Supplies Retailers,459,209956700.0,457422.0043572985,156536395.0,10.68409586056645,5,38,0.7455651331917486,1.0893246187363834,8.278867102396514
Pet and Pet Supplies Stores,324,190328100.0,587432.4074074074,151125522.9,13.231481481481481,9,101,0.7940263308465749,2.7777777777777777,31.17283950617284
Petrochemical Manufacturing,6,12340000.0,2056666.6666666667,10607000.0,27.833333333333332,0,1,0.8595623987034036,0.0,16.666666666666668
Petroleum Bulk Stations and Terminals,10,10936300.0,1093630.0,8841020.0,5.2,0,3,0.8084105227544965,0.0,30.0
Petroleum Lubricating Oil and Grease Manufacturing,15,12303300.0,820220.0,10380100.0,6.666666666666667,0,3,0.8436842148041582,0.0,20.0
Petroleum Refineries,3,6343300.0,2114433.3333333335,5675175.0,12.666666666666666,0,0,0.8946723314363186,0.0,0.0
Petroleum and Petroleum Products Merchant Wholesalers (except Bulk Stations and Terminals),87,68295500.0,785005.7471264368,52047955.0,8.528735632183908,0,27,0.762099333045369,0.0,31.03448275862069
Pharmaceutical Preparation Manufacturing,96,128999800.0,1343747.9166666667,103539590.0,17.177083333333332,0,23,0.8026337250135271,0.0,23.958333333333332
Pharmacies and Drug Retailers,952,655654700.0,688712.9201680672,481918475.0,8.991596638655462,4,86,0.7350187148814765,0.42016806722689076,9.033613445378151
Pharmacies and Drug Stores,734,552747500.0,753061.9891008175,429018148.82,9.509536784741144,16,259,0.7761557470997155,2.1798365122615806,35.28610354223433
Pharmacy Benefit Management and Other Third Party Administration of Insurance and Pension Funds,29,23705500.0,817431.0344827586,17367575.0,18.03448275862069,0,6,0.7326390500094915,0.0,20.689655172413794
Photofinishing Laboratories (except One-Hour),12,5998800.0,499900.0,4621375.0,25.416666666666668,0,1,0.7703832433153297,0.0,8.333333333333334
Photographic Equipment and Supplies Merchant Wholesalers,26,16744800.0,644030.7692307692,12761955.0,6.038461538461538,0,3,0.7621443672065358,0.0,11.538461538461538
"Photographic Film, Paper, Plate, Chemical, and Copy Toner Manufacturing",2,260000.0,130000.0,182500.0,2.0,0,0,0.7019230769230769,0.0,0.0
"Photographic Film, Paper, Plate, and Chemical Manufacturing",1,100000.0,100000.0,85000.0,1.0,0,0,0.85,0.0,0.0
Photographic and Photocopying Equipment Manufacturing,2,3545000.0,1772500.0,2658750.0,5.5,0,0,0.75,0.0,0.0
"Photography Studios, Portrait",470,74512700.0,158537.6595744681,55687560.0,4.676595744680851,7,67,0.7473566251122292,1.4893617021276595,14.25531914893617
"Piece Goods, Notions, and Other Dry Goods Merchant Wholesalers",155,93433800.0,602798.7096774194,72868435.0,7.95483870967742,5,39,0.7798937322467886,3.225806451612903,25.161290322580644
Pipeline Transportation of Crude Oil,7,744600.0,106371.42857142857,569500.0,1.0,0,2,0.7648401826484018,0.0,28.571428571428573
Pipeline Transportation of Natural Gas,3,5008000.0,1669333.3333333333,3604000.0,26.666666666666668,0,1,0.7196485623003195,0.0,33.333333333333336
Pipeline Transportation of Refined Petroleum Products,2,360000.0,180000.0,306000.0,3.5,0,0,0.85,0.0,0.0
Plastics Bag and Pouch Manufacturing,28,31034800.0,1108385.7142857143,24453390.0,17.892857142857142,0,7,0.7879345122249861,0.0,25.0
Plastics Bottle Manufacturing,5,2386000.0,477200.0,1710500.0,20.4,0,0,0.7168901927912825,0.0,0.0
Plastics Material and Resin Manufacturing,61,57265700.0,938781.9672131147,44676235.0,17.983606557377048,1,13,0.7801569700536272,1.639344262295082,21.311475409836067
Plastics Materials and Basic Forms and Shapes Merchant Wholesalers,56,65413000.0,1168089.2857142857,49484755.0,10.410714285714286,0,13,0.7564972558971458,0.0,23.214285714285715
Plastics Packaging Film and Sheet (including Laminated) Manufacturing,24,22228600.0,926191.6666666666,16391450.0,24.625,0,2,0.7374036151624483,0.0,8.333333333333334
Plastics Pipe and Pipe Fitting Manufacturing,14,21371800.0,1526557.142857143,16690300.0,33.0,0,7,0.780949662639553,0.0,50.0
Plastics Plumbing Fixture Manufacturing,9,2324000.0,258222.22222222222,1793400.0,3.4444444444444446,0,2,0.7716867469879518,0.0,22.22222222222222
Plate Work Manufacturing,47,33829200.0,719770.2127659575,25898795.0,13.042553191489361,1,11,0.7655751540089627,2.127659574468085,23.404255319148938
Plumbing Fixture Fitting and Trim Manufacturing,14,4056300.0,289735.71428571426,2962335.0,3.4285714285714284,0,4,0.7303047111900007,0.0,28.571428571428573
Plumbing and Heating Equipment and Supplies (Hydronics) Merchant Wholesalers,143,125540200.0,877903.4965034965,96445590.0,8.944055944055943,3,41,0.7682446738176297,2.097902097902098,28.67132867132867
"Plumbing, Heating, and Air-Conditioning Contractors",5936,2595824500.0,437301.97102425876,1907061830.0,9.672675202156334,102,1165,0.7346651632265586,1.7183288409703503,19.62601078167116
Police Protection,2,612000.0,306000.0,459000.0,7.5,0,0,0.75,0.0,0.0
Polish and Other Sanitation Good Manufacturing,28,28271100.0,1009682.1428571428,22738415.0,11.285714285714286,0,8,0.8042989130242545,0.0,28.571428571428573
Polystyrene Foam Product Manufacturing,17,13018500.0,765794.1176470588,9405205.0,16.705882352941178,0,1,0.7224492068978761,0.0,5.882352941176471
Port and Harbor Operations,10,10235800.0,1023580.0,7954470.0,13.6,0,5,0.7771224525684363,0.0,50.0
Portfolio Management,77,44622400.0,579511.6883116884,34502488.64,5.103896103896104,0,36,0.7732100613144968,0.0,46.753246753246756
Portfolio Management and Investment Advice,564,292448400.0,518525.5319148936,214052831.0,3.6790780141843973,3,80,0.7319336710339328,0.5319148936170213,14.184397163120567
Postal Service,80,22536100.0,281701.25,16571445.0,6.8625,0,7,0.735328872342597,0.0,8.75
Postharvest Crop Activities (except Cotton Ginning),37,21988400.0,594281.0810810811,17393690.0,12.72972972972973,0,11,0.791039366211275,0.0,29.72972972972973
Potato Farming,12,17617000.0,1468083.3333333333,13613750.0,28.333333333333332,0,3,0.7727621047851507,0.0,25.0
"Pottery, Ceramics, and Plumbing Fixture Manufacturing",51,14381800.0,281996.07843137253,10671200.0,8.745098039215685,0,12,0.7419933527096747,0.0,23.529411764705884
Poultry Hatcheries,27,30216300.0,1119122.2222222222,24376202.72,2.925925925925926,0,6,0.806723613413952,0.0,22.22222222222222
Poultry Processing,23,23866700.0,1037682.6086956522,17747860.0,28.130434782608695,0,1,0.7436243804128765,0.0,4.3478260869565215
Poultry and Poultry Product Merchant Wholesalers,28,25158500.0,898517.8571428572,20077225.0,17.928571428571427,0,9,0.7980294930142894,0.0,32.142857142857146
Poured Concrete Foundation and Structure Contractors,1316,432719300.0,328814.0577507599,314919108.96,8.479483282674773,26,340,0.7277676520552699,1.9756838905775076,25.835866261398177
Powder Metallurgy Part Manufacturing,9,10751800.0,1194644.4444444445,8209715.0,21.11111111111111,0,1,0.7635665655983184,0.0,11.11111111111111
Power Boiler and Heat Exchanger Manufacturing,11,6736500.0,612409.0909090909,5588475.0,22.454545454545453,0,0,0.8295813849922067,0.0,0.0
Power and Communication Line and Related Structures Construction,360,197137300.0,547603.6111111111,142710640.0,15.522222222222222,6,90,0.7239149567332007,1.6666666666666667,25.0
"Power, Distribution, and Specialty Transformer Manufacturing",18,17291600.0,960644.4444444445,11798102.4,21.38888888888889,1,8,0.6823025283952903,5.555555555555555,44.44444444444444
Power-Driven Handtool Manufacturing,8,6766500.0,845812.5,5255675.0,9.25,0,1,0.7767198699475356,0.0,12.5
Precision Turned Product Manufacturing,114,94562600.0,829496.4912280702,71975562.5,15.096491228070175,0,27,0.7611419578141887,0.0,23.68421052631579
Prefabricated Metal Building and Component Manufacturing,71,54152600.0,762712.676056338,41176190.0,13.845070422535212,0,19,0.7603732784760104,0.0,26.760563380281692
Prefabricated Wood Building Manufacturing,38,26738900.0,703655.2631578947,19473010.0,7.7631578947368425,1,8,0.7282651866755925,2.6315789473684212,21.05263157894737
Primary Battery Manufacturing,3,2551600.0,850533.3333333334,1954200.0,33.666666666666664,0,1,0.7658723937921305,0.0,33.333333333333336
Printed Circuit Assembly (Electronic Assembly) Manufacturing,28,33836000.0,1208428.5714285714,25982270.0,20.892857142857142,0,9,0.76788834377586,0.0,32.142857142857146
Printing Ink Manufacturing,8,2151500.0,268937.5,1620525.0,7.5,0,0,0.7532070648384848,0.0,0.0
Printing Machinery and Equipment Manufacturing,14,12773000.0,912357.1428571428,10250000.0,14.357142857142858,0,8,0.8024739685273624,0.0,57.142857142857146
Printing and Writing Paper Merchant Wholesalers,42,38697000.0,921357.1428571428,30568190.0,10.785714285714286,2,13,0.7899369460164871,4.761904761904762,30.952380952380953
Private Households,43,17158800.0,399041.8604651163,12901300.0,9.30232558139535,0,8,0.7518765881063944,0.0,18.6046511627907
Private Mail Centers,857,305986100.0,357043.29054842476,232416715.0,6.600933488914819,5,111,0.7595662515388771,0.5834305717619603,12.95215869311552
"Process, Physical Distribution, and Logistics Consulting Services",393,172558600.0,439080.4071246819,126909880.0,11.26972010178117,7,78,0.7354596061859565,1.7811704834605597,19.84732824427481
Professional Employer Organizations,90,70463700.0,782930.0,52685530.0,33.65555555555556,6,16,0.747697466922685,6.666666666666667,17.77777777777778
Professional Organizations,23,2883000.0,125347.82608695653,1743700.0,5.478260869565218,2,2,0.6048213666319806,8.695652173913043,8.695652173913043
Professional and Management Development Training,333,111679900.0,335375.0750750751,83538290.0,7.333333333333333,16,53,0.7480154441399034,4.804804804804805,15.915915915915916
"Promoters of Performing Arts, Sports, and Similar Events with Facilities",375,225159400.0,600425.0666666667,171507885.0,8.224,4,43,0.7617176320420112,1.0666666666666667,11.466666666666667
"Promoters of Performing Arts, Sports, and Similar Events without Facilities",257,92460500.0,359768.4824902724,68186825.0,7.35408560311284,6,39,0.7374697843944171,2.3346303501945527,15.17509727626459
Psychiatric and Substance Abuse Hospitals,32,11050200.0,345318.75,7956550.0,15.25,0,8,0.7200367414164449,0.0,25.0
Public Finance Activities,1,75000.0,75000.0,37500.0,2.0,0,0,0.5,0.0,0.0
Public Relations Agencies,170,64280200.0,378118.82352941175,47589155.0,6.952941176470588,2,28,0.7403392491000339,1.1764705882352942,16.470588235294116
Pulp Mills,1,300000.0,300000.0,225000.0,8.0,0,1,0.75,0.0,100.0
Quick Printing,1,75000.0,75000.0,37500.0,0.0,0,0,0.5,0.0,0.0
RV (Recreational Vehicle) Parks and Campgrounds,434,585645900.0,1349414.5161290322,449198693.0,6.345622119815668,0,105,0.7670141513839677,0.0,24.193548387096776
Racetracks,23,25892400.0,1125756.5217391304,19771200.0,10.91304347826087,0,7,0.763590860638643,0.0,30.434782608695652
Radio Broadcasting Stations,41,14104600.0,344014.6341463415,10454150.0,10.536585365853659,1,1,0.7411872722374261,2.4390243902439024,2.4390243902439024
Radio Networks,10,11116600.0,1111660.0,8061825.0,8.8,0,4,0.725205998236871,0.0,40.0
Radio Stations,22,25787100.0,1172140.9090909092,20252423.0,14.045454545454545,0,6,0.7853703208193243,0.0,27.272727272727273
Radio and Television Broadcasting and Wireless Communications Equipment Manufacturing,37,26076300.0,704764.8648648649,20628260.0,19.243243243243242,0,6,0.7910731200362014,0.0,16.216216216216218
"Radio, Television, and Other Electronics Stores",11,1390000.0,126363.63636363637,695000.0,1.4545454545454546,0,2,0.5,0.0,18.181818181818183
Railroad Rolling Stock Manufacturing,8,7250000.0,906250.0,5232500.0,22.5,0,3,0.7217241379310345,0.0,37.5
Ready-Mix Concrete Manufacturing,70,73946000.0,1056371.4285714286,55041330.0,17.5,0,18,0.744344927379439,0.0,25.714285714285715
Real Estate Credit,18,5894700.0,327483.3333333333,4271275.0,14.277777777777779,0,4,0.7245958233667532,0.0,22.22222222222222
Reconstituted Wood Product Manufacturing,10,7270900.0,727090.0,6290215.0,8.3,0,3,0.8651219243835013,0.0,30.0
Record Production,6,102500.0,17083.333333333332,51250.0,1.1666666666666667,1,1,0.5,16.666666666666668,16.666666666666668
Record Production and Distribution,39,11895800.0,305020.5128205128,8817155.0,3.4358974358974357,3,4,0.7411989946031372,7.6923076923076925,10.256410256410257
Recreational Goods Rental,300,81079000.0,270263.3333333333,61766680.0,7.253333333333333,7,65,0.7618086064208981,2.3333333333333335,21.666666666666668
Recreational Vehicle Dealers,163,137665100.0,844571.1656441718,107934705.0,12.987730061349692,2,38,0.7840382566097,1.2269938650306749,23.312883435582823
Recreational and Vacation Camps (except Campgrounds),74,48237200.0,651854.0540540541,36357310.0,10.783783783783784,1,15,0.7537193286509167,1.3513513513513513,20.27027027027027
Recyclable Material Merchant Wholesalers,403,332503400.0,825070.4714640199,261775340.0,12.548387096774194,3,121,0.7872862051936913,0.7444168734491315,30.024813895781637
Refrigerated Warehousing and Storage,34,43294700.0,1273373.5294117648,34250650.0,19.529411764705884,1,13,0.7911049158442026,2.9411764705882355,38.23529411764706
Refrigeration Equipment and Supplies Merchant Wholesalers,32,24241800.0,757556.25,18693355.0,7.09375,0,3,0.7711207501093154,0.0,9.375
"Regulation and Administration of Communications, Electric, Gas, and Other Utilities",4,856900.0,214225.0,531875.0,53.0,0,1,0.620696697397596,0.0,25.0
Regulation and Administration of Transportation Programs,2,496300.0,248150.0,311150.0,3.5,0,0,0.6269393511988717,0.0,0.0
"Regulation, Licensing, and Inspection of Miscellaneous Commercial Sectors",5,853000.0,170600.0,626550.0,8.0,0,2,0.7345252051582649,0.0,40.0
Reinsurance Carriers,1,26000.0,26000.0,22100.0,4.0,0,0,0.85,0.0,0.0
Relay and Industrial Control Manufacturing,18,18217800.0,1012100.0,13320850.0,11.333333333333334,0,2,0.7311997057822569,0.0,11.11111111111111
Religious Organizations,1,9900.0,9900.0,4950.0,1.0,0,0,0.5,0.0,0.0
Remediation Services,974,410036200.0,420981.7248459959,301151623.7,10.351129363449692,26,173,0.7344513086893303,2.6694045174537986,17.761806981519506
Rendering and Meat Byproduct Processing,8,4808500.0,601062.5,3898125.0,13.375,0,1,0.8106738068004575,0.0,12.5
Repossession Services,30,11391400.0,379713.3333333333,8496825.0,9.466666666666667,0,7,0.7458982214653159,0.0,23.333333333333332
Research and Development in Biotechnology,4,1360000.0,340000.0,1021000.0,10.25,0,1,0.7507352941176471,0.0,25.0
Research and Development in Biotechnology (except Nanobiotechnology),76,33755800.0,444155.2631578947,24942895.0,9.118421052631579,0,17,0.7389217556686555,0.0,22.36842105263158
Research and Development in Nanotechnology,14,6355400.0,453957.14285714284,5151550.0,13.428571428571429,0,5,0.810578405765176,0.0,35.714285714285715
"Research and Development in the Physical, Engineering, and Life Sciences (except Nanotechnology and Biotechnology)",115,62120200.0,540175.6521739131,45688175.0,11.330434782608696,4,23,0.7354801658719707,3.4782608695652173,20.0
Research and Development in the Social Sciences and Humanities,38,9158300.0,241007.8947368421,6609585.0,5.868421052631579,2,15,0.7217043556118493,5.2631578947368425,39.473684210526315
Residential Electric Lighting Fixture Manufacturing,31,24737800.0,797993.5483870967,18508000.0,9.451612903225806,1,4,0.7481667731164453,3.225806451612903,12.903225806451612
Residential Intellectual and Developmental Disability Facilities,170,126097700.0,741751.1764705882,95506550.0,33.60588235294118,2,31,0.757401205573139,1.1764705882352942,18.235294117647058
Residential Mental Health and Substance Abuse Facilities,200,190005100.0,950025.5,143744652.25,26.085,1,49,0.7565304944446228,0.5,24.5
Residential Property Managers,1111,365955700.0,329393.0693069307,277044535.0,7.333033303330333,39,198,0.7570439126921646,3.5103510351035103,17.821782178217823
Residential Remodelers,7121,1296895400.0,182122.65131301782,915561640.0,4.72110658615363,253,1313,0.7059641355810191,3.552871787670271,18.438421570004213
Retail Bakeries,1116,410073300.0,367449.1935483871,310200370.0,14.846774193548388,12,223,0.756451029608609,1.075268817204301,19.982078853046595
Reupholstery and Furniture Repair,128,34665000.0,270820.3125,25487070.0,6.3515625,3,12,0.7352392903504976,2.34375,9.375
Roasted Nuts and Peanut Butter Manufacturing,34,20919000.0,615264.7058823529,15712070.0,21.264705882352942,0,10,0.7510908743247765,0.0,29.41176470588235
Rolled Steel Shape Manufacturing,36,33098600.0,919405.5555555555,24711025.0,14.055555555555555,0,8,0.746588224275347,0.0,22.22222222222222
Rolling Mill and Other Metalworking Machinery Manufacturing,32,33200500.0,1037515.625,25463500.0,13.875,1,9,0.7669613409436605,3.125,28.125
Roofing Contractors,1674,729077500.0,435530.16726403823,531555184.22,10.100358422939069,29,307,0.7290791228915994,1.7323775388291518,18.33930704898447
"Roofing, Siding, and Insulation Material Merchant Wholesalers",75,48653200.0,648709.3333333334,37021690.0,8.506666666666666,2,20,0.76093021630643,2.6666666666666665,26.666666666666668
"Rooming and Boarding Houses, Dormitories, and Workers' Camps",24,18777400.0,782391.6666666666,15213040.0,7.375,0,7,0.810178192934059,0.0,29.166666666666668
"Rope, Cordage, Twine, Tire Cord, and Tire Fabric Mills",4,6410300.0,1602575.0,4807225.0,12.75,0,1,0.7499220005303964,0.0,25.0
Rubber Product Manufacturing for Mechanical Use,14,12806100.0,914721.4285714285,10110575.0,13.357142857142858,0,2,0.7895124198624093,0.0,14.285714285714286
Rubber and Plastics Footwear Manufacturing,1,25000.0,25000.0,12500.0,0.0,0,0,0.5,0.0,0.0
Rubber and Plastics Hoses and Belting Manufacturing,18,10809900.0,600550.0,8000785.0,8.833333333333334,0,5,0.7401349688711274,0.0,27.77777777777778
Sales Financing,5,591000.0,118200.0,321750.0,2.0,1,1,0.5444162436548223,20.0,20.0
Sanitary Paper Product Manufacturing,14,6477000.0,462642.85714285716,4914250.0,16.5,0,3,0.7587231743090938,0.0,21.428571428571427
Satellite Telecommunications,17,3804700.0,223805.88235294117,2572995.0,5.529411764705882,1,3,0.6762675112361027,5.882352941176471,17.647058823529413
Saw Blade and Handtool Manufacturing,35,16115900.0,460454.28571428574,12896880.0,6.8,0,8,0.800258130169584,0.0,22.857142857142858
"Sawmill, Woodworking, and Paper Machinery Manufacturing",44,15968800.0,362927.2727272727,11544900.0,10.636363636363637,1,3,0.7229660337658433,2.272727272727273,6.818181818181818
Sawmills,93,64478300.0,693315.0537634408,50636165.0,23.763440860215052,1,30,0.7853210304862256,1.075268817204301,32.25806451612903
Scale and Balance Manufacturing,3,5421500.0,1807166.6666666667,4841850.0,15.666666666666666,0,0,0.8930830950843862,0.0,0.0
"Scenic and Sightseeing Transportation, Land",37,10942900.0,295754.0540540541,8200995.0,7.216216216216216,1,5,0.749435250253589,2.7027027027027026,13.513513513513514
"Scenic and Sightseeing Transportation, Other",15,7728300.0,515220.0,5975684.0,11.2,0,5,0.7732210188527878,0.0,33.333333333333336
"Scenic and Sightseeing Transportation, Water",159,53047300.0,333630.8176100629,39212660.0,5.163522012578617,1,29,0.7392018066895016,0.6289308176100629,18.238993710691823
Scheduled Freight Air Transportation,18,12304200.0,683566.6666666666,9157280.0,6.611111111111111,1,4,0.7442401781505502,5.555555555555555,22.22222222222222
Scheduled Passenger Air Transportation,27,26143700.0,968285.1851851852,20494810.0,22.925925925925927,0,7,0.7839292066539931,0.0,25.925925925925927
Schiffli Machine Embroidery,1,8800.0,8800.0,4400.0,0.0,0,0,0.5,0.0,0.0
School and Employee Bus Transportation,120,59806700.0,498389.1666666667,42272170.0,31.683333333333334,4,24,0.7068132834615519,3.3333333333333335,20.0
Seafood Product Preparation and Packaging,43,33004800.0,767553.4883720931,26514045.0,19.627906976744185,1,8,0.8033390597731239,2.3255813953488373,18.6046511627907
"Search, Detection, Navigation, Guidance, Aeronautical, and Nautical System and Instrument Manufacturing",18,14137100.0,785394.4444444445,10665705.0,13.555555555555555,0,2,0.7544478712041366,0.0,11.11111111111111
Secondary Smelting and Alloying of Aluminum,2,2450000.0,1225000.0,1837500.0,18.0,1,0,0.75,50.0,0.0
"Secondary Smelting, Refining, and Alloying of Nonferrous Metal (except Copper and Aluminum)",4,1065200.0,266300.0,770100.0,2.5,0,1,0.722962823882839,0.0,25.0
Securities Brokerage,52,43955400.0,845296.1538461539,33737655.0,5.403846153846154,0,23,0.7675428957534228,0.0,44.23076923076923
Securities and Commodity Exchanges,10,5987100.0,598710.0,4490325.0,3.7,0,1,0.75,0.0,10.0
Security Guards and Patrol Services,401,147026000.0,366648.3790523691,107596100.0,39.33665835411471,8,67,0.7318168215145621,1.9950124688279303,16.708229426433917
Security Systems Services (except Locksmiths),410,223151200.0,544271.2195121951,163028330.0,11.339024390243903,6,84,0.7305733959754642,1.4634146341463414,20.48780487804878
Semiconductor Machinery Manufacturing,8,13536400.0,1692050.0,10566930.0,11.875,0,1,0.7806307437723472,0.0,12.5
Semiconductor and Related Device Manufacturing,41,48346300.0,1179178.0487804879,34925205.0,11.829268292682928,1,11,0.7223966466927149,2.4390243902439024,26.829268292682926
Septic Tank and Related Services,334,146718000.0,439275.44910179643,110515610.0,6.619760479041916,2,82,0.753251884567674,0.5988023952095808,24.550898203592816
Service Establishment Equipment and Supplies Merchant Wholesalers,181,91751400.0,506913.81215469615,66555970.0,7.226519337016574,0,37,0.7253945988835048,0.0,20.441988950276244
Services for the Elderly and Persons with Disabilities,936,549166500.0,586716.3461538461,411393305.0,28.74145299145299,12,115,0.7491230892634565,1.2820512820512822,12.286324786324787
Sewage Treatment Facilities,17,9750800.0,573576.4705882353,7053300.0,7.9411764705882355,0,4,0.7233560323255528,0.0,23.529411764705884
"Sewing, Needlework, and Piece Goods Retailers",119,31400900.0,263873.1092436975,22832260.0,5.756302521008403,1,8,0.7271211971631386,0.8403361344537815,6.722689075630252
"Sewing, Needlework, and Piece Goods Stores",63,23442700.0,372106.34920634923,18618200.0,6.095238095238095,2,20,0.7942003267541708,3.1746031746031744,31.746031746031747
Sheep Farming,2,219100.0,109550.0,157800.0,2.0,0,0,0.720219078046554,0.0,0.0
Sheer Hosiery Mills,1,1050000.0,1050000.0,787500.0,12.0,0,0,0.75,0.0,0.0
Sheet Metal Work Manufacturing,215,164176500.0,763611.6279069767,123394265.0,14.432558139534883,2,37,0.7515951734870703,0.9302325581395349,17.209302325581394
Shellfish Farming,18,1919000.0,106611.11111111111,1284250.0,6.611111111111111,1,3,0.6692287649817613,5.555555555555555,16.666666666666668
Shellfish Fishing,59,15735600.0,266705.0847457627,10856650.0,4.0508474576271185,1,17,0.6899419151478177,1.694915254237288,28.8135593220339
Ship Building and Repairing,70,52262100.0,746601.4285714285,41147035.0,23.771428571428572,1,21,0.7873207352938363,1.4285714285714286,30.0
Shoe Retailers,209,68126000.0,325961.7224880383,50021470.0,7.244019138755981,2,8,0.7342493321198955,0.9569377990430622,3.827751196172249
Shoe Stores,102,32645600.0,320054.90196078434,25060745.0,6.235294117647059,7,33,0.7676607261009141,6.862745098039215,32.35294117647059
Short Line Railroads,2,1618000.0,809000.0,1446200.0,12.0,0,1,0.8938195302843016,0.0,50.0
"Showcase, Partition, Shelving, and Locker Manufacturing",32,38860600.0,1214393.75,29250113.3,21.6875,0,10,0.7526933011842329,0.0,31.25
Siding Contractors,302,71657700.0,237277.1523178808,51620775.0,6.218543046357616,5,63,0.7203800149879217,1.6556291390728477,20.86092715231788
Sign Manufacturing,612,322467100.0,526907.0261437908,243914583.0,9.882352941176471,3,90,0.7564014530474582,0.49019607843137253,14.705882352941176
Site Preparation Contractors,2013,756209700.0,375663.04023845005,552168420.0,8.711872826626925,21,550,0.7301789701983458,1.0432190760059612,27.3224043715847
Skiing Facilities,18,24278500.0,1348805.5555555555,17378490.0,50.166666666666664,0,2,0.7157975163210247,0.0,11.11111111111111
Small Arms Ammunition Manufacturing,14,10793900.0,770992.8571428572,8536020.0,11.571428571428571,0,5,0.790818888446252,0.0,35.714285714285715
"Small Arms, Ordnance, and Ordnance Accessories Manufacturing",74,46401300.0,627044.5945945946,33548782.29,11.486486486486486,2,15,0.723013844224192,2.7027027027027026,20.27027027027027
Small Electrical Appliance Manufacturing,13,6395900.0,491992.3076923077,4661425.0,10.23076923076923,0,2,0.7288145530730624,0.0,15.384615384615385
Snack and Nonalcoholic Beverage Bars,4948,1873624700.0,378663.03556992725,1412390902.5,14.601050929668553,72,834,0.7538280758681287,1.4551333872271626,16.855295068714632
Soap and Other Detergent Manufacturing,95,61897600.0,651553.6842105263,48801110.0,12.56842105263158,3,19,0.7884168368402006,3.1578947368421053,20.0
Soft Drink Manufacturing,74,22156700.0,299414.86486486485,16528625.0,5.95945945945946,5,16,0.7459876696439451,6.756756756756757,21.62162162162162
Software Publishers,377,199095400.0,528104.5092838196,153454605.0,10.647214854111406,7,92,0.7707591687201211,1.856763925729443,24.40318302387268
"Software and Other Prerecorded Compact Disc, Tape, and Record Reproducing",5,785000.0,157000.0,576250.0,1.6,0,4,0.7340764331210191,0.0,80.0
"Soil Preparation, Planting, and Cultivating",131,60075900.0,458594.6564885496,45333380.0,5.106870229007634,2,39,0.7546017621042714,1.5267175572519085,29.770992366412212
Solar Electric Power Generation,119,69263500.0,582046.218487395,50531650.0,16.10924369747899,9,23,0.7295566929190699,7.563025210084033,19.327731092436974
Solid Waste Collection,677,297940000.0,440088.62629246677,221453040.0,7.048744460856721,10,191,0.7432806605356783,1.4771048744460857,28.212703101920237
Solid Waste Combustors and Incinerators,3,800800.0,266933.3333333333,658380.0,6.333333333333333,0,2,0.8221528471528472,0.0,66.66666666666667
Solid Waste Landfill,23,16471200.0,716139.1304347826,12404140.0,7.130434782608695,0,5,0.7530805284375152,0.0,21.73913043478261
Sound Recording Studios,125,48077100.0,384616.8,37245250.0,5.424,4,21,0.7746983491100753,3.2,16.8
Soybean Farming,41,20355100.0,496465.85365853657,15885850.0,12.951219512195122,0,14,0.7804358612829218,0.0,34.146341463414636
Soybean and Other Oilseed Processing,6,2485000.0,414166.6666666667,1995250.0,3.8333333333333335,0,1,0.8029175050301811,0.0,16.666666666666668
"Special Die and Tool, Die Set, Jig, and Fixture Manufacturing",78,56180700.0,720265.3846153846,43647142.5,15.346153846153847,0,22,0.7769063486215017,0.0,28.205128205128204
Special Needs Transportation,319,80446900.0,252184.6394984326,58614040.0,12.912225705329154,13,54,0.7286053284837576,4.075235109717869,16.927899686520377
Specialized Automotive Repair,232,104569400.0,450730.1724137931,76670575.0,5.943965517241379,3,17,0.7332027820758271,1.293103448275862,7.327586206896552
"Specialized Freight (except Used Goods) Trucking, Local",1208,313198900.0,259270.61258278147,231773370.0,6.616721854304636,43,369,0.7400197446415042,3.5596026490066226,30.54635761589404
"Specialized Freight (except Used Goods) Trucking, Long-Distance",586,143793400.0,245381.22866894197,103980455.0,5.761092150170649,27,161,0.7231239750920417,4.607508532423208,27.474402730375427
Specialty (except Psychiatric and Substance Abuse) Hospitals,27,13454200.0,498303.7037037037,9944420.0,13.851851851851851,0,3,0.7391312749921958,0.0,11.11111111111111
Specialty Canning,8,1804200.0,225525.0,1365500.0,3.875,0,1,0.7568451391198315,0.0,12.5
"Speed Changer, Industrial High-Speed Drive, and Gear Manufacturing",9,7876400.0,875155.5555555555,5784800.0,18.88888888888889,0,3,0.7344472093849982,0.0,33.333333333333336
Spice and Extract Manufacturing,45,18405000.0,409000.0,13621315.0,6.0,2,8,0.7400877478945939,4.444444444444445,17.77777777777778
Sporting Goods Retailers,872,346374800.0,397218.80733944953,251524060.0,6.39908256880734,7,86,0.7261615452394343,0.8027522935779816,9.862385321100918
Sporting Goods Stores,511,231378000.0,452794.5205479452,179718208.97,9.414872798434443,17,183,0.776729892081356,3.3268101761252447,35.81213307240704
Sporting and Athletic Goods Manufacturing,214,134989500.0,630792.0560747663,102532440.0,10.271028037383177,4,48,0.7595586323380707,1.8691588785046729,22.429906542056074
Sporting and Recreational Goods and Supplies Merchant Wholesalers,525,277100300.0,527810.0952380953,209630270.5,6.803809523809524,13,120,0.7565140510493854,2.4761904761904763,22.857142857142858
Sports Teams and Clubs,112,60674000.0,541732.1428571428,44777195.0,9.321428571428571,2,18,0.7379964235092461,1.7857142857142858,16.071428571428573
Sports and Recreation Instruction,1473,704963700.0,478590.4276985743,535656014.5,10.819416157501697,20,247,0.7598348886616432,1.3577732518669383,16.76849966055669
Spring Manufacturing,16,11684600.0,730287.5,8757875.0,18.25,0,8,0.7495228762644849,0.0,50.0
Stationery Product Manufacturing,11,10593000.0,963000.0,8508160.48,11.181818181818182,1,0,0.8031870556027566,9.090909090909092,0.0
Stationery and Office Supplies Merchant Wholesalers,65,51347900.0,789967.6923076923,39023725.0,12.215384615384615,1,9,0.7599867764796613,1.5384615384615385,13.846153846153847
Steam and Air-Conditioning Supply,4,240000.0,60000.0,120000.0,7.0,0,1,0.5,0.0,25.0
Steel Foundries (except Investment),2,570000.0,285000.0,285000.0,3.5,0,0,0.5,0.0,0.0
Steel Investment Foundries,2,350000.0,175000.0,262500.0,2.0,0,0,0.75,0.0,0.0
Steel Wire Drawing,3,1200000.0,400000.0,900000.0,8.0,0,0,0.75,0.0,0.0
Storage Battery Manufacturing,6,11203000.0,1867166.6666666667,9046500.0,38.833333333333336,1,1,0.8075069177898777,16.666666666666668,16.666666666666668
Strawberry Farming,2,30000.0,15000.0,15000.0,8.0,0,0,0.5,0.0,0.0
Structural Steel and Precast Concrete Contractors,196,79305400.0,404619.387755102,56458265.0,13.198979591836734,2,43,0.7119094664423861,1.0204081632653061,21.93877551020408
Sugarcane Farming,1,50000.0,50000.0,42500.0,100.0,0,0,0.85,0.0,0.0
Supermarkets and Other Grocery (except Convenience) Stores,738,650875300.0,881944.8509485095,527539859.2,15.682926829268293,22,263,0.810508340384095,2.9810298102981028,35.636856368563684
Supermarkets and Other Grocery Retailers (except Convenience Retailers),1521,1102403000.0,724788.2971729125,813737111.6,14.649572649572649,23,175,0.7381484916133211,1.5121630506245891,11.505588428665352
Support Activities for Animal Production,250,134130700.0,536522.8,100993875.0,4.98,3,70,0.7529512259311254,1.2,28.0
Support Activities for Coal Mining,4,3037100.0,759275.0,2284075.0,35.75,0,2,0.7520578841658161,0.0,50.0
Support Activities for Forestry,137,37471000.0,273510.9489051095,27757490.0,8.934306569343066,0,36,0.7407725974753809,0.0,26.277372262773724
Support Activities for Metal Mining,15,11085100.0,739006.6666666666,8560375.0,23.133333333333333,0,2,0.7722415675095399,0.0,13.333333333333334
Support Activities for Nonmetallic Minerals (except Fuels) Mining,10,2535100.0,253510.0,1700150.0,4.6,0,4,0.670644156049071,0.0,40.0
Support Activities for Oil and Gas Operations,325,262805600.0,808632.6153846154,200195994.0,17.953846153846154,1,114,0.7617645666606799,0.3076923076923077,35.07692307692308
Support Activities for Printing,64,31086400.0,485725.0,23771495.0,8.796875,2,13,0.7646911511143136,3.125,20.3125
Support Activities for Rail Transportation,20,20467800.0,1023390.0,15339350.0,11.9,0,4,0.7494381418618513,0.0,20.0
Surface Active Agent Manufacturing,2,4915500.0,2457750.0,3686625.0,4.0,0,1,0.75,0.0,50.0
Surface Coal Mining,1,350000.0,350000.0,175000.0,1.0,0,0,0.5,0.0,0.0
Surgical Appliance and Supplies Manufacturing,122,103626800.0,849400.0,79501337.9,15.770491803278688,1,27,0.7671889694557779,0.819672131147541,22.131147540983605
Surgical and Medical Instrument Manufacturing,134,104846900.0,782439.5522388059,80249015.0,10.925373134328359,2,25,0.7653923482716227,1.492537313432836,18.65671641791045
Surveying and Mapping (except Geophysical) Services,175,67541400.0,385950.85714285716,49873465.0,8.982857142857142,1,41,0.7384132546852745,0.5714285714285714,23.428571428571427
Switchgear and Switchboard Apparatus Manufacturing,14,10438500.0,745607.1428571428,8184500.0,11.428571428571429,0,3,0.7840685922306845,0.0,21.428571428571427
Synthetic Rubber Manufacturing,5,1140100.0,228020.0,638825.0,8.0,0,1,0.5603236558196649,0.0,20.0
Tax Preparation Services,1193,331215600.0,277632.5230511316,247319740.96,6.109807208717519,28,191,0.7467031775073396,2.347024308466052,16.010058675607713
Taxi Service,32,6248100.0,195253.125,4750780.0,7.5,0,11,0.7603559482082554,0.0,34.375
Taxi and Ridesharing Services,127,11569500.0,91098.4251968504,8048380.0,4.480314960629921,6,9,0.695654954838152,4.724409448818897,7.086614173228346
Telecommunications Resellers,82,56355800.0,687265.8536585366,43100955.0,11.548780487804878,0,14,0.764800694870803,0.0,17.073170731707318
Telemarketing Bureaus and Other Contact Centers,26,15110300.0,581165.3846153846,11724075.0,37.15384615384615,1,4,0.7758995519612449,3.8461538461538463,15.384615384615385
Telephone Answering Services,39,25399800.0,651276.9230769231,20162420.0,40.51282051282051,1,5,0.7938023134040425,2.5641025641025643,12.820512820512821
Telephone Apparatus Manufacturing,5,5500100.0,1100020.0,4140075.0,10.6,0,0,0.7527272231413974,0.0,0.0
Teleproduction and Other Postproduction Services,59,19796500.0,335533.89830508473,14478455.0,6.254237288135593,1,13,0.7313643825928826,1.694915254237288,22.033898305084747
Television Broadcasting,9,2747900.0,305322.22222222225,2061825.0,4.555555555555555,0,2,0.7503275228356199,0.0,22.22222222222222
Television Broadcasting Stations,7,1521100.0,217300.0,1098775.0,13.142857142857142,0,0,0.7223555321806587,0.0,0.0
Temporary Help Services,256,124985900.0,488226.171875,92974210.0,28.6015625,5,57,0.7438775893920834,1.953125,22.265625
Temporary Shelters,7,2886900.0,412414.28571428574,2127700.0,20.0,0,3,0.7370189476601199,0.0,42.857142857142854
Testing Laboratories,88,57891500.0,657857.9545454546,45411970.0,14.397727272727273,2,35,0.784432429631293,2.272727272727273,39.77272727272727
Testing Laboratories and Services,184,105705600.0,574486.9565217391,78434745.0,10.777173913043478,0,22,0.7420112557896649,0.0,11.956521739130435
Textile Bag Mills,1,80000.0,80000.0,40000.0,0.0,0,0,0.5,0.0,0.0
Textile Bag and Canvas Mills,34,33940400.0,998247.0588235294,25383115.0,12.794117647058824,0,8,0.7478731835806296,0.0,23.529411764705884
Textile and Fabric Finishing Mills,44,17961500.0,408215.9090909091,13598980.0,5.454545454545454,1,4,0.7571182807671964,2.272727272727273,9.090909090909092
Theater Companies and Dinner Theaters,52,23146400.0,445123.07692307694,17215585.0,17.326923076923077,2,5,0.7437694414682197,3.8461538461538463,9.615384615384615
Third Party Administration of Insurance and Pension Funds,9,6548500.0,727611.1111111111,5185975.0,10.777777777777779,0,2,0.7919332671604185,0.0,22.22222222222222
Tile and Terrazzo Contractors,350,118577600.0,338793.14285714284,84604050.0,7.5685714285714285,8,66,0.7134909966131884,2.2857142857142856,18.857142857142858
Timber Tract Operations,31,9165900.0,295674.1935483871,6554080.0,5.193548387096774,0,12,0.7150503496656084,0.0,38.70967741935484
Tire Dealers,406,269937400.0,664870.4433497537,206781230.06,7.822660098522167,2,88,0.766034014034365,0.49261083743842365,21.67487684729064
Tire Manufacturing (except Retreading),5,1955000.0,391000.0,1367500.0,11.2,0,0,0.6994884910485933,0.0,0.0
Tire Retreading,9,6892000.0,765777.7777777778,5147650.0,3.7777777777777777,0,4,0.7469022054556007,0.0,44.44444444444444
Tire and Tube Merchant Wholesalers,48,35427500.0,738072.9166666666,27363465.0,8.354166666666666,1,11,0.7723792251781808,2.0833333333333335,22.916666666666668
Title Abstract and Settlement Offices,119,61302200.0,515144.53781512607,43926522.0,11.764705882352942,2,15,0.7165570240546016,1.680672268907563,12.605042016806722
Tobacco Farming,1,750000.0,750000.0,562500.0,46.0,0,0,0.75,0.0,0.0
Tobacco Manufacturing,4,250800.0,62700.0,213180.0,7.75,0,1,0.85,0.0,25.0
Tobacco Product and Electronic Cigarette Merchant Wholesalers,70,43153100.0,616472.8571428572,31782965.0,6.9714285714285715,3,9,0.7365163800514911,4.285714285714286,12.857142857142858
Tobacco Stores,124,40850800.0,329441.93548387097,31818860.0,6.217741935483871,1,36,0.7789042075063402,0.8064516129032258,29.032258064516128
Tobacco and Tobacco Product Merchant Wholesalers,17,15684500.0,922617.6470588235,11363160.0,7.117647058823529,1,7,0.7244834071854378,5.882352941176471,41.1764705882353
"Tobacco, Electronic Cigarette, and Other Smoking Supplies Retailers",200,66338900.0,331694.5,49055710.0,4.72,1,16,0.7394712604520123,0.5,8.0
Toilet Preparation Manufacturing,74,61838000.0,835648.6486486486,46783565.0,10.45945945945946,5,19,0.7565504220705714,6.756756756756757,25.675675675675677
Tortilla Manufacturing,36,24716100.0,686558.3333333334,18320135.0,9.777777777777779,0,6,0.741222725268145,0.0,16.666666666666668
Totalizing Fluid Meter and Counting Device Manufacturing,6,7254800.0,1209133.3333333333,5602580.0,6.0,0,4,0.7722583668743452,0.0,66.66666666666667
Tour Operators,122,37021400.0,303454.0983606557,28321500.8,7.30327868852459,2,25,0.7650035060802671,1.639344262295082,20.491803278688526
Toy and Hobby Goods and Supplies Merchant Wholesalers,284,126244300.0,444522.1830985916,95042085.0,5.588028169014085,5,64,0.7528425837839807,1.7605633802816902,22.535211267605632
Translation and Interpretation Services,119,51693800.0,434401.6806722689,38909595.0,8.949579831932773,3,18,0.7526936499154637,2.5210084033613445,15.126050420168067
Transportation Equipment and Supplies (except Motor Vehicle) Merchant Wholesalers,165,138951600.0,842130.9090909091,114348480.0,8.024242424242424,1,42,0.822937483267555,0.6060606060606061,25.454545454545453
Travel Agencies,208,39229600.0,188603.84615384616,28171720.0,3.644230769230769,10,30,0.718124069580113,4.8076923076923075,14.423076923076923
Travel Trailer and Camper Manufacturing,49,38116100.0,777879.5918367347,28536830.0,15.061224489795919,3,13,0.7486817906344039,6.122448979591836,26.53061224489796
Tree Nut Farming,12,17810400.0,1484200.0,15532775.0,6.333333333333333,0,5,0.8721182567488658,0.0,41.666666666666664
Truck Trailer Manufacturing,60,48561500.0,809358.3333333334,36927483.0,17.283333333333335,0,8,0.7604271490790029,0.0,13.333333333333334
"Truck, Utility Trailer, and RV (Recreational Vehicle) Rental and Leasing",165,51114400.0,309784.24242424243,39683485.0,4.8969696969696965,4,37,0.7763660534017811,2.4242424242424243,22.424242424242426
Truss Manufacturing,4,2715500.0,678875.0,1897530.0,23.25,0,1,0.6987773890627877,0.0,25.0
"Trust, Fiduciary, and Custody Activities",14,8771400.0,626528.5714285715,6465430.0,5.0,0,2,0.7371035410538797,0.0,14.285714285714286
"Trusts, Estates, and Agency Accounts",25,26971900.0,1078876.0,20692345.0,24.04,0,1,0.7671815852794945,0.0,4.0
Turbine and Turbine Generator Set Units Manufacturing,5,1773000.0,354600.0,1235700.0,5.0,0,2,0.6969543147208122,0.0,40.0
Turkey Production,7,7414200.0,1059171.4285714286,5779800.0,1.8571428571428572,0,3,0.7795581451808692,0.0,42.857142857142854
Underground Coal Mining,1,300000.0,300000.0,225000.0,28.0,0,0,0.75,0.0,0.0
Unlaminated Plastics Film and Sheet (except Packaging) Manufacturing,6,5740000.0,956666.6666666666,4207500.0,16.333333333333332,0,2,0.73301393728223,0.0,33.333333333333336
Unlaminated Plastics Profile Shape Manufacturing,5,5156000.0,1031200.0,4251895.0,68.4,0,5,0.824649922420481,0.0,100.0
Upholstered Household Furniture Manufacturing,82,50293800.0,613339.0243902439,38051265.0,13.878048780487806,0,14,0.7565796380468368,0.0,17.073170731707318
Urethane and Other Foam Product (except Polystyrene) Manufacturing,16,9811800.0,613237.5,7411150.0,16.25,0,2,0.7553303165576143,0.0,12.5
Used Car Dealers,1311,686897900.0,523949.5804729214,532893304.0,5.993897787948131,45,217,0.7757969619647985,3.4324942791762014,16.552250190694128
Used Household and Office Goods Moving,522,218316800.0,418231.41762452107,167612825.0,14.448275862068966,22,88,0.7677504662948522,4.21455938697318,16.85823754789272
Used Merchandise Retailers,345,102442300.0,296934.2028985507,75655218.88,8.634782608695652,6,26,0.7385154265376704,1.7391304347826086,7.536231884057971
Used Merchandise Stores,158,47173600.0,298567.08860759495,37700805.0,9.626582278481013,2,58,0.7991928748282938,1.2658227848101267,36.70886075949367
Vending Machine Operators,759,176856700.0,233012.77997364954,140293025.0,2.862977602108037,11,193,0.7932581858646011,1.4492753623188406,25.428194993412383
Veterinary Services,1591,1929944200.0,1213038.46637335,1468679317.96,12.297297297297296,3,364,0.7609957417214446,0.18856065367693275,22.878692646134507
"Vitreous China, Fine Earthenware, and Other Pottery Product Manufacturing",1,25000.0,25000.0,12500.0,6.0,0,0,0.5,0.0,0.0
Vocational Rehabilitation Services,103,56841400.0,551858.2524271845,43029790.0,16.601941747572816,2,20,0.7570149574078049,1.941747572815534,19.41747572815534
Voluntary Health Organizations,1,150000.0,150000.0,127500.0,5.0,0,1,0.85,0.0,100.0
Warehouse Clubs and Supercenters,18,16022000.0,890111.1111111111,12164030.0,6.222222222222222,0,2,0.759207964049432,0.0,11.11111111111111
Warm Air Heating and Air-Conditioning Equipment and Supplies Merchant Wholesalers,117,102714200.0,877899.1452991453,80227885.0,7.128205128205129,2,33,0.7810788089670172,1.7094017094017093,28.205128205128204
Water Supply and Irrigation Systems,244,114308600.0,468477.868852459,85996355.0,8.352459016393443,5,68,0.7523174546797003,2.0491803278688523,27.868852459016395
Water and Sewer Line and Related Structures Construction,391,192754400.0,492978.00511508953,141837479.0,10.521739130434783,5,104,0.7358456097500239,1.278772378516624,26.59846547314578
Web Search Portals and All Other Information Services,97,39944900.0,411803.09278350516,29643600.0,6.237113402061856,1,16,0.7421122596376508,1.0309278350515463,16.49484536082474
Welding and Soldering Equipment Manufacturing,117,34542800.0,295237.6068376068,25778360.0,6.478632478632479,4,23,0.7462730294012067,3.4188034188034186,19.65811965811966
Wet Corn Milling,1,718800.0,718800.0,646920.0,24.0,0,0,0.9,0.0,0.0
Wheat Farming,18,1790800.0,99488.88888888889,1099850.0,2.888888888888889,0,3,0.6141668528032165,0.0,16.666666666666668
Wholesale Trade Agents and Brokers,528,262971300.0,498051.70454545453,203503035.0,5.553030303030303,14,104,0.7738602463462743,2.6515151515151514,19.696969696969695
Wind Electric Power Generation,4,2080000.0,520000.0,1352000.0,19.25,0,1,0.65,0.0,25.0
Window Treatment Retailers,241,97181300.0,403241.908713693,72738700.0,5.170124481327801,4,18,0.7484845335470919,1.6597510373443984,7.468879668049793
Window Treatment Stores,139,42092000.0,302820.1438848921,33503185.0,5.201438848920863,3,47,0.7959513684310557,2.158273381294964,33.81294964028777
Wine and Distilled Alcoholic Beverage Merchant Wholesalers,276,96264900.0,348785.8695652174,72550835.0,5.8478260869565215,7,44,0.7536582388804227,2.536231884057971,15.942028985507246
Wineries,313,182887900.0,584306.3897763578,140182805.0,8.789137380191693,7,65,0.7664957878569332,2.236421725239617,20.766773162939298
Wired Telecommunications Carriers,68,50237900.0,738792.6470588235,38100815.0,11.044117647058824,0,14,0.7584077957080212,0.0,20.58823529411765
Wireless Telecommunications Carriers (except Satellite),123,107088800.0,870640.650406504,79412095.0,18.45528455284553,4,26,0.7415536918893479,3.252032520325203,21.13821138211382
Women's Clothing Stores,291,62915700.0,216205.15463917525,48146105.0,4.615120274914089,29,91,0.7652478634108816,9.965635738831615,31.27147766323024
Women's Handbag and Purse Manufacturing,1,500000.0,500000.0,250000.0,1.0,0,0,0.5,0.0,0.0
"Women's, Children's, and Infants' Clothing and Accessories Merchant Wholesalers",171,131796600.0,770740.350877193,105837681.18,6.9298245614035086,19,60,0.8030380235908969,11.11111111111111,35.08771929824562
"Women’s, Girls’, and Infants’ Cut and Sew Apparel Manufacturing",23,21552500.0,937065.2173913043,16174565.0,12.26086956521739,1,9,0.7504727989792368,4.3478260869565215,39.130434782608695
Wood Container and Pallet Manufacturing,157,147331400.0,938416.5605095541,109317836.0,14.94267515923567,1,32,0.7419859989112979,0.6369426751592356,20.38216560509554
Wood Kitchen Cabinet and Countertop Manufacturing,527,313489400.0,594856.5464895635,233674227.6,10.789373814041745,7,93,0.7453975400763152,1.3282732447817838,17.647058823529413
Wood Office Furniture Manufacturing,25,11173700.0,446948.0,8306025.0,26.24,0,5,0.7433549316699034,0.0,20.0
Wood Preservation,14,1548500.0,110607.14285714286,1277375.0,3.9285714285714284,1,3,0.8249112043913465,7.142857142857143,21.428571428571427
Wood Window and Door Manufacturing,118,101451200.0,859755.9322033898,77541625.0,15.457627118644067,5,27,0.7643243746747205,4.237288135593221,22.88135593220339
Zoos and Botanical Gardens,10,10193300.0,1019330.0,7580570.0,11.4,0,2,0.7436816340144997,0.0,20.0
