BankName,loan_count,total_approval,average_loan_amount,total_sba_guaranteed,average_jobs_supported,charge_off_count,paid_in_full_count,guarantee_pct,charge_off_rate_pct,paid_in_full_rate_pct
1NB Bank,4,1044000.0,261000.0,726900.0,3.75,0,1,0.6962643678160919,0.0,25.0
1st Community FCU,7,5972000.0,853142.8571428572,4502600.0,12.428571428571429,0,1,0.7539517749497656,0.0,14.285714285714286
1st Financial Bank USA,85,167326500.0,1968547.0588235294,126576375.0,10.952941176470588,2,5,0.7564634113544477,2.3529411764705883,5.882352941176471
1st National Bank,2,2142500.0,1071250.0,1846875.0,18.5,0,1,0.8620186697782963,0.0,50.0
1st Security Bank of Washington,123,18926400.0,153873.17073170733,14009030.0,8.0,0,27,0.7401846098571307,0.0,21.951219512195124
1st Source Bank,564,114640400.0,203263.12056737588,81234787.4,7.700354609929078,5,192,0.708605233408118,0.8865248226950354,34.04255319148936
1st State Bank,64,27503900.0,429748.4375,20375280.0,11.234375,0,16,0.7408142118026898,0.0,25.0
1st Summit Bank,2,1490000.0,745000.0,1132500.0,15.0,0,0,0.7600671140939598,0.0,0.0
21st Century Bank,222,94170800.0,424192.7927927928,73030530.0,16.68018018018018,0,80,0.7755114111805358,0.0,36.03603603603604
"22nd State Bank, A Division of 22nd State Banking Company",315,366273800.0,1162773.9682539683,287567095.0,15.00952380952381,0,54,0.785115110608512,0.0,17.142857142857142
360 FCU,1,80600.0,80600.0,68510.0,4.0,0,0,0.85,0.0,0.0
4Front Credit Union,93,27950200.0,300539.7849462366,21329635.0,11.763440860215054,0,16,0.7631299597140628,0.0,17.204301075268816
5Star Bank,11,3916000.0,356000.0,3044455.0,14.727272727272727,0,4,0.7774399897854954,0.0,36.36363636363637
A N E C A FCU,6,1173100.0,195516.66666666666,850585.0,10.666666666666666,0,2,0.7250745886966158,0.0,33.333333333333336
ACC Capital,83,35019500.0,421921.686746988,26437365.0,13.566265060240964,1,13,0.7549326803637973,1.2048192771084338,15.662650602409638
ACNB Bank,15,15250400.0,1016693.3333333334,11788250.0,12.866666666666667,0,5,0.772979725121964,0.0,33.333333333333336
AG CREDIT ACA,1,315000.0,315000.0,236250.0,2.0,0,0,0.75,0.0,0.0
"AMPAC Tri-State CDC, Inc.",214,35975400.0,168109.34579439252,27787980.0,7.299065420560748,4,11,0.7724161510365416,1.8691588785046729,5.140186915887851
AVB Bank,7,2706600.0,386657.14285714284,2175715.0,10.714285714285714,0,3,0.8038553905268603,0.0,42.857142857142854
AbbyBank,14,3828800.0,273485.71428571426,2790700.0,14.857142857142858,0,1,0.728870664437944,0.0,7.142857142857143
Abound FCU,1,317800.0,317800.0,238350.0,5.0,0,0,0.75,0.0,0.0
Academy Bank National Association,41,21899900.0,534143.9024390244,15637435.0,22.21951219512195,0,8,0.7140413883168416,0.0,19.51219512195122
Acadia FCU,13,1631900.0,125530.76923076923,878450.0,1.8461538461538463,0,6,0.5382989153747166,0.0,46.15384615384615
Access Bank,9,13545100.0,1505011.111111111,10577825.0,18.77777777777778,0,3,0.7809336955799514,0.0,33.333333333333336
Access to Capital for Entrepreneurs,1,248000.0,248000.0,186000.0,16.0,0,1,0.75,0.0,100.0
Accion Opportunity Fund Community Development,21,5050600.0,240504.7619047619,3866530.0,11.142857142857142,0,0,0.765558547499307,0.0,0.0
Accompany Capital,46,10439000.0,226934.78260869565,8152850.0,11.282608695652174,3,1,0.7809991378484529,6.521739130434782,2.1739130434782608
Achieva CU,14,8005400.0,571814.2857142857,6230195.0,11.928571428571429,1,5,0.7782490568866015,7.142857142857143,35.714285714285715
Adams Bank & Trust,35,13419500.0,383414.28571428574,9527200.0,11.8,0,8,0.709951935616081,0.0,22.857142857142858
Adams Community Bank,21,3557100.0,169385.7142857143,2164720.0,5.142857142857143,0,10,0.6085631553793821,0.0,47.61904761904762
Adelphi Bank,4,455500.0,113875.0,362775.0,5.5,0,1,0.7964324917672887,0.0,25.0
Adirondack Bank,2,896000.0,448000.0,747900.0,3.0,0,0,0.8347098214285714,0.0,0.0
Adventure CU,4,2439300.0,609825.0,2027250.0,8.5,0,1,0.8310785881195425,0.0,25.0
"Affinity Bank, National Association",6,8821600.0,1470266.6666666667,6753700.0,20.166666666666668,0,3,0.7655867416341706,0.0,50.0
Affinity Plus FCU,37,4887800.0,132102.7027027027,3445280.0,5.081081081081081,1,7,0.7048733581570441,2.7027027027027026,18.91891891891892
African Development Center,9,2421200.0,269022.22222222225,1904900.0,6.555555555555555,0,0,0.7867586320832645,0.0,0.0
"AgSouth Farm Credit, FLCA",4,8132900.0,2033225.0,6943932.720000001,3.75,0,0,0.8538077094271417,0.0,0.0
"Agility Bank, National Association",2,1426000.0,713000.0,1069500.0,14.5,0,0,0.75,0.0,0.0
Air Academy Federal Credit Union,8,10344300.0,1293037.5,7847440.0,11.125,0,0,0.7586245565190491,0.0,0.0
"Alaska Growth Capital BIDCO, Inc.",101,105332000.0,1042891.0891089109,82391980.0,17.386138613861387,0,28,0.7822122431929518,0.0,27.722772277227723
Alden State Bank,3,1099500.0,366500.0,824625.0,6.0,0,0,0.75,0.0,0.0
"Alerus Financial, National Association",210,182637600.0,869702.8571428572,142501137.5,16.21904761904762,1,37,0.7802398711984827,0.47619047619047616,17.61904761904762
Align Credit Union,15,2150200.0,143346.66666666666,1125100.0,6.2,1,5,0.5232536508231792,6.666666666666667,33.333333333333336
All Capital Bank,13,10189000.0,783769.2307692308,7666320.0,12.76923076923077,0,0,0.7524114240847973,0.0,0.0
All One Credit Union,6,1170000.0,195000.0,862500.0,12.833333333333334,0,1,0.7371794871794872,0.0,16.666666666666668
Alliance Bank,16,9229800.0,576862.5,7070760.0,25.1875,0,4,0.7660794383410258,0.0,25.0
Alliance Catholic CU,6,5356200.0,892700.0,4017150.0,17.333333333333332,0,0,0.75,0.0,0.0
Alliance Credit Union,6,3044400.0,507400.0,2117070.0,20.833333333333332,0,0,0.6953981080015766,0.0,0.0
Alliant Bank,5,8775100.0,1755020.0,6944224.0,7.8,0,3,0.7913555401078051,0.0,60.0
Alma Bank,18,22436000.0,1246444.4444444445,16074912.5,22.055555555555557,1,3,0.7164785389552505,5.555555555555555,16.666666666666668
Alpine Bank,5,7618900.0,1523780.0,5930425.0,28.2,0,1,0.778383362427647,0.0,20.0
AltCap,1,150000.0,150000.0,127500.0,10.0,0,0,0.85,0.0,0.0
AltaOne FCU,4,1553700.0,388425.0,1165275.0,5.0,0,1,0.75,0.0,25.0
Altana Federal Credit Union,7,1898900.0,271271.4285714286,1575565.0,10.285714285714286,0,4,0.8297251040075834,0.0,57.142857142857146
Altra Federal Credit Union,25,4052300.0,162092.0,3346350.0,7.84,1,7,0.8257902919329764,4.0,28.0
Ambler Savings Bank,11,6987000.0,635181.8181818182,5373500.0,16.636363636363637,0,1,0.769071132102476,0.0,9.090909090909092
"Amerant Bank, National Association",96,120089800.0,1250935.4166666667,92425325.0,17.21875,2,38,0.7696350980682789,2.0833333333333335,39.583333333333336
AmeriState Bank,22,23601400.0,1072790.9090909092,16919425.0,23.727272727272727,0,1,0.7168822612217919,0.0,4.545454545454546
America First Federal Credit Union,767,729695500.0,951363.1029986963,563274740.51,16.220338983050848,3,199,0.7719312240653807,0.39113428943937417,25.945241199478488
"America's Credit Union, A FCU",1,200000.0,200000.0,150000.0,10.0,0,1,0.75,0.0,100.0
American Bank,214,158177200.0,739145.7943925234,116543390.0,14.551401869158878,2,23,0.7367900683537197,0.9345794392523364,10.74766355140187
"American Bank & Trust Company, Inc.",20,4340800.0,217040.0,3329980.0,6.3,0,3,0.7671350903059344,0.0,15.0
American Bank and Trust,6,8218500.0,1369750.0,6079500.0,7.333333333333333,0,0,0.7397335280160613,0.0,0.0
American Bank and Trust Company,4,5712700.0,1428175.0,4666624.0,55.75,0,2,0.8168858858333188,0.0,50.0
American Bank of Commerce,76,31728300.0,417477.63157894736,23872270.0,12.013157894736842,2,18,0.75239675620818,2.6315789473684212,23.68421052631579
American Bank of Freedom,79,76898600.0,973400.0,62274925.0,14.481012658227849,0,27,0.8098317134512202,0.0,34.177215189873415
American Bank of the Carolinas d/b/a American Bank,1,306000.0,306000.0,229500.0,9.0,0,0,0.75,0.0,0.0
"American Bank, National Association",30,51367000.0,1712233.3333333333,40086750.0,13.033333333333333,0,10,0.7803988942317052,0.0,33.333333333333336
American Business Bank,102,89478400.0,877239.2156862745,68815332.0,27.166666666666668,0,41,0.7690719994993205,0.0,40.19607843137255
"American Commerce Bank, National Association",18,35912800.0,1995155.5555555555,27079500.0,13.166666666666666,0,6,0.7540347731171059,0.0,33.333333333333336
American Community Bank,1,820000.0,820000.0,615000.0,7.0,0,0,0.75,0.0,0.0
American Community Bank & Trust,44,30305400.0,688759.0909090909,21873850.0,21.454545454545453,0,18,0.7217806067565516,0.0,40.90909090909091
American Community Bank of Indiana,16,8508100.0,531756.25,6762175.0,15.5,0,4,0.7947926093957522,0.0,25.0
American Continental Bank,254,270097100.0,1063374.409448819,209979625.0,9.700787401574804,1,62,0.7774227305661556,0.3937007874015748,24.409448818897637
American Exchange Bank,4,3147000.0,786750.0,2346300.0,4.25,0,1,0.7455672068636797,0.0,25.0
American Federal Bank,1,2000000.0,2000000.0,1500000.0,30.0,0,0,0.75,0.0,0.0
American Heritage National Bank,4,178000.0,44500.0,89000.0,12.5,0,2,0.5,0.0,50.0
American Momentum Bank,234,248858000.0,1063495.7264957265,191707249.5,18.77777777777778,0,43,0.7703479474238321,0.0,18.376068376068375
American Nation Bank,1,37900.0,37900.0,32215.0,15.0,0,1,0.85,0.0,100.0
American National Bank and Trust,28,23393800.0,835492.8571428572,18574770.0,13.928571428571429,2,1,0.794003966863015,7.142857142857143,3.5714285714285716
American National Bank of Minnesota,11,980000.0,89090.90909090909,552500.0,2.0,0,4,0.5637755102040817,0.0,36.36363636363637
American National Bank-Fox Cities,63,16973200.0,269415.873015873,12066725.0,8.698412698412698,0,15,0.7109281101972521,0.0,23.80952380952381
American Plus Bank National Association,19,19609700.0,1032089.4736842106,17000025.0,17.736842105263158,0,5,0.8669191777538667,0.0,26.31578947368421
American Pride Bank,14,40660000.0,2904285.714285714,31702720.0,11.857142857142858,0,5,0.7797029021151008,0.0,35.714285714285715
American Riviera Bank,79,39042100.0,494203.7974683544,29596750.0,15.278481012658228,0,26,0.7580726958846988,0.0,32.91139240506329
"American Savings Bank, National Association",1,25000.0,25000.0,12500.0,2.0,1,0,0.5,100.0,0.0
American State Bank,1,1680000.0,1680000.0,1512000.0,30.0,0,0,0.9,0.0,0.0
American State Bank and Trust Company of Williston,3,368900.0,122966.66666666667,184450.0,2.6666666666666665,0,2,0.5,0.0,66.66666666666667
American United FCU,5,1138800.0,227760.0,826700.0,29.6,0,0,0.7259395855286266,0.0,0.0
Americana Community Bank,5,830000.0,166000.0,415000.0,12.0,0,5,0.5,0.0,100.0
Americu CU,4,4581500.0,1145375.0,3436125.0,5.5,0,0,0.75,0.0,0.0
Ameris Bank,322,342606700.0,1063995.9627329193,273587559.57,15.816770186335404,0,140,0.7985470207383568,0.0,43.47826086956522
Amistad Bank,5,7952200.0,1590440.0,5996850.0,22.4,0,0,0.7541120696159553,0.0,0.0
Amplify CU,5,4897300.0,979460.0,3521050.0,16.2,0,1,0.7189778040961347,0.0,20.0
Andover State Bank,7,1270300.0,181471.42857142858,926225.0,14.285714285714286,1,1,0.7291387861135165,14.285714285714286,14.285714285714286
Androscoggin Savings Bank,64,18862700.0,294729.6875,13766500.0,10.28125,1,14,0.7298265889824892,1.5625,21.875
Anstaff Bank,4,5371400.0,1342850.0,4584345.0,19.25,0,2,0.8534730237926798,0.0,50.0
Apex Bank,6,5007100.0,834516.6666666666,3755325.0,11.666666666666666,0,0,0.75,0.0,0.0
Applied Bank,1,500000.0,500000.0,375000.0,30.0,0,0,0.75,0.0,0.0
Arbor Bank,72,30527100.0,423987.5,21240700.0,17.65277777777778,1,23,0.6957981596679671,1.3888888888888888,31.944444444444443
Arbor Financial Credit Union,14,5344700.0,381764.28571428574,4268755.0,12.0,0,4,0.798689355810429,0.0,28.571428571428573
Arcadian Bank,10,7336500.0,733650.0,5437125.0,6.1,0,1,0.7411061132692701,0.0,10.0
Arcata Economic Development Corporation,10,1149000.0,114900.0,912450.0,3.8,2,0,0.7941253263707572,20.0,0.0
Arize FCU,3,409600.0,136533.33333333334,320160.0,9.666666666666666,0,0,0.781640625,0.0,0.0
Arizona Capital Source,104,20718200.0,199213.46153846153,16162635.0,10.134615384615385,2,18,0.7801177225820776,1.9230769230769231,17.307692307692307
Arizona Financial Credit Union,138,87228100.0,632087.6811594203,68433115.0,12.5,0,50,0.784530615707553,0.0,36.231884057971016
Arkansas FCU,13,6183300.0,475638.46153846156,4656875.0,4.0,0,0,0.7531374832209338,0.0,0.0
Arlington Community FCU,3,820000.0,273333.3333333333,590000.0,9.666666666666666,1,0,0.7195121951219512,33.333333333333336,0.0
Arlo Bank,4,6727000.0,1681750.0,5045250.0,17.25,0,0,0.75,0.0,0.0
Armstrong Bank,26,18198700.0,699950.0,13456330.0,12.576923076923077,0,6,0.7394116063235286,0.0,23.076923076923077
Arrow Bank National Association,116,12856200.0,110829.31034482758,8278415.0,5.724137931034483,0,22,0.6439239433113984,0.0,18.96551724137931
Arrowhead Federal Credit Union,7,715100.0,102157.14285714286,589835.0,4.571428571428571,0,0,0.8248286952873723,0.0,0.0
Arsenal CU,8,905400.0,113175.0,729390.0,5.125,0,2,0.8055997349237906,0.0,25.0
Arvest Bank,640,169996500.0,265619.53125,123857815.0,7.778125,10,225,0.7285903827431741,1.5625,35.15625
Ascend Bank,3,6674000.0,2224666.6666666665,5005500.0,65.0,0,1,0.75,0.0,33.333333333333336
"Ascendus, Inc.",5,660000.0,132000.0,520500.0,6.8,0,0,0.7886363636363637,0.0,0.0
Ascent Bank,12,6690700.0,557558.3333333334,4940555.0,14.416666666666666,0,4,0.738421241424664,0.0,33.333333333333336
Ascentra CU,1,250000.0,250000.0,187500.0,13.0,0,0,0.75,0.0,0.0
Asian Bank,18,3638900.0,202161.11111111112,2739365.0,6.944444444444445,0,0,0.7528002967929869,0.0,0.0
Aspire Bank,68,17827100.0,262163.23529411765,10822825.0,10.823529411764707,0,39,0.6070995843406948,0.0,57.35294117647059
Assemblies of God CU,2,988000.0,494000.0,815700.0,15.5,0,0,0.8256072874493927,0.0,0.0
Associated Bank National Association,417,230140300.0,551895.2038369305,169958114.2,21.215827338129497,8,88,0.7384978389269502,1.9184652278177459,21.103117505995204
Atlantic Regional Federal Credit Union,30,2636000.0,87866.66666666667,1377000.0,9.166666666666666,0,6,0.5223823975720789,0.0,20.0
Atlantic Union Bank,194,152017100.0,783593.2989690722,113998820.0,20.603092783505154,0,43,0.749907872206482,0.0,22.164948453608247
Austin Bank Texas National Association,13,5951700.0,457823.07692307694,4748290.0,11.615384615384615,0,4,0.797803988776316,0.0,30.76923076923077
Availa Bank,4,5209500.0,1302375.0,3907125.0,32.75,0,0,0.75,0.0,0.0
Avana Bank,1,135000.0,135000.0,114750.0,2.0,0,0,0.85,0.0,0.0
Avidia Bank,72,30362800.0,421705.55555555556,22302325.0,18.40277777777778,0,8,0.7345279420870275,0.0,11.11111111111111
Awakon FCU,2,467000.0,233500.0,350250.0,10.0,0,0,0.75,0.0,0.0
"Axiom Bank, National Association",16,5129600.0,320600.0,4046665.0,18.5625,0,5,0.7888850982532751,0.0,31.25
B2 Bank National Association,1,220000.0,220000.0,198000.0,10.0,0,0,0.9,0.0,0.0
B:Side Capital,19,3001900.0,157994.73684210525,2505815.0,7.578947368421052,0,5,0.8347429961024684,0.0,26.31578947368421
BANK,3,1139500.0,379833.3333333333,854625.0,18.666666666666668,0,0,0.75,0.0,0.0
BANK 21,2,301500.0,150750.0,239175.0,7.5,0,2,0.7932835820895522,0.0,100.0
BANK360,7,6697600.0,956800.0,5363950.0,8.571428571428571,0,0,0.8008764333492594,0.0,0.0
BANKWEST,13,10162200.0,781707.6923076923,7791100.0,18.76923076923077,0,5,0.7666745389777804,0.0,38.46153846153846
"BBIF Captial, Inc.",21,2720000.0,129523.80952380953,2137500.0,16.0,0,4,0.7858455882352942,0.0,19.047619047619047
BCB Community Bank,3,6324600.0,2108200.0,4803450.0,31.0,0,1,0.7594867659614837,0.0,33.333333333333336
BDC Community Capital Corporation,2,580000.0,290000.0,435000.0,4.5,0,0,0.75,0.0,0.0
BHCU D/B/A Propell Credit Union,9,4605000.0,511666.6666666667,3502500.0,14.777777777777779,0,2,0.760586319218241,0.0,22.22222222222222
BHM Bank,3,819900.0,273300.0,614925.0,55.333333333333336,0,2,0.75,0.0,66.66666666666667
"BIZCapital BIDCO II, LLC",3,6082000.0,2027333.3333333333,5270710.0,80.0,0,0,0.8666080236764222,0.0,0.0
BLC Community Bank,5,3116000.0,623200.0,1975250.0,8.6,0,2,0.633905648267009,0.0,40.0
BMO Bank National Association,1300,1076225400.0,827865.6923076923,842039164.22,12.452307692307693,17,248,0.7824003821318471,1.3076923076923077,19.076923076923077
BNA Bank,4,777300.0,194325.0,613475.0,8.25,1,3,0.789238389296282,25.0,75.0
BNC National Bank,74,33830000.0,457162.1621621622,26190150.0,14.945945945945946,1,13,0.7741693762932309,1.3513513513513513,17.56756756756757
"BOKF, National Association",215,180807600.0,840965.5813953489,140654060.0,17.367441860465117,0,60,0.7779211714551822,0.0,27.906976744186046
BOM Bank,4,5170000.0,1292500.0,3877500.0,41.0,0,0,0.75,0.0,0.0
Ballston Spa National Bank,6,751800.0,125300.0,457100.0,3.8333333333333335,0,3,0.6080074487895717,0.0,50.0
"Baltimore Community Lending, Inc.",2,700000.0,350000.0,525000.0,12.5,0,0,0.75,0.0,0.0
Banc of California,549,775835800.0,1413179.9635701275,604394529.36,10.058287795992713,4,115,0.7790237694110017,0.7285974499089253,20.947176684881605
BancFirst,702,286459300.0,408061.6809116809,218735090.0,11.632478632478632,17,199,0.7635817374405369,2.421652421652422,28.34757834757835
Banco Popular de Puerto Rico,1702,283872600.0,166787.6615746181,183526182.31,11.487074030552291,5,328,0.6465089702563755,0.2937720329024677,19.27144535840188
Banesco USA,317,239445600.0,755348.8958990537,189902789.0,11.867507886435332,0,30,0.7930936672045759,0.0,9.46372239747634
Bangor Savings Bank,354,63691100.0,179918.3615819209,44187155.0,9.505649717514125,0,78,0.6937728348230757,0.0,22.033898305084747
Bank CMG,4,2746600.0,686650.0,2020850.0,3.0,0,2,0.7357642175780965,0.0,50.0
"Bank First, N.A.",288,150100500.0,521182.2916666667,113096113.6,14.135416666666666,1,86,0.7534692662582736,0.3472222222222222,29.86111111111111
Bank Five Nine,767,655742300.0,854944.3285528031,510322845.7,13.823989569752282,2,115,0.77823688619752,0.2607561929595828,14.99348109517601
Bank Forward,30,7524600.0,250820.0,5124800.0,11.566666666666666,0,23,0.6810727480530526,0.0,76.66666666666667
Bank Iowa,32,9027200.0,282100.0,6992870.0,5.34375,0,6,0.7746444080113435,0.0,18.75
Bank Michigan,67,52567500.0,784589.5522388059,38858180.0,18.895522388059703,0,21,0.7392054025776382,0.0,31.34328358208955
Bank Midwest,25,11607700.0,464308.0,8695095.0,12.8,0,7,0.7490799210868647,0.0,28.0
Bank Northwest,9,3194200.0,354911.1111111111,2733255.0,21.0,0,2,0.8556931313004821,0.0,22.22222222222222
Bank OZK,256,120597400.0,471083.59375,94437185.0,12.69140625,3,67,0.7830781177703665,1.171875,26.171875
Bank Star,6,1344700.0,224116.66666666666,1097330.0,11.166666666666666,0,0,0.8160407525842195,0.0,0.0
Bank and Trust Company,2,2567300.0,1283650.0,1939205.0,6.5,0,1,0.7553480310053363,0.0,50.0
Bank of Alma,1,1000000.0,1000000.0,500000.0,40.0,0,1,0.5,0.0,100.0
"Bank of America, National Association",4171,2009006600.0,481660.65691680653,1364841424.84,10.939103332534165,13,665,0.6793613444774148,0.31167585710860707,15.943418844401823
Bank of Ann Arbor,68,61302400.0,901505.8823529412,46976050.0,13.235294117647058,0,14,0.7663003406065668,0.0,20.58823529411765
Bank of Bartlett,11,8419500.0,765409.0909090909,7136475.0,9.181818181818182,0,5,0.8476126848387672,0.0,45.45454545454545
Bank of Belleville,45,21337500.0,474166.6666666667,16940930.0,19.466666666666665,1,17,0.7939510251903925,2.2222222222222223,37.77777777777778
Bank of Botetourt,1,773500.0,773500.0,580125.0,8.0,0,0,0.75,0.0,0.0
Bank of Bozeman,2,565000.0,282500.0,483750.0,23.5,1,0,0.8561946902654868,50.0,0.0
Bank of Bridger National Association,128,35099700.0,274216.40625,26316325.0,8.078125,1,82,0.7497592572016285,0.78125,64.0625
Bank of Camilla,2,7170000.0,3585000.0,5377500.0,13.5,0,1,0.75,0.0,50.0
Bank of Central Florida,38,31301100.0,823713.1578947369,24655575.0,17.736842105263158,1,6,0.7876903687090869,2.6315789473684212,15.789473684210526
Bank of Clarke,95,88463900.0,931198.947368421,65947855.0,24.852631578947367,2,10,0.7454775902938939,2.1052631578947367,10.526315789473685
Bank of Colorado,21,15095400.0,718828.5714285715,12282990.0,16.761904761904763,0,3,0.8136909257124687,0.0,14.285714285714286
Bank of Columbia,1,76500.0,76500.0,65025.0,2.0,0,1,0.85,0.0,100.0
Bank of Commerce,2,3547700.0,1773850.0,2660775.0,158.0,0,0,0.75,0.0,0.0
Bank of Dudley,22,37741500.0,1715522.7272727273,29714455.0,7.863636363636363,0,6,0.787315157055231,0.0,27.272727272727273
Bank of Franklin County,27,14545800.0,538733.3333333334,9973745.0,21.037037037037038,1,9,0.6856786838812579,3.7037037037037037,33.333333333333336
Bank of Guam,17,4693600.0,276094.1176470588,2962150.0,22.11764705882353,0,3,0.6311040565876939,0.0,17.647058823529413
Bank of Hawaii,7,1504000.0,214857.14285714287,965500.0,9.571428571428571,0,4,0.6419547872340425,0.0,57.142857142857146
Bank of Hays,133,38531900.0,289713.53383458644,29727760.0,8.338345864661655,0,59,0.7715103589493381,0.0,44.3609022556391
Bank of Hope,1634,1303259700.0,797588.5556915544,978938467.7,8.714810281517748,36,447,0.7511461205314643,2.2031823745410035,27.356181150550796
Bank of Hydro,8,4165800.0,520725.0,3234700.0,6.375,0,2,0.7764895098180421,0.0,25.0
Bank of Jackson Hole Trust,22,4421500.0,200977.27272727274,3537160.0,12.772727272727273,0,0,0.7999909532963926,0.0,0.0
Bank of Labor,1,772000.0,772000.0,579000.0,41.0,0,1,0.75,0.0,100.0
Bank of Lake Mills,4,687000.0,171750.0,494000.0,3.5,0,2,0.7190684133915575,0.0,50.0
Bank of Luxemburg,16,7156500.0,447281.25,5487375.0,14.5,0,1,0.7667679731712429,0.0,6.25
Bank of Mauston,9,2547500.0,283055.55555555556,1432000.0,28.0,0,2,0.5621197252208047,0.0,22.22222222222222
Bank of New Hampshire,41,4630800.0,112946.34146341463,3140890.0,7.414634146341464,0,11,0.6782607756759091,0.0,26.829268292682926
Bank of Newington,6,2350000.0,391666.6666666667,1830000.0,11.5,0,1,0.7787234042553192,0.0,16.666666666666668
Bank of O'Fallon,3,383800.0,127933.33333333333,303730.0,11.0,0,1,0.7913757165190203,0.0,33.333333333333336
Bank of Oak Ridge,165,164339800.0,995998.7878787878,125051455.0,15.381818181818181,0,13,0.7609322574324662,0.0,7.878787878787879
Bank of Odessa,1,349000.0,349000.0,314100.0,22.0,0,0,0.9,0.0,0.0
Bank of Pontiac,1,108000.0,108000.0,91800.0,3.0,0,1,0.85,0.0,100.0
Bank of Prairie Du Sac,5,3150100.0,630020.0,2285075.0,12.0,0,2,0.7253976064251928,0.0,40.0
Bank of San Francisco,19,31494700.0,1657615.7894736843,24661775.0,30.42105263157895,1,8,0.7830452425328706,5.2631578947368425,42.10526315789474
Bank of Springfield,212,71132400.0,335530.1886792453,54371880.0,6.938679245283019,4,40,0.7643757275165747,1.8867924528301887,18.867924528301888
Bank of St. Francisville,7,15545400.0,2220771.4285714286,11995785.4,24.571428571428573,0,2,0.7716614175254416,0.0,28.571428571428573
Bank of Star Valley,1,45000.0,45000.0,22500.0,2.0,0,0,0.5,0.0,0.0
Bank of Sun Prairie,14,7059100.0,504221.4285714286,5819240.0,16.928571428571427,1,6,0.8243600458982023,7.142857142857143,42.857142857142854
Bank of Sunset and Trust Company,1,65000.0,65000.0,32500.0,2.0,0,1,0.5,0.0,100.0
Bank of Tennessee,3,537300.0,179100.0,391300.0,9.0,1,0,0.7282709845523916,33.333333333333336,0.0
Bank of Travelers Rest,41,25326600.0,617721.9512195121,20273880.0,19.195121951219512,0,13,0.800497500651489,0.0,31.70731707317073
Bank of Utah,37,37320800.0,1008670.2702702703,29981310.0,26.054054054054053,0,10,0.8033404964523805,0.0,27.027027027027028
Bank of Washington,11,5288200.0,480745.45454545453,3961285.0,8.363636363636363,0,0,0.7490800272304375,0.0,0.0
Bank of Wisconsin Dells,8,1242800.0,155350.0,873100.0,41.375,0,0,0.702526552944963,0.0,0.0
Bank of the Bluegrass & Trust Company,3,393300.0,131100.0,310905.0,23.0,0,2,0.7905034324942791,0.0,66.66666666666667
Bank of the Flint Hills,5,2224500.0,444900.0,1615975.0,6.8,0,1,0.7264441447516296,0.0,20.0
Bank of the Orient,43,69411900.0,1614230.2325581396,54840305.0,4.6976744186046515,0,13,0.7900706507097486,0.0,30.232558139534884
Bank of the Pacific,23,10150700.0,441334.7826086957,7547575.0,10.652173913043478,0,4,0.7435521688159438,0.0,17.391304347826086
Bank of the Rockies,25,13254100.0,530164.0,8061300.0,9.0,0,6,0.6082117986132592,0.0,24.0
Bank of the Sierra,1,120000.0,120000.0,90000.0,8.0,0,1,0.75,0.0,100.0
Bank of the Southwest,18,12023200.0,667955.5555555555,10042525.0,16.88888888888889,0,6,0.8352622429968727,0.0,33.333333333333336
Bank of the Valley,1,3900000.0,3900000.0,2925000.0,62.0,0,1,0.75,0.0,100.0
Bank of the West,20,16498300.0,824915.0,12983505.0,8.3,0,6,0.7869601716540492,0.0,30.0
Bank3,11,10369400.0,942672.7272727273,8370210.0,16.181818181818183,1,0,0.8072029239878874,9.090909090909092,0.0
Bank7,33,14961300.0,453372.7272727273,11013305.0,13.727272727272727,0,9,0.7361195216993176,0.0,27.272727272727273
BankCherokee,90,35571100.0,395234.44444444444,26139860.0,11.644444444444444,1,27,0.7348622898926376,1.1111111111111112,30.0
BankFirst,14,6819900.0,487135.71428571426,4458550.0,7.214285714285714,0,1,0.6537559201747826,0.0,7.142857142857143
BankFirst Financial Services,310,106526100.0,343632.5806451613,85420430.0,15.135483870967741,8,72,0.8018732498420574,2.5806451612903225,23.225806451612904
BankGloucester,21,2589800.0,123323.80952380953,1665700.0,6.523809523809524,1,4,0.6431770793111438,4.761904761904762,19.047619047619047
BankIowa,3,924000.0,308000.0,693000.0,8.666666666666666,0,1,0.75,0.0,33.333333333333336
BankNewport,121,9266900.0,76585.95041322314,4633450.0,4.338842975206612,0,12,0.5,0.0,9.917355371900827
BankOrion,4,759100.0,189775.0,558825.0,13.5,0,2,0.7361678303253854,0.0,50.0
BankPlus,91,81582600.0,896512.0879120879,63648478.4,11.12087912087912,1,18,0.7801722229985315,1.098901098901099,19.78021978021978
BankSouth,9,4829200.0,536577.7777777778,3644250.0,11.88888888888889,0,3,0.754628095750849,0.0,33.333333333333336
BankStar Financial,3,879000.0,293000.0,787050.0,7.0,0,1,0.8953924914675768,0.0,33.333333333333336
"BankUnited, National Association",132,122257200.0,926190.9090909091,89947000.0,15.333333333333334,0,31,0.7357194504699928,0.0,23.484848484848484
BankVista,580,284176600.0,489959.6551724138,218381141.0,15.994827586206897,13,158,0.7684698212308825,2.2413793103448274,27.24137931034483
"BankWest, Inc",3,1450000.0,483333.3333333333,987500.0,10.0,0,0,0.6810344827586207,0.0,0.0
Bankers Trust Company,42,11555200.0,275123.8095238095,8442175.0,9.19047619047619,0,12,0.7305953163943506,0.0,28.571428571428573
Bankwell Bank,118,147436000.0,1249457.627118644,114798416.4,11.279661016949152,0,33,0.7786321956645595,0.0,27.966101694915253
Banner Bank,1347,330385100.0,245274.75872308834,219374215.0,9.38678544914625,17,384,0.663995485873909,1.2620638455827766,28.50779510022272
Banterra Bank,59,28736100.0,487052.5423728814,22665420.0,11.677966101694915,0,22,0.7887437752513389,0.0,37.28813559322034
Bar Harbor Bank & Trust,180,25388800.0,141048.88888888888,15717755.0,6.1,0,70,0.619082233110663,0.0,38.888888888888886
Baraboo State Bank,3,3778900.0,1259633.3333333333,2985840.0,101.33333333333333,0,3,0.7901346952816958,0.0,100.0
Barksdale FCU,5,816700.0,163340.0,648845.0,6.2,0,1,0.7944716542181952,0.0,20.0
"Barrington Bank & Trust Company, National Association",41,31780000.0,775121.9512195121,22285775.0,15.146341463414634,0,9,0.7012515733165513,0.0,21.951219512195124
Barwick Banking Company,13,5346800.0,411292.3076923077,4192835.0,6.230769230769231,0,1,0.7841765167950924,0.0,7.6923076923076925
Bath Savings Institution,35,9657100.0,275917.14285714284,6198050.0,14.142857142857142,0,10,0.6418127595240807,0.0,28.571428571428573
Bay Bank,1,1186000.0,1186000.0,1067400.0,18.0,0,0,0.9,0.0,0.0
Bay State Savings Bank,6,3591200.0,598533.3333333334,2714500.0,14.0,0,1,0.7558754733793718,0.0,16.666666666666668
BayFirst National Bank,9521,1823024200.0,191474.0258376221,1494182072.9,5.950215313517488,354,843,0.8196172452894482,3.7180968385673774,8.854111963029094
BayPort Federal Credit Union,31,3636500.0,117306.45161290323,1889725.0,8.290322580645162,0,5,0.5196548879417022,0.0,16.129032258064516
BayVanguard Bank,2,709000.0,354500.0,571500.0,8.5,0,0,0.806064880112835,0.0,0.0
Baybank,2,1750000.0,875000.0,1312500.0,10.5,0,0,0.75,0.0,0.0
Baycoast Bank,64,10571100.0,165173.4375,5993825.0,11.203125,0,8,0.5670010689521431,0.0,12.5
Beach Cities Commercial Bank,19,20260000.0,1066315.7894736843,15220000.0,28.05263157894737,0,0,0.7512339585389931,0.0,0.0
Beacon Bank and Trust,1494,1466828400.0,981812.8514056224,1119317326.0,17.712182061579654,8,406,0.7630867564331315,0.535475234270415,27.17536813922356
Beacon Business Bank National Association,6,6043600.0,1007266.6666666666,4598745.0,5.833333333333333,0,2,0.7609280892183466,0.0,33.333333333333336
Beacon Community Bank,12,6508000.0,542333.3333333334,4891000.0,13.083333333333334,0,0,0.7515365703749232,0.0,0.0
Belgrade State Bank,23,14530300.0,631752.1739130435,11161065.0,8.0,1,4,0.7681235074293029,4.3478260869565215,17.391304347826086
Bell Bank,214,155824100.0,728150.0,113503600.0,17.92056074766355,0,25,0.7284085067714172,0.0,11.682242990654206
Bellwether Community CU,6,432900.0,72150.0,216450.0,7.666666666666667,0,0,0.5,0.0,0.0
Belmont Bank & Trust Company,5,5317000.0,1063400.0,3987750.0,17.2,0,0,0.75,0.0,0.0
Beneficial State Bank,51,46027800.0,902505.8823529412,33088890.0,19.372549019607842,0,5,0.7188892365048949,0.0,9.803921568627452
Better Banks,1,240000.0,240000.0,180000.0,7.0,0,0,0.75,0.0,0.0
"Beverly Bank & Trust Company, National Association",38,15590500.0,410276.3157894737,10348160.0,12.052631578947368,0,9,0.6637477951316507,0.0,23.68421052631579
"BizCapital BIDCO I, LLC",7,9008700.0,1286957.142857143,7446525.0,16.857142857142858,3,3,0.8265926271271105,42.857142857142854,42.857142857142854
"Black Hills Community Bank, National Association",2,665500.0,332750.0,499125.0,6.0,0,2,0.75,0.0,100.0
Black Hills FCU,103,23707800.0,230172.81553398058,16199610.0,7.87378640776699,1,34,0.683302963581606,0.970873786407767,33.00970873786408
Blackhawk Bank & Trust,1,267700.0,267700.0,200775.0,12.0,0,1,0.75,0.0,100.0
Blue Foundry Bank,13,16533500.0,1271807.6923076923,12911350.0,10.76923076923077,0,1,0.7809205552363383,0.0,7.6923076923076925
Blue Ridge Bank National Association,106,111535200.0,1052218.8679245282,88400810.0,20.754716981132077,5,26,0.792582162402542,4.716981132075472,24.528301886792452
Blue Sky Bank,10,5088200.0,508820.0,3095525.0,10.4,0,5,0.6083732950748791,0.0,50.0
"BlueOx Credit Union, A Division of Ignite Credit Union",2,865700.0,432850.0,649275.0,7.0,0,0,0.75,0.0,0.0
Bluestone Bank,3,2950000.0,983333.3333333334,2150000.0,8.333333333333334,0,0,0.7288135593220338,0.0,0.0
Boeing Empl CU,1,100000.0,100000.0,50000.0,11.0,0,1,0.5,0.0,100.0
Bonanza Valley State Bank,3,284200.0,94733.33333333333,142100.0,5.333333333333333,0,1,0.5,0.0,33.333333333333336
Bonvenu Bank NA,10,2171900.0,217190.0,1484925.0,15.2,0,0,0.6836986049081449,0.0,0.0
Boone Bank and Trust Co,1,620000.0,620000.0,558000.0,50.0,0,0,0.9,0.0,0.0
Border Bank,6,3211500.0,535250.0,2246525.0,11.166666666666666,0,2,0.6995251440137008,0.0,33.333333333333336
Branson Bank,54,17419300.0,322579.6296296296,12144155.0,8.833333333333334,0,14,0.6971666484875971,0.0,25.925925925925927
Bravera Bank,206,38401800.0,186416.50485436892,26291095.0,7.466019417475728,3,73,0.6846318401741585,1.4563106796116505,35.43689320388349
Bridge Community Bank,1,50000.0,50000.0,37500.0,4.0,0,1,0.75,0.0,100.0
Bridgewater Bank,39,27171600.0,696707.6923076923,20741085.0,13.128205128205128,1,13,0.7633369032372036,2.5641025641025643,33.333333333333336
BrightBridge Credit Union,4,241900.0,60475.0,120950.0,4.0,0,0,0.5,0.0,0.0
"Brightbridge, Inc.",44,9518000.0,216318.18181818182,7403835.0,6.2272727272727275,2,14,0.7778771800798487,4.545454545454546,31.818181818181817
Brighton Bank,35,24426100.0,697888.5714285715,19111710.0,22.742857142857144,0,14,0.7824298598630154,0.0,40.0
Bristol County Savings Bank,221,41426400.0,187449.77375565612,26863850.0,9.597285067873303,1,60,0.6484717474846957,0.45248868778280543,27.149321266968325
Bristol Morgan Bank,3,450000.0,150000.0,325000.0,6.333333333333333,0,0,0.7222222222222222,0.0,0.0
Broadway National Bank,61,39557100.0,648477.0491803279,30681407.0,12.524590163934427,0,18,0.7756232635860566,0.0,29.508196721311474
Brooklyn Cooperative Federal Credit Union,86,2317200.0,26944.18604651163,1316775.0,4.872093023255814,7,25,0.5682612635939928,8.13953488372093,29.069767441860463
Bruning Bank,3,603000.0,201000.0,426500.0,8.333333333333334,0,1,0.7072968490878938,0.0,33.333333333333336
Bryant Bank,2,598500.0,299250.0,448875.0,12.0,0,1,0.75,0.0,50.0
Buckeye Community Bank,2,3634000.0,1817000.0,3178650.0,14.5,0,1,0.8746973032471106,0.0,50.0
Buckeye State Bank,61,25500300.0,418037.7049180328,19030715.0,13.098360655737705,0,6,0.7462937690929127,0.0,9.836065573770492
Buffalo Federal Bank,3,1110000.0,370000.0,773750.0,5.666666666666667,0,0,0.6970720720720721,0.0,0.0
Builtwell Bank,46,31447600.0,683643.4782608695,25643429.4,9.021739130434783,0,16,0.8154335911166511,0.0,34.78260869565217
Burke & Herbert Bank & Trust Company,36,27143900.0,753997.2222222222,19834675.0,16.02777777777778,0,13,0.730723109059494,0.0,36.111111111111114
Busey Bank,430,469680800.0,1092280.9302325582,362328458.0,20.611627906976743,1,124,0.771435532387102,0.23255813953488372,28.837209302325583
Business Development Company,3,425000.0,141666.66666666666,301250.0,13.333333333333334,0,2,0.7088235294117647,0.0,66.66666666666667
Business Development Corporation of South Carolina,45,16290700.0,362015.55555555556,12631855.0,12.155555555555555,0,18,0.7754028372015935,0.0,40.0
Business Finance Capital,4,909500.0,227375.0,690235.0,7.0,0,0,0.7589169873556899,0.0,0.0
"Business Finance Group, Inc.",3,430000.0,143333.33333333334,341500.0,24.666666666666668,0,1,0.7941860465116279,0.0,33.333333333333336
Business Initiative Corporation of New York,6,1125000.0,187500.0,861250.0,9.666666666666666,0,0,0.7655555555555555,0.0,0.0
"Business Resource Capital Specialty BIDCO, Inc.",8,1565700.0,195712.5,1235290.0,5.0,0,4,0.7889697898703455,0.0,50.0
Byline Bank,2722,3346857000.0,1229558.0455547392,2575208436.2,19.75459221160911,28,650,0.769440832458632,1.0286554004408524,23.879500367376927
CASE CU,22,8267800.0,375809.0909090909,5186690.0,14.409090909090908,0,5,0.6273361716538861,0.0,22.727272727272727
CBI Bank and Trust,14,9888100.0,706292.8571428572,7365915.0,13.071428571428571,0,2,0.7449272357682467,0.0,14.285714285714286
CCFBank National Association,209,156005300.0,746436.8421052631,120390678.2,12.789473684210526,5,49,0.7717088983515303,2.3923444976076556,23.444976076555022
CDC Small Business Finance Corp.,1583,251329200.0,158767.656348705,200108525.0,4.324068224889451,146,212,0.7962008592714257,9.222994314592546,13.39229311433986
CFBank National Association,72,107220000.0,1489166.6666666667,81068136.8,20.625,0,16,0.756091557545234,0.0,22.22222222222222
CIBC Bank USA,323,210878500.0,652874.613003096,158946985.48,24.529411764705884,0,55,0.7537372727897818,0.0,17.027863777089784
CIBM Bank,54,43441800.0,804477.7777777778,32795330.0,20.11111111111111,1,8,0.7549256706674217,1.8518518518518519,14.814814814814815
CNB Bank,53,34898900.0,658469.8113207547,24428495.7,18.28301886792453,0,20,0.6999789592222104,0.0,37.735849056603776
CNB St. Louis Bank,1,4604800.0,4604800.0,3749688.64,17.0,0,1,0.8143,0.0,100.0
"CRF Small Business Loan Company, LLC",277,182116400.0,657459.9277978339,138031015.8,20.050541516245488,7,55,0.7579274343222248,2.527075812274368,19.855595667870038
CS Bank,14,4887200.0,349085.71428571426,3012375.0,8.285714285714286,0,3,0.6163805450973973,0.0,21.428571428571427
CTBC Bank Corp. (USA),59,86074200.0,1458884.7457627119,68286900.0,9.677966101694915,0,23,0.793349226597517,0.0,38.983050847457626
CU Hawaii FCU,1,120000.0,120000.0,60000.0,2.0,0,0,0.5,0.0,0.0
CUSB Bank,1,225000.0,225000.0,168750.0,3.0,0,0,0.75,0.0,0.0
Cache Valley Bank,309,121543500.0,393344.66019417474,90127460.0,14.097087378640778,2,90,0.7415243102263799,0.6472491909385113,29.12621359223301
CalPrivate Bank,356,441526400.0,1240242.6966292134,351749390.0,17.578651685393258,3,115,0.7966667225334657,0.8426966292134831,32.30337078651685
Caldwell Bank and Trust Company,7,5647500.0,806785.7142857143,4292325.0,11.285714285714286,0,3,0.7600398406374502,0.0,42.857142857142854
"California Bank of Commerce, NA",101,104899200.0,1038605.9405940594,78454700.0,15.485148514851485,1,25,0.7479056084317135,0.9900990099009901,24.752475247524753
California Business Bank,2,1393000.0,696500.0,1044750.0,7.0,0,1,0.75,0.0,50.0
California Coastal Certified Development Company,15,2871800.0,191453.33333333334,2272975.0,7.6,0,0,0.7914809527125845,0.0,0.0
California FarmLink,18,1966900.0,109272.22222222222,1546975.0,5.055555555555555,2,5,0.7865041435761859,11.11111111111111,27.77777777777778
California Federal Credit Union,8,1993100.0,249137.5,1303075.0,2.0,0,5,0.6537930861472079,0.0,62.5
"California International Bank, A National Banking Association",25,41066100.0,1642644.0,34464585.0,16.92,0,8,0.8392466048638658,0.0,32.0
California Statewide Certified Development Corporation,59,10676300.0,180954.2372881356,8441540.0,10.610169491525424,0,15,0.7906802918614126,0.0,25.423728813559322
Cambridge Savings Bank,132,51590300.0,390835.6060606061,38349850.0,13.833333333333334,1,34,0.7433538862925783,0.7575757575757576,25.757575757575758
Camden National Bank,159,34667400.0,218033.96226415093,22414500.0,6.264150943396227,1,66,0.6465584381868845,0.6289308176100629,41.509433962264154
Camp Grove State Bank,1,1320000.0,1320000.0,990000.0,4.0,0,1,0.75,0.0,100.0
Campbell County Bank,2,687500.0,343750.0,515625.0,8.0,0,0,0.75,0.0,0.0
Canvas Credit Union,4,850000.0,212500.0,587500.0,8.25,0,1,0.6911764705882353,0.0,25.0
Canyon View Federal Credit Union,95,18478600.0,194511.57894736843,12162600.0,8.957894736842105,3,22,0.658199214226186,3.1578947368421053,23.157894736842106
"Cape & Islands Community Development, Inc.",7,1411000.0,201571.42857142858,1092250.0,7.428571428571429,0,0,0.7740963855421686,0.0,0.0
Cape Ann Savings Bank,13,1205000.0,92692.30769230769,956400.0,3.3846153846153846,2,5,0.7936929460580913,15.384615384615385,38.46153846153846
Cape and Coast Bank,24,11204800.0,466866.6666666667,8109605.0,16.541666666666668,0,6,0.7237616914179638,0.0,25.0
Capital Bank,10,19152900.0,1915290.0,14862505.0,8.2,0,1,0.7759924084603376,0.0,10.0
"Capital Bank, National Association",590,342917300.0,581215.7627118644,263327401.1,14.366101694915255,15,131,0.7679035181368802,2.542372881355932,22.203389830508474
Capital Certified Development Corporation,94,17349800.0,184572.3404255319,13561605.0,12.351063829787234,2,11,0.7816577136335866,2.127659574468085,11.702127659574469
Capital Community Bank,81,66673800.0,823133.3333333334,49516850.0,18.567901234567902,1,14,0.7426732839586164,1.2345679012345678,17.28395061728395
Capital Credit Union,31,9798400.0,316077.4193548387,6354350.0,8.741935483870968,0,15,0.6485089402351404,0.0,48.38709677419355
Capital One National Association,313,317980000.0,1015910.5431309905,230839365.0,18.884984025559106,3,34,0.7259556104157494,0.9584664536741214,10.86261980830671
Capitol Bank,3,236900.0,78966.66666666667,118450.0,2.0,0,0,0.5,0.0,0.0
Capitol Federal Savings Bank,35,8035400.0,229582.85714285713,5574560.0,7.714285714285714,0,20,0.6937501555616398,0.0,57.142857142857146
Capitol National Bank,43,25075400.0,583148.8372093023,20091680.0,23.046511627906977,0,13,0.8012506281056334,0.0,30.232558139534884
"Carolina Community Impact, Inc.",11,1611700.0,146518.18181818182,1284285.0,5.454545454545454,1,1,0.7968511509586151,9.090909090909092,9.090909090909092
Carolina Small Business Development Fund,67,13288300.0,198332.83582089553,10214945.0,8.17910447761194,0,5,0.7687172174017745,0.0,7.462686567164179
Carrollton Bank,3,6318900.0,2106300.0,5264175.0,53.666666666666664,0,0,0.8330840810900632,0.0,0.0
Carson Bank,12,1511800.0,125983.33333333333,1133450.0,4.166666666666667,0,5,0.7497354147373991,0.0,41.666666666666664
Carter Bank & Trust,1,500000.0,500000.0,375000.0,17.0,0,0,0.75,0.0,0.0
Carter FCU,34,14349100.0,422032.35294117645,10540285.0,8.0,0,5,0.7345607041556613,0.0,14.705882352941176
Carver Federal Savings Bank,2,969000.0,484500.0,872100.0,14.0,0,0,0.9,0.0,0.0
Cass Commercial Bank,1,1500000.0,1500000.0,1350000.0,25.0,0,1,0.9,0.0,100.0
Cathay Bank,104,110126000.0,1058903.8461538462,84633385.0,10.23076923076923,1,29,0.7685141111090932,0.9615384615384616,27.884615384615383
Cattle Bank & Trust,3,2062000.0,687333.3333333334,1540250.0,9.0,0,2,0.746968962172648,0.0,66.66666666666667
Cayuga Lake National Bank,4,693000.0,173250.0,346500.0,2.5,0,0,0.5,0.0,0.0
Cedar Rapids Bank and Trust Company,29,22656700.0,781265.5172413794,18226185.0,17.20689655172414,1,4,0.804450118507991,3.4482758620689653,13.793103448275861
Cedar Security Bank,1,105000.0,105000.0,89250.0,1.0,0,1,0.85,0.0,100.0
Celtic Bank Corporation,4870,3510289700.0,720798.7063655031,2729028065.1,10.747843942505133,76,882,0.7774367070330406,1.5605749486652978,18.11088295687885
"CenTrust Bank, A Division of SmartBiz Bank National Association",438,188244400.0,429781.7351598173,146903264.0,7.840182648401827,0,48,0.7803858388350463,0.0,10.95890410958904
Centennial Bank,177,139903000.0,790412.4293785311,108441345.36,17.418079096045197,3,35,0.7751180843870396,1.694915254237288,19.774011299435028
Center National Bank,1,50000.0,50000.0,25000.0,8.0,0,1,0.5,0.0,100.0
"Centerstone SBA Lending, Inc.",351,509906300.0,1452724.5014245014,401267320.0,16.746438746438745,2,61,0.7869432482006988,0.5698005698005698,17.37891737891738
Centier Bank,363,104523700.0,287944.07713498623,78579265.0,11.633608815426998,8,89,0.751784188657692,2.203856749311295,24.517906336088153
Centra Credit Union,20,6983500.0,349175.0,4912200.0,4.75,0,4,0.7034008734875062,0.0,20.0
Central Bank,534,222807900.0,417243.2584269663,165877955.0,12.842696629213483,5,162,0.7444886604110537,0.9363295880149812,30.337078651685392
Central Bank & Trust Co.,5,5036500.0,1007300.0,3840875.0,37.6,0,2,0.7626079618782885,0.0,40.0
Central National Bank,17,6436500.0,378617.64705882355,4428375.0,12.470588235294118,0,10,0.6880097879282219,0.0,58.8235294117647
Central Pacific Bank,491,33208300.0,67634.01221995927,19993600.0,5.987780040733197,18,136,0.602066350882159,3.6659877800407332,27.69857433808554
Central Savings Bank,8,4943300.0,617912.5,3840200.0,18.5,0,2,0.7768494730240932,0.0,25.0
Central State Bank,21,11945600.0,568838.0952380953,9309575.0,7.857142857142857,0,0,0.779330883337798,0.0,0.0
Central Virginia Federal Credit Union,11,733500.0,66681.81818181818,604975.0,3.6363636363636362,0,2,0.8247784594410361,0.0,18.181818181818183
CentreBank,2,2138000.0,1069000.0,1603500.0,10.5,0,0,0.75,0.0,0.0
Centreville Bank,3,540000.0,180000.0,270000.0,15.0,0,2,0.5,0.0,66.66666666666667
Centric Federal Credit Union,3,1025000.0,341666.6666666667,752500.0,8.0,2,0,0.7341463414634146,66.66666666666667,0.0
Centris Federal Credit Union,8,3873000.0,484125.0,2731000.0,30.625,0,0,0.705138135812032,0.0,0.0
Century Bank,37,14884400.0,402281.08108108107,10451635.0,8.594594594594595,0,10,0.7021871892719894,0.0,27.027027027027028
Century Bank and Trust,4,1837000.0,459250.0,1342750.0,10.75,0,0,0.7309471965160588,0.0,0.0
Century Savings Bank,2,695000.0,347500.0,521250.0,4.5,0,0,0.75,0.0,0.0
Certified Development Corporation of South Carolina,1,186300.0,186300.0,139725.0,8.0,1,0,0.75,100.0,0.0
Chambers State Bank,1,1100000.0,1100000.0,825000.0,4.0,0,0,0.75,0.0,0.0
Charles River Bank,3,402000.0,134000.0,290250.0,5.333333333333333,0,2,0.7220149253731343,0.0,66.66666666666667
Charlevoix State Bank,6,927500.0,154583.33333333334,747125.0,12.666666666666666,0,2,0.8055256064690027,0.0,33.333333333333336
Charter Bank,6,3270200.0,545033.3333333334,2489270.0,13.666666666666666,0,2,0.7611980918598251,0.0,33.333333333333336
CharterWest Bank,1,616900.0,616900.0,462675.0,4.0,0,0,0.75,0.0,0.0
Chelsea Groton Bank,6,2855200.0,475866.6666666667,2141400.0,10.0,0,3,0.75,0.0,50.0
Chelsea State Bank,40,22172900.0,554322.5,16481840.0,12.85,0,2,0.7433326267651051,0.0,5.0
Chemung Canal Trust Company,96,13366200.0,139231.25,7166250.0,8.65625,0,37,0.53614714728195,0.0,38.541666666666664
Cherokee State Bank,2,917400.0,458700.0,818160.0,12.5,0,0,0.8918247220405494,0.0,0.0
Chickasaw Community Bank,6,1006500.0,167750.0,756255.0,5.5,0,1,0.751371087928465,0.0,16.666666666666668
Chippewa Valley Bank,2,906300.0,453150.0,679725.0,14.5,0,0,0.75,0.0,0.0
Choice Financial Group,234,127347100.0,544218.3760683761,94054700.0,19.081196581196583,0,57,0.7385696258493519,0.0,24.358974358974358
ChoiceOne Bank,443,280521300.0,633230.9255079007,214149084.24,19.71783295711061,0,111,0.7633968766008143,0.0,25.056433408577877
Christian Financial CU,6,2367800.0,394633.3333333333,1794600.0,9.0,0,0,0.7579187431370893,0.0,0.0
Ciera Bank,6,9411900.0,1568650.0,7635945.0,40.5,0,3,0.811307493704778,0.0,50.0
"Citibank, N.A.",269,152473000.0,566814.1263940521,118822089.0,8.914498141263941,3,60,0.7792992136312659,1.1152416356877324,22.304832713754646
Citizens & Northern Bank,34,8737200.0,256976.4705882353,5429617.5,14.911764705882353,0,10,0.6214367875291855,0.0,29.41176470588235
Citizens Alliance Bank,7,8807000.0,1258142.857142857,6502000.0,10.142857142857142,0,1,0.7382763710684682,0.0,14.285714285714286
Citizens Bank,1560,1119883900.0,717874.2948717949,870982812.76,14.098076923076922,29,376,0.7777438471612995,1.858974358974359,24.102564102564102
Citizens Bank & Trust,8,9387800.0,1173475.0,7398175.0,29.375,0,2,0.7880626983957902,0.0,25.0
Citizens Bank & Trust Co,83,12432500.0,149789.156626506,7316725.0,8.927710843373495,1,30,0.5885159863261613,1.2048192771084338,36.144578313253014
Citizens Bank & Trust Company,12,5456000.0,454666.6666666667,4056690.0,10.25,0,0,0.7435282258064516,0.0,0.0
Citizens Bank Minnesota,5,5100000.0,1020000.0,4550000.0,7.2,0,4,0.8921568627450981,0.0,80.0
Citizens Bank of Ada,1,125000.0,125000.0,106250.0,16.0,0,0,0.85,0.0,0.0
Citizens Bank of Eldon,3,906300.0,302100.0,679725.0,10.333333333333334,0,2,0.75,0.0,66.66666666666667
Citizens Bank of Las Cruces,4,1616300.0,404075.0,1097150.0,23.0,0,0,0.6788034399554538,0.0,0.0
Citizens Bank of Rogersville,4,2339000.0,584750.0,1970100.0,5.75,0,1,0.8422830269345875,0.0,25.0
"Citizens Bank of West Virginia, Inc",50,10775300.0,215506.0,5543475.0,7.6,0,16,0.514461314302154,0.0,32.0
"Citizens Bank, National Association",529,352644400.0,666624.5746691872,255672575.0,15.037807183364839,0,93,0.7250152703403202,0.0,17.580340264650285
Citizens Business Bank National Association,152,131275000.0,863651.3157894737,101512850.0,24.894736842105264,1,41,0.7732839459150638,0.6578947368421053,26.973684210526315
Citizens Community Bank,1,175000.0,175000.0,131250.0,26.0,0,0,0.75,0.0,0.0
Citizens First Bank,44,8948300.0,203370.45454545456,5759025.0,8.886363636363637,0,24,0.6435887263502564,0.0,54.54545454545455
Citizens Independent Bank,4,5235200.0,1308800.0,4456350.0,57.75,0,0,0.8512282243276283,0.0,0.0
Citizens National Bank of Cheboygan,31,12626500.0,407306.4516129032,9459575.0,11.838709677419354,1,4,0.7491842553359996,3.225806451612903,12.903225806451612
Citizens National Bank of Texas,12,7936600.0,661383.3333333334,5486500.0,18.916666666666668,0,3,0.6912909810246202,0.0,25.0
Citizens Progressive Bank,3,90000.0,30000.0,75250.0,2.3333333333333335,0,1,0.8361111111111111,0.0,33.333333333333336
Citizens State Bank,72,20572400.0,285727.77777777775,14839675.0,11.75,1,13,0.7213390270459451,1.3888888888888888,18.055555555555557
Citizens State Bank of La Crosse,54,12733400.0,235803.7037037037,9477760.0,14.296296296296296,0,20,0.7443228045926461,0.0,37.03703703703704
Citizens State Bank of New Castle,136,42120500.0,309709.5588235294,29441275.0,15.448529411764707,0,14,0.6989773388255125,0.0,10.294117647058824
Citizens State Bank of Roseau,3,5691000.0,1897000.0,4625400.0,6.666666666666667,0,0,0.8127569847127043,0.0,0.0
Citizens Trust Bank,4,1577100.0,394275.0,1362090.0,18.5,0,0,0.8636674909644284,0.0,0.0
City & County CU,10,3785800.0,378580.0,2765950.0,8.5,0,2,0.7306117597337419,0.0,20.0
City Bank,18,6497800.0,360988.8888888889,4951470.0,22.0,0,6,0.7620225307026994,0.0,33.333333333333336
City Bank & Trust Co.,10,9843200.0,984320.0,7543545.0,59.2,0,3,0.7663712004226267,0.0,30.0
"City First Bank, National Association",9,2111500.0,234611.11111111112,1361125.0,17.11111111111111,2,1,0.6446246744020838,22.22222222222222,11.11111111111111
City National Bank,388,477158000.0,1229788.6597938144,352342089.8,19.95360824742268,0,30,0.7384180707438627,0.0,7.731958762886598
City National Bank of Florida,257,146008000.0,568124.513618677,107201188.8,10.459143968871595,1,13,0.7342144868774314,0.38910505836575876,5.058365758754864
City State Bank,34,18257900.0,536997.0588235294,13724725.0,16.529411764705884,3,5,0.7517143264011743,8.823529411764707,14.705882352941176
Civista Bank,22,12972900.0,589677.2727272727,10469850.0,14.363636363636363,0,4,0.8070554771870592,0.0,18.181818181818183
"Clare Bank, National Association",2,1527000.0,763500.0,1145250.0,64.0,0,0,0.75,0.0,0.0
Claremont Savings Bank,11,3979200.0,361745.45454545453,2498725.0,7.0,0,2,0.6279465721753116,0.0,18.181818181818183
Clear Fork Bank National Association,16,10370400.0,648150.0,7864705.0,10.875,1,3,0.7583801010568542,6.25,18.75
Clear Lake Bank & Trust Company,44,11939600.0,271354.54545454547,9604420.0,5.75,0,15,0.8044172334081544,0.0,34.09090909090909
"Clear Mountain Bank, Inc.",149,32126800.0,215616.10738255034,16882200.0,4.120805369127517,3,78,0.5254865097052928,2.0134228187919465,52.348993288590606
Clearwater FCU,2,350000.0,175000.0,175000.0,10.0,0,1,0.5,0.0,50.0
Cleveland State Bank,41,16398600.0,399965.85365853657,10968295.0,9.24390243902439,0,12,0.6688555730367226,0.0,29.26829268292683
Climate First Bank,129,152971300.0,1185824.0310077518,114845640.0,17.968992248062015,0,4,0.7507659279877991,0.0,3.10077519379845
Clinton Savings Bank,1,112500.0,112500.0,95625.0,5.0,0,0,0.85,0.0,0.0
CoVantage CU,1,175000.0,175000.0,157500.0,7.0,0,0,0.9,0.0,0.0
Coast Central Credit Union,1,1077000.0,1077000.0,807750.0,18.0,0,0,0.75,0.0,0.0
Coast360 FCU,23,4959000.0,215608.69565217392,3574250.0,11.565217391304348,0,6,0.7207602339181286,0.0,26.08695652173913
"Coastal Area District Development Authority, Inc.",23,3168900.0,137778.26086956522,2507095.0,7.173913043478261,0,2,0.7911562371800941,0.0,8.695652173913043
Coastal Carolina National Bank,6,2287700.0,381283.3333333333,1623275.0,19.166666666666668,0,2,0.709566376710233,0.0,33.333333333333336
Coastal Community Bank,22,12565600.0,571163.6363636364,9959335.0,15.772727272727273,0,8,0.792587301839944,0.0,36.36363636363637
Coastal Federal Credit Union,11,635000.0,57727.27272727273,317500.0,19.727272727272727,0,9,0.5,0.0,81.81818181818181
Coastal Heritage Bank,23,6816000.0,296347.82608695654,4698250.0,28.91304347826087,0,8,0.6892972417840375,0.0,34.78260869565217
Coastal States Bank,97,128597700.0,1325749.4845360825,100346355.0,15.804123711340207,0,25,0.7803122062058653,0.0,25.77319587628866
Coastal1 Credit Union,7,4930000.0,704285.7142857143,3800127.0,30.571428571428573,0,1,0.7708168356997972,0.0,14.285714285714286
Coasthills Federal Credit Union,12,2379700.0,198308.33333333334,1421535.0,10.583333333333334,0,2,0.597358910787074,0.0,16.666666666666668
Cogent Bank,164,198618000.0,1211085.3658536586,152930835.0,20.335365853658537,0,34,0.7699747001782316,0.0,20.73170731707317
Collins Community Credit Union,6,1907500.0,317916.6666666667,1409375.0,8.0,0,2,0.7388597640891219,0.0,33.333333333333336
Collins State Bank,3,1450000.0,483333.3333333333,1239400.0,8.333333333333334,0,1,0.8547586206896551,0.0,33.333333333333336
Colonial Savings FA,11,5030600.0,457327.2727272727,3494200.0,18.09090909090909,0,2,0.6945891146185346,0.0,18.181818181818183
Colony Bank,1070,571370900.0,533991.4953271028,465022911.0,11.269158878504673,22,116,0.8138722343052472,2.05607476635514,10.841121495327103
Colorado Enterprise Fund,100,17751900.0,177519.0,14098195.0,4.83,0,10,0.7941794962792715,0.0,10.0
Columbia Bank,3435,1231299200.0,358456.826783115,935539266.96,8.668704512372635,58,906,0.7597984851772827,1.6885007278020379,26.375545851528383
Columbia Community CU,10,3555300.0,355530.0,2597215.0,4.2,0,3,0.7305192248192839,0.0,30.0
Columbus Bank and Trust Company,4,345600.0,86400.0,259200.0,1.5,0,2,0.75,0.0,50.0
Commencement Bank,12,8362700.0,696891.6666666666,6309700.0,13.5,0,4,0.7545051239432241,0.0,33.333333333333336
Commerce Bank,318,104715500.0,329294.0251572327,81401725.0,9.761006289308176,2,113,0.7773608014095335,0.6289308176100629,35.534591194968556
CommerceOne Bank,3,5524900.0,1841633.3333333333,2299959.42,42.333333333333336,0,0,0.4162897826204999,0.0,0.0
CommerceWest Bank,11,6671600.0,606509.0909090909,4904950.0,27.0,0,7,0.7351984531446729,0.0,63.63636363636363
Commercial Bank,17,10439600.0,614094.1176470588,7383650.0,11.705882352941176,0,4,0.7072732671749875,0.0,23.529411764705884
Commercial Bank & Trust Company,8,4191400.0,523925.0,3153750.0,8.125,0,0,0.7524335544209572,0.0,0.0
Commercial Bank of California,201,300842000.0,1496726.368159204,236173245.78,12.92039800995025,0,43,0.7850408047413593,0.0,21.393034825870647
Commercial Bank of Mott,1,168800.0,168800.0,126600.0,10.0,0,0,0.75,0.0,0.0
Commercial Bank of Texas N.A.,50,26243300.0,524866.0,19072475.0,13.02,1,16,0.7267559720004725,2.0,32.0
Commercial Banking Company,12,4075100.0,339591.6666666667,3163965.0,15.5,0,2,0.776414075728203,0.0,16.666666666666668
Commercial State Bank,5,1135700.0,227140.0,628025.0,7.8,0,1,0.5529849432068328,0.0,20.0
Common Capital Inc.,38,5121700.0,134781.57894736843,4137095.0,4.947368421052632,1,5,0.8077581662338676,2.6315789473684212,13.157894736842104
Commonwealth Business Bank,969,1221655000.0,1260737.8740970073,953834297.4,8.067079463364292,0,239,0.7807722289844514,0.0,24.664602683178536
Commonwealth National Bank,1,300000.0,300000.0,225000.0,10.0,0,0,0.75,0.0,0.0
Community 1st CU,82,10798200.0,131685.36585365853,5611600.0,6.2560975609756095,0,31,0.5196792057935582,0.0,37.80487804878049
Community Bank,12,2129300.0,177441.66666666666,1481600.0,10.0,0,2,0.6958155262292772,0.0,16.666666666666668
Community Bank Delaware,1,1850000.0,1850000.0,1387500.0,12.0,0,0,0.75,0.0,0.0
Community Bank Mankato,15,2488200.0,165880.0,1244100.0,10.933333333333334,0,5,0.5,0.0,33.333333333333336
Community Bank Owatonna,7,655000.0,93571.42857142857,390000.0,8.571428571428571,0,2,0.5954198473282443,0.0,28.571428571428573
Community Bank and Trust,10,1288100.0,128810.0,776775.0,3.6,2,3,0.6030393602981134,20.0,30.0
Community Bank of Cameron,2,1651000.0,825500.0,1238250.0,13.5,0,0,0.75,0.0,0.0
Community Bank of Louisiana,2,1518000.0,759000.0,1138500.0,15.5,0,0,0.75,0.0,0.0
Community Bank of Mississippi,291,109144100.0,375065.6357388316,85908155.0,11.831615120274915,1,68,0.7871076402664001,0.3436426116838488,23.367697594501717
Community Bank of Missouri,1,395600.0,395600.0,296700.0,8.0,0,1,0.75,0.0,100.0
Community Bank of Oelwein,2,618700.0,309350.0,455440.0,37.0,0,0,0.7361241312429287,0.0,0.0
Community Bank of Pickens County,79,105894800.0,1340440.5063291139,81755855.5,20.645569620253166,0,25,0.7720478767607097,0.0,31.645569620253166
Community Bank of Santa Maria,3,1259500.0,419833.3333333333,944625.0,3.3333333333333335,0,1,0.75,0.0,33.333333333333336
Community Bank of Wichita Inc,7,1768600.0,252657.14285714287,884300.0,8.714285714285714,0,5,0.5,0.0,71.42857142857143
"Community Bank, National Association",124,18693100.0,150750.8064516129,10863235.0,8.419354838709678,0,32,0.5811360876473137,0.0,25.806451612903224
Community Banking Company,4,1007800.0,251950.0,800970.0,7.5,0,0,0.7947707878547331,0.0,0.0
"Community Banks of Colorado, A Division of NBH Bank",477,426389900.0,893899.1614255765,322661352.0,19.834381551362682,3,152,0.7567284121879998,0.6289308176100629,31.865828092243188
Community Capital Development Corporation,3,150000.0,50000.0,127500.0,6.333333333333333,0,1,0.85,0.0,33.333333333333336
"Community Capital New York, Inc.",41,5016000.0,122341.46341463414,4190750.0,6.0,0,2,0.8354764752791068,0.0,4.878048780487805
Community Choice CU,58,27730600.0,478113.7931034483,20315975.0,10.775862068965518,0,19,0.7326193807562764,0.0,32.758620689655174
Community Financial Services Bank,7,3559900.0,508557.14285714284,2669925.0,38.57142857142857,0,2,0.75,0.0,28.571428571428573
Community First Bank,9,5586100.0,620677.7777777778,4868160.0,20.11111111111111,0,5,0.8714774171604518,0.0,55.55555555555556
Community First Bank of Indiana,70,41644600.0,594922.8571428572,31976630.0,11.357142857142858,0,6,0.7678457711203853,0.0,8.571428571428571
Community First Bank of the Heartland,52,28191100.0,542136.5384615385,19204820.0,9.807692307692308,1,26,0.6812369861410161,1.9230769230769231,50.0
Community First Banking Company,1,105000.0,105000.0,89250.0,8.0,0,0,0.85,0.0,0.0
Community First CU,9,5596000.0,621777.7777777778,4115750.0,21.11111111111111,0,0,0.7354807005003574,0.0,0.0
Community First Capital Corp,78,12069600.0,154738.46153846153,8803190.0,7.717948717948718,0,22,0.729368827467356,0.0,28.205128205128204
Community First National Bank,22,3404900.0,154768.18181818182,2418175.0,10.636363636363637,0,5,0.710204411289612,0.0,22.727272727272727
Community Investment Corporation,70,11340700.0,162010.0,9219610.0,8.814285714285715,2,19,0.8129665717283766,2.857142857142857,27.142857142857142
Community National Bank,178,38204000.0,214629.21348314607,26120435.0,12.123595505617978,0,72,0.6837094283321118,0.0,40.449438202247194
Community National Bank & Trust,79,26882500.0,340284.8101265823,20103430.0,7.481012658227848,1,26,0.7478259090486375,1.2658227848101267,32.91139240506329
Community National Bank and Trust of Texas,10,15431400.0,1543140.0,12177525.0,12.4,1,2,0.789139352229869,10.0,20.0
Community Partners Savings Bank,6,2980500.0,496750.0,2296875.0,9.0,0,1,0.7706341217916457,0.0,16.666666666666668
Community Resource Bank,31,7470500.0,240983.87096774194,4459750.0,7.580645161290323,2,4,0.5969814604109497,6.451612903225806,12.903225806451612
Community Savings Bank,16,15399800.0,962487.5,11081300.0,27.9375,1,3,0.719574280185457,6.25,18.75
"Community Star CU, Inc.",2,200000.0,100000.0,162500.0,12.0,0,0,0.8125,0.0,0.0
Community State Bank,159,58910800.0,370508.1761006289,43068045.0,6.767295597484277,3,56,0.7310721463636549,1.8867924528301887,35.22012578616352
"Community Trust Bank, Inc.",412,101401800.0,246120.87378640776,67289850.0,8.313106796116505,9,119,0.663596208351331,2.1844660194174756,28.883495145631066
Community Unity Bank,3,3558000.0,1186000.0,2668500.0,29.333333333333332,0,0,0.75,0.0,0.0
Community West Bank,41,19334500.0,471573.1707317073,15013020.0,14.658536585365853,0,12,0.7764886601670589,0.0,29.26829268292683
CommunityAmerica Federal Credit Union,58,30853500.0,531956.8965517242,22016715.0,16.224137931034484,1,8,0.7135888959113229,1.7241379310344827,13.793103448275861
CommunityWorks,5,1073000.0,214600.0,813950.0,7.2,0,0,0.758574091332712,0.0,0.0
ConnectOne Bank,192,165960200.0,864376.0416666666,126209550.0,18.151041666666668,0,29,0.7604808261257819,0.0,15.104166666666666
"Connecticut Community Bank, National Association",62,37837300.0,610279.0322580645,28425310.0,6.338709677419355,0,17,0.7512510142108448,0.0,27.419354838709676
Conservation First Bank,4,3625500.0,906375.0,2867625.0,13.5,0,0,0.7909598676044683,0.0,0.0
Consumers Credit Union,14,5382100.0,384435.71428571426,4255980.0,12.785714285714286,0,3,0.7907656862562941,0.0,21.428571428571427
Consumers National Bank,156,45285500.0,290291.6666666667,33436605.0,15.26923076923077,2,39,0.7383512382550707,1.2820512820512822,25.0
Continental Bank,16,17372600.0,1085787.5,13959090.0,12.125,0,9,0.8035118519968226,0.0,56.25
"Cooperativa de Ahorro y Cr<ac,e>dito de Arecibo (COOPACA)",12,1828100.0,152341.66666666666,1420015.0,10.416666666666666,0,1,0.7767709643892566,0.0,8.333333333333334
Coosa Valley CU,1,2637700.0,2637700.0,1978275.0,11.0,0,0,0.75,0.0,0.0
CorTrust Bank National Association,42,12414100.0,295573.8095238095,7955175.0,9.404761904761905,0,20,0.6408176992291024,0.0,47.61904761904762
Core Bank,41,33131800.0,808092.6829268293,25594444.3,18.097560975609756,0,13,0.7725038875038482,0.0,31.70731707317073
CoreFirst Bank & Trust,1,309500.0,309500.0,232125.0,13.0,0,0,0.75,0.0,0.0
Cornerstone Bank,46,10302200.0,223960.86956521738,7618010.0,8.804347826086957,0,15,0.7394546795830017,0.0,32.608695652173914
Cornerstone Capital Bank SSB,39,20598800.0,528174.358974359,15728835.0,16.256410256410255,0,13,0.7635801600093209,0.0,33.333333333333336
Cornerstone State Bank,2,681000.0,340500.0,566400.0,3.0,0,2,0.8317180616740089,0.0,100.0
Cornhusker Bank,41,14847700.0,362139.0243902439,9891600.0,13.317073170731707,0,15,0.6662041932420509,0.0,36.58536585365854
Corning FCU,2,110000.0,55000.0,55000.0,4.0,0,1,0.5,0.0,50.0
Corp. Financiamiento Empresarial del Comercio y Comunidades (COFECC),21,2541200.0,121009.52380952382,2158875.0,5.0476190476190474,0,1,0.8495494254682827,0.0,4.761904761904762
Coulee Bank,79,54930800.0,695326.582278481,44105015.0,16.151898734177216,3,24,0.8029195824564725,3.7974683544303796,30.379746835443036
Country Bank for Savings,5,791200.0,158240.0,603240.0,19.2,0,0,0.7624368048533873,0.0,0.0
County Bank,17,3859200.0,227011.76470588235,2364550.0,4.352941176470588,0,10,0.6127047056384743,0.0,58.8235294117647
County National Bank,7,2922500.0,417500.0,1461250.0,14.714285714285714,0,0,0.5,0.0,0.0
Countybank,154,111949700.0,726946.1038961039,88322391.4,14.655844155844155,0,55,0.7889471021360487,0.0,35.714285714285715
Covington County Bank,90,9717000.0,107966.66666666667,5039500.0,3.4,1,56,0.5186271482967995,1.1111111111111112,62.22222222222222
Cowboy Bank,15,3701500.0,246766.66666666666,2283250.0,11.8,0,5,0.6168445224908821,0.0,33.333333333333336
Craft Bank,108,115215400.0,1066809.2592592593,88234017.5,20.925925925925927,0,27,0.765817915834168,0.0,25.0
Craft3,2,400000.0,200000.0,352500.0,18.5,0,2,0.88125,0.0,100.0
Credit Union 1,1,184000.0,184000.0,165600.0,1.0,0,0,0.9,0.0,0.0
Credit Union One,40,10627000.0,265675.0,7996700.0,14.9,1,16,0.7524889432577397,2.5,40.0
Crews Bank and Trust,10,5829400.0,582940.0,4445735.0,17.3,0,2,0.7626402374172299,0.0,20.0
Cross Bank,1,350000.0,350000.0,262500.0,1.0,0,0,0.75,0.0,0.0
Cross River Bank,117,168283800.0,1438323.076923077,129581570.0,18.615384615384617,1,29,0.7700180884909896,0.8547008547008547,24.786324786324787
Crossroads Bank,5,2388200.0,477640.0,1748350.0,13.2,0,2,0.732078552885018,0.0,40.0
"Crystal Lake Bank & Trust Company, National Association",26,18186700.0,699488.4615384615,12720075.0,26.576923076923077,0,5,0.6994163317149346,0.0,19.23076923076923
Cumberland Federal Bank FSB,1,288100.0,288100.0,144050.0,8.0,0,0,0.5,0.0,0.0
Cumberland Valley National Bank and Trust Company,1,150000.0,150000.0,75000.0,4.0,0,0,0.5,0.0,0.0
Custer Federal State Bank,25,6290900.0,251636.0,4912215.0,4.76,0,9,0.780844553243574,0.0,36.0
Customers Bank,657,592324800.0,901559.8173515982,451664239.36,15.75951293759513,6,99,0.7625279903188251,0.91324200913242,15.068493150684931
Cy Fair Federal Credit Union,2,200000.0,100000.0,162500.0,9.5,0,0,0.8125,0.0,0.0
Cyprus Federal Credit Union,33,3410500.0,103348.48484848485,2094250.0,4.303030303030303,1,8,0.6140595220642134,3.0303030303030303,24.242424242424242
D. L. Evans Bank,143,18754900.0,131153.14685314684,11142015.0,9.867132867132867,0,28,0.5940855456440717,0.0,19.58041958041958
DFCU Financial,161,143499200.0,891299.3788819875,108273112.5,19.180124223602483,1,38,0.7545206698016435,0.6211180124223602,23.60248447204969
Dacotah Bank,38,20378400.0,536273.6842105263,14884405.0,14.236842105263158,0,10,0.7304010619086876,0.0,26.31578947368421
Dairy State Bank,3,2891800.0,963933.3333333334,2505230.0,23.0,0,0,0.8663220139705374,0.0,0.0
Dakota Business Lending,3,751000.0,250333.33333333334,563250.0,16.333333333333332,0,1,0.75,0.0,33.333333333333336
Dakota Western Bank,2,280000.0,140000.0,210000.0,7.0,0,0,0.75,0.0,0.0
Dayspring Bank,17,6861900.0,403641.17647058825,4097325.0,6.176470588235294,1,9,0.5971123158308923,5.882352941176471,52.94117647058823
DeMotte State Bank,2,517500.0,258750.0,388125.0,14.5,1,0,0.75,50.0,0.0
Dean Co-operative Bank,38,4838200.0,127321.05263157895,3251440.0,7.447368421052632,0,6,0.6720350543590592,0.0,15.789473684210526
Decatur County Bank,13,6988000.0,537538.4615384615,5342700.0,25.153846153846153,0,4,0.7645535203205495,0.0,30.76923076923077
Dedham Institution for Savings,3,650000.0,216666.66666666666,487500.0,7.333333333333333,0,0,0.75,0.0,0.0
Deerwood Bank,16,6403300.0,400206.25,4846035.0,13.25,0,4,0.756802742335983,0.0,25.0
Denali State Bank,1,2100000.0,2100000.0,1575000.0,20.0,0,0,0.75,0.0,0.0
Denver Savings Bank,4,1699400.0,424850.0,1308590.0,7.25,0,1,0.7700305990349535,0.0,25.0
Desert Rivers FCU,5,1387700.0,277540.0,1054275.0,3.4,1,3,0.7597283274482958,20.0,60.0
Devon Bank,11,3609000.0,328090.9090909091,2936250.0,18.727272727272727,0,2,0.8135910224438903,0.0,18.181818181818183
Dieterich Bank,1,135000.0,135000.0,114750.0,2.0,0,0,0.85,0.0,0.0
Dime Commercial Bank,220,248143000.0,1127922.7272727273,189173152.2,18.8,1,45,0.7623553845967849,0.45454545454545453,20.454545454545453
Discovery Federal Credit Union,1,472000.0,472000.0,354000.0,12.0,0,0,0.75,0.0,0.0
Diversified Members Credit Union,6,3348400.0,558066.6666666666,2545050.0,14.166666666666666,0,0,0.76007944092701,0.0,0.0
"Dollar Bank, A Federal Savings Bank",11,3813800.0,346709.0909090909,2570225.0,4.818181818181818,0,5,0.6739275787928051,0.0,45.45454545454545
Dominion Bank,6,9152600.0,1525433.3333333333,6864450.0,25.0,0,1,0.75,0.0,16.666666666666668
Dort Financial CU,7,731700.0,104528.57142857143,369600.0,7.714285714285714,0,3,0.5051250512505125,0.0,42.857142857142854
Douglas National Bank,9,5317700.0,590855.5555555555,4097775.0,18.333333333333332,0,1,0.7705916091543337,0.0,11.11111111111111
Drake Bank,52,32266400.0,620507.6923076923,22004915.0,13.153846153846153,0,7,0.681976142364813,0.0,13.461538461538462
Dream First Bank National Association,80,51869500.0,648368.75,40415070.0,24.675,0,21,0.7791682973616479,0.0,26.25
DreamSpring,90,12727500.0,141416.66666666666,10080025.0,6.833333333333333,1,12,0.7919878216460421,1.1111111111111112,13.333333333333334
DuPont Community Credit Union,3,1053300.0,351100.0,789975.0,7.0,0,0,0.75,0.0,0.0
Dundee Bank,18,7934100.0,440783.3333333333,4545575.0,24.11111111111111,0,8,0.5729162727971666,0.0,44.44444444444444
EECU,4,1156300.0,289075.0,867225.0,11.25,0,1,0.75,0.0,25.0
ELGA Credit Union,14,5844300.0,417450.0,4459675.0,9.0,0,5,0.7630811217767739,0.0,35.714285714285715
ESL FCU,358,50928800.0,142259.21787709498,32812875.0,6.229050279329609,3,68,0.6442891841158637,0.8379888268156425,18.99441340782123
Eagle Rock Bank,8,2906300.0,363287.5,2121325.0,15.5,0,2,0.7299057220520937,0.0,25.0
EagleBank,38,22420000.0,590000.0,17299675.0,18.31578947368421,0,9,0.7716179750223016,0.0,23.68421052631579
East Cambridge Savings Bank,4,2190500.0,547625.0,1486625.0,19.5,0,2,0.6786692535950696,0.0,50.0
East West Bank,720,604439500.0,839499.3055555555,464451382.75,12.373611111111112,12,156,0.768400117381475,1.6666666666666667,21.666666666666668
EastRise Federal Credit Union,54,3998800.0,74051.85185185185,2018450.0,4.12962962962963,1,22,0.5047639291787537,1.8518518518518519,40.74074074074074
Eastern Bank,2118,329939600.0,155778.8479697828,208816878.0,6.881964117091596,72,722,0.6328942570094648,3.3994334277620397,34.08876298394712
Eastern Maine Development Corporation,3,442500.0,147500.0,346875.0,7.333333333333333,0,0,0.7838983050847458,0.0,0.0
Eastern Michigan Bank,4,1614700.0,403675.0,1329230.0,28.5,0,2,0.8232055490183935,0.0,50.0
Eastern Utah Community FCU,2,672500.0,336250.0,504375.0,22.0,0,2,0.75,0.0,100.0
Eaton Community Bank,11,5670100.0,515463.63636363635,4164380.0,11.272727272727273,0,0,0.7344456006066913,0.0,0.0
Eclipse Bank Inc,23,28648900.0,1245604.347826087,21731175.0,30.217391304347824,0,5,0.7585343590853401,0.0,21.73913043478261
Economic Development Bank for Puerto Rico,52,8067400.0,155142.3076923077,6121715.0,6.75,0,4,0.7588213055011528,0.0,7.6923076923076925
Economic and Community Development Institute,101,17082700.0,169135.64356435643,13627140.0,6.920792079207921,0,10,0.7977158177571462,0.0,9.900990099009901
Educators Credit Union,12,5198700.0,433225.0,3638650.0,8.25,2,4,0.6999153634562487,16.666666666666668,33.333333333333336
Elements Financial Federal Credit Union,3,685400.0,228466.66666666666,514050.0,6.666666666666667,0,1,0.75,0.0,33.333333333333336
Elevate Bank National Association,13,7934000.0,610307.6923076923,5965360.0,13.538461538461538,0,1,0.7518729518527855,0.0,7.6923076923076925
Embassy National Bank,109,165729700.0,1520455.9633027522,130356964.5,8.990825688073395,0,36,0.786563690756696,0.0,33.027522935779814
Embers Credit Union,4,6802400.0,1700600.0,5076800.0,19.25,0,0,0.7463248265318123,0.0,0.0
Embold Federal Credit Union,7,5926200.0,846600.0,4472140.0,7.714285714285714,1,0,0.7546387229590631,14.285714285714286,0.0
Empeople Credit Union,21,2800300.0,133347.61904761905,1822125.0,4.238095238095238,1,11,0.6506892118701567,4.761904761904762,52.38095238095238
Empire State Bank,8,25691300.0,3211412.5,19865670.0,11.75,0,1,0.7732450284726736,0.0,12.5
Empire State Certified Development Corporation,18,3126000.0,173666.66666666666,2485500.0,5.277777777777778,0,6,0.79510556621881,0.0,33.333333333333336
Emprise Bank,200,89375700.0,446878.5,66130705.0,10.475,1,35,0.7399181768646288,0.5,17.5
Encore Bank,122,84523000.0,692811.475409836,62730375.0,17.92622950819672,0,27,0.7421692911988453,0.0,22.131147540983605
Endeavor Bank,8,12370800.0,1546350.0,9278100.0,28.625,0,0,0.75,0.0,0.0
Enterprise Bank,116,75712400.0,652693.1034482758,60218240.0,22.801724137931036,0,23,0.7953550541258764,0.0,19.82758620689655
Enterprise Bank & Trust,1545,1944334400.0,1258468.8673139159,1517313223.5,12.69126213592233,1,434,0.7803766798036387,0.06472491909385113,28.09061488673139
Enterprise Bank of South Carolina,3,2316300.0,772100.0,1807875.0,9.666666666666666,0,0,0.7805012304105686,0.0,0.0
EntreBank,17,9156600.0,538623.5294117647,6442450.0,17.823529411764707,0,2,0.7035853919577135,0.0,11.764705882352942
Equitable Bank,11,2424500.0,220409.0909090909,1517625.0,11.545454545454545,0,4,0.6259538049082285,0.0,36.36363636363637
Equity Bank,223,121942300.0,546826.4573991031,91758290.0,16.443946188340806,0,64,0.7524730138762349,0.0,28.699551569506728
Ergo Bank,16,10521100.0,657568.75,8178780.0,9.4375,0,3,0.7773692864814515,0.0,18.75
Essential Credit Union,37,2156800.0,58291.89189189189,1118900.0,3.5945945945945947,3,10,0.5187778189910979,8.108108108108109,27.027027027027028
Essex Bank,1,100000.0,100000.0,50000.0,6.0,0,0,0.5,0.0,0.0
EverBank National Association,15,18973100.0,1264873.3333333333,14244825.0,36.93333333333333,0,0,0.7507905929974543,0.0,0.0
EverTrust Bank,58,55979000.0,965155.1724137932,43205130.0,15.793103448275861,0,15,0.7718096071741188,0.0,25.862068965517242
Evergreen Business Capital,3,431700.0,143900.0,346225.0,4.333333333333333,0,0,0.8020037062775075,0.0,0.0
Everwise Credit Union,95,185870400.0,1956530.5263157894,141283155.0,20.526315789473685,2,13,0.7601164843891227,2.1052631578947367,13.68421052631579
Evolve Bank and Trust,231,223124800.0,965908.2251082251,175936455.0,13.805194805194805,2,61,0.788511429478032,0.8658008658008658,26.406926406926406
Exchange Bank,97,69981400.0,721457.7319587629,53123936.0,18.22680412371134,0,24,0.7591150791496026,0.0,24.742268041237114
Exchange Bank and Trust,1,175000.0,175000.0,131250.0,9.0,0,0,0.75,0.0,0.0
Exchange Bank and Trust Company,3,899700.0,299900.0,682015.0,8.0,0,0,0.7580471268200512,0.0,0.0
F & M Bank,3,1620800.0,540266.6666666666,1314450.0,11.666666666666666,0,1,0.8109884007897334,0.0,33.333333333333336
F & M Bank and Trust Company,4,1684900.0,421225.0,1287100.0,10.5,0,3,0.7639029022493916,0.0,75.0
F and M Community Bank National Association,2,393000.0,196500.0,294750.0,5.5,0,0,0.75,0.0,0.0
"FCN Bank, National Association",2,769000.0,384500.0,576750.0,10.5,0,0,0.75,0.0,0.0
FCNB Bank,9,4757800.0,528644.4444444445,3410770.0,21.666666666666668,0,1,0.7168796502585228,0.0,11.11111111111111
FDIC - Community Bank & Trust-West Georgia,295,445887900.0,1511484.406779661,345978675.0,19.854237288135593,12,25,0.7759319663081237,4.067796610169491,8.474576271186441
FFB Bank,235,251746500.0,1071261.7021276595,190114845.0,27.73191489361702,5,27,0.7551836669030155,2.127659574468085,11.48936170212766
FMS Bank,44,37492500.0,852102.2727272727,28391950.0,16.818181818181817,1,7,0.7572701206908048,2.272727272727273,15.909090909090908
FNB Bank,22,7791900.0,354177.2727272727,3895950.0,3.6363636363636362,0,5,0.5,0.0,22.727272727272727
FNB Bank Inc,10,2241600.0,224160.0,1120800.0,6.0,1,1,0.5,10.0,10.0
"FNB Bank, Inc.",18,4486100.0,249227.77777777778,2903800.0,17.833333333333332,0,6,0.647288290497314,0.0,33.333333333333336
FNB Coweta,2,132700.0,66350.0,66350.0,2.0,0,1,0.5,0.0,50.0
FNB South,2,1165700.0,582850.0,887255.0,6.5,0,0,0.7611349403791713,0.0,0.0
FNBC Bank,77,36026500.0,467876.6233766234,26860765.0,7.1558441558441555,0,23,0.7455835287913064,0.0,29.87012987012987
FNBC Bank and Trust,2,784000.0,392000.0,588000.0,9.5,0,0,0.75,0.0,0.0
FVCbank,1,1850000.0,1850000.0,1387500.0,28.0,0,0,0.75,0.0,0.0
FWBank,168,193637700.0,1152605.357142857,145219810.0,29.148809523809526,0,10,0.7499562843392583,0.0,5.9523809523809526
Fairfax State Savings Bank,17,4117100.0,242182.35294117648,3126245.0,10.058823529411764,0,6,0.7593318112263486,0.0,35.294117647058826
Fairfield County Bank,1,4654500.0,4654500.0,3490875.0,121.0,0,0,0.75,0.0,0.0
Fairwinds CU,4,1296900.0,324225.0,1121010.0,15.25,0,0,0.8643765903307888,0.0,0.0
Falcon National Bank,272,177571400.0,652836.0294117647,134163675.0,15.136029411764707,8,70,0.7555477683906304,2.9411764705882355,25.735294117647058
Fall River Five Cents Savings Bank d/b/a BankFive,52,5923100.0,113905.76923076923,3158800.0,6.923076923076923,2,14,0.533301818304604,3.8461538461538463,26.923076923076923
FandM Bank,20,7737400.0,386870.0,5204575.0,6.7,0,12,0.6726516659342932,0.0,60.0
FandM Bank and Trust Company,1,420000.0,420000.0,315000.0,12.0,0,0,0.75,0.0,0.0
Farmers & Merchants Bank,23,6815600.0,296330.4347826087,4706050.0,18.869565217391305,0,10,0.6904821292329362,0.0,43.47826086956522
Farmers & Merchants Bank & Trust,8,5646700.0,705837.5,4325625.0,5.75,0,2,0.766044769511396,0.0,25.0
Farmers & Merchants Bank of Long Beach,8,3745200.0,468150.0,2808900.0,17.125,0,0,0.75,0.0,0.0
Farmers & Merchants Bank of North Dakota,1,25000.0,25000.0,12500.0,1.0,1,0,0.5,100.0,0.0
Farmers Bank & Trust,1,499800.0,499800.0,374850.0,9.0,0,0,0.75,0.0,0.0
Farmers Bank and Trust,48,9972500.0,207760.41666666666,6654205.0,6.729166666666667,0,19,0.6672554524943595,0.0,39.583333333333336
Farmers National Bank,3,529700.0,176566.66666666666,388850.0,6.333333333333333,0,2,0.734094770624882,0.0,66.66666666666667
Farmers Savings Bank,1,495000.0,495000.0,247500.0,1.0,0,0,0.5,0.0,0.0
Farmers Savings Bank & Trust,2,193000.0,96500.0,169800.0,3.0,0,1,0.8797927461139896,0.0,50.0
Farmers State Bank,134,36657800.0,273565.67164179106,27406620.0,9.149253731343284,0,39,0.7476340642373519,0.0,29.104477611940297
"Farmers State Bank of Alto Pass, Illinois",72,161862500.0,2248090.277777778,128370190.0,13.125,0,25,0.793081720596185,0.0,34.72222222222222
Farmers State Bank of Underwood,2,1274000.0,637000.0,955500.0,12.0,0,0,0.75,0.0,0.0
Farmers State Bank of Western Illinois,2,662000.0,331000.0,565050.0,7.5,0,0,0.8535498489425982,0.0,0.0
Farmers and Merchants Bank,19,39125500.0,2059236.8421052631,29986725.0,22.31578947368421,0,1,0.7664240712578753,0.0,5.2631578947368425
Farmers and Merchants Bank of Ashland,1,139000.0,139000.0,118150.0,6.0,0,0,0.85,0.0,0.0
"Farmers and Merchants Bank of Mound City, Kansas",8,743800.0,92975.0,371900.0,3.5,0,4,0.5,0.0,50.0
Farmers and Merchants Bank of St. Clair,21,5675000.0,270238.09523809527,4102025.0,4.190476190476191,1,13,0.7228237885462555,4.761904761904762,61.904761904761905
Farmers and Merchants Savings Bank,83,46707700.0,562743.373493976,35073475.0,20.91566265060241,0,31,0.7509141961603761,0.0,37.34939759036145
Farmers and Merchants State Bank,3,1615000.0,538333.3333333334,1226250.0,13.333333333333334,0,0,0.7592879256965944,0.0,0.0
Farmers and Merchants State Bank of New York Mills Incorporated,7,1065000.0,152142.85714285713,532500.0,3.5714285714285716,0,4,0.5,0.0,57.142857142857146
Farmers and Merchants State Bank of Pierz,15,2382700.0,158846.66666666666,1191350.0,6.4,0,6,0.5,0.0,40.0
Farmers and Merchants State Bank of Springfield,1,150000.0,150000.0,127500.0,4.0,0,0,0.85,0.0,0.0
Farmers and Merchants Union Bank,1,150000.0,150000.0,75000.0,25.0,0,0,0.5,0.0,0.0
Fibre FCU,1,508500.0,508500.0,381375.0,26.0,0,0,0.75,0.0,0.0
Fidelity Bank,95,31788300.0,334613.6842105263,22516596.7,10.378947368421052,1,22,0.7083296904836056,1.0526315789473684,23.157894736842106
Fidelity Bank & Trust,3,660000.0,220000.0,509500.0,10.666666666666666,0,0,0.771969696969697,0.0,0.0
"Fidelity Bank, National Association",36,27070800.0,751966.6666666666,20684400.0,23.055555555555557,0,10,0.7640852874684162,0.0,27.77777777777778
Fidelity Co-Operative Bank,3,2299200.0,766400.0,1746780.0,11.666666666666666,0,0,0.7597338204592902,0.0,0.0
Fidelity Deposit and Discount Bank,86,28873600.0,335739.5348837209,21645220.0,9.627906976744185,1,19,0.7496543555358528,1.1627906976744187,22.093023255813954
Fifth Third Bank,2535,1327146300.0,523529.1124260355,924444948.0,9.767258382642998,59,484,0.6965659686501782,2.3274161735700196,19.092702169625248
FinWise Bank,632,784486800.0,1241276.582278481,620781687.8,15.139240506329115,13,128,0.7913220309124385,2.0569620253164556,20.253164556962027
Finance Fund Capital Corporation,1,101000.0,101000.0,85850.0,6.0,0,1,0.85,0.0,100.0
Financial Center First CU,7,536800.0,76685.71428571429,303400.0,7.0,0,0,0.5652011922503726,0.0,0.0
Financial Plus CU,3,501500.0,167166.66666666666,389725.0,8.333333333333334,0,0,0.7771186440677966,0.0,0.0
Financial Resources Federal Credit Union,90,143182800.0,1590920.0,109991100.0,18.38888888888889,0,13,0.7681865419589504,0.0,14.444444444444445
FirsTier Bank,3,1095000.0,365000.0,828750.0,6.666666666666667,0,1,0.7568493150684932,0.0,33.333333333333336
First American Bank,222,175082100.0,788658.1081081082,135745035.0,17.0,0,92,0.7753221774241913,0.0,41.44144144144144
First American Capital Corp.,4,297500.0,74375.0,252875.0,3.5,0,1,0.85,0.0,25.0
First Bank,740,659732500.0,891530.4054054054,511007960.0,16.67972972972973,4,174,0.7745684197761972,0.5405405405405406,23.513513513513512
First Bank & Trust,183,139666200.0,763203.2786885246,103005020.0,15.62295081967213,2,24,0.7375085740143285,1.092896174863388,13.114754098360656
First Bank Blue Earth,1,50000.0,50000.0,25000.0,2.0,0,1,0.5,0.0,100.0
First Bank Elk River,3,165000.0,55000.0,82500.0,5.0,0,1,0.5,0.0,33.333333333333336
First Bank Kansas,2,1695000.0,847500.0,1493500.0,6.5,0,1,0.8811209439528024,0.0,50.0
First Bank Richmond,16,16161700.0,1010106.25,12378630.0,28.0625,0,5,0.7659237580205053,0.0,31.25
First Bank and Trust Co,7,5242900.0,748985.7142857143,3844675.0,12.142857142857142,1,1,0.7333107631272769,14.285714285714286,14.285714285714286
"First Bank and Trust of Memphis, A Division of Bank19",2,470000.0,235000.0,343000.0,4.5,0,1,0.7297872340425532,0.0,50.0
First Bank of Alabama,3,2475600.0,825200.0,1931745.0,20.333333333333332,0,1,0.7803138633058653,0.0,33.333333333333336
First Bank of Central Ohio,89,134243000.0,1508348.3146067415,100697250.0,14.134831460674157,0,5,0.7501117376697481,0.0,5.617977528089888
First Bank of Owasso,23,3458400.0,150365.21739130435,2718040.0,7.913043478260869,0,8,0.7859241267638214,0.0,34.78260869565217
First Bank of the Lake,2127,1734050600.0,815256.5115185707,1326260427.3,13.754583921015515,38,237,0.764833752429139,1.7865538316878233,11.142454160789844
"First Bank, Upper Michigan",1,776800.0,776800.0,582600.0,12.0,0,0,0.75,0.0,0.0
First Bankers Trust Company National Association,10,2233000.0,223300.0,1581000.0,6.8,0,0,0.7080161218092252,0.0,0.0
First Basin Credit Union,2,2200000.0,1100000.0,1650000.0,42.0,0,1,0.75,0.0,50.0
First Business Bank,262,296551000.0,1131874.0458015266,227844420.0,15.736641221374045,6,67,0.7683144551864604,2.2900763358778624,25.572519083969464
First Capital Bank,7,3401400.0,485914.28571428574,2682125.0,5.857142857142857,0,1,0.7885356029870053,0.0,14.285714285714286
First Central Bank,2,318400.0,159200.0,159200.0,5.5,0,0,0.5,0.0,0.0
First Central Bank McCook,7,1170200.0,167171.42857142858,632725.0,3.5714285714285716,0,2,0.5406981712527773,0.0,28.571428571428573
First Central Savings Bank,8,1940000.0,242500.0,1332500.0,6.625,0,0,0.6868556701030928,0.0,0.0
First Central State Bank,6,5384300.0,897383.3333333334,4101975.0,16.333333333333332,0,1,0.7618399791987817,0.0,16.666666666666668
First Children's Finance,24,2033500.0,84729.16666666667,1711725.0,11.5,1,3,0.8417629702483403,4.166666666666667,12.5
First Citizens Bank,58,9881300.0,170367.24137931035,6326650.0,5.586206896551724,1,32,0.6402649448959145,1.7241379310344827,55.172413793103445
First Citizens Community Bank,10,3055100.0,305510.0,1873800.0,8.4,0,3,0.613335079048149,0.0,30.0
First Citizens State Bank,20,11599300.0,579965.0,8852395.0,31.55,0,8,0.7631835541799936,0.0,40.0
First Command Bank,38,11962600.0,314805.2631578947,8996750.0,4.815789473684211,0,4,0.7520731279153361,0.0,10.526315789473685
First Commerce Bank,50,42236600.0,844732.0,31490625.0,14.44,0,17,0.7455767036172419,0.0,34.0
First Commercial Bank (USA),2,560000.0,280000.0,301000.0,27.5,0,0,0.5375,0.0,0.0
"First Commercial Bank, National Association",4,4809600.0,1202400.0,3670750.0,6.5,0,1,0.7632131570192947,0.0,25.0
First Commonwealth Bank,1003,722151400.0,719991.4257228315,546735240.0,15.50049850448654,7,238,0.7570922662477702,0.6979062811565304,23.728813559322035
First Commonwealth FCU,4,1520200.0,380050.0,1149520.0,7.75,0,1,0.7561636626759637,0.0,25.0
First Community Bank,388,267024900.0,688208.5051546391,198744970.0,8.3840206185567,3,84,0.7442937718542353,0.7731958762886598,21.649484536082475
First Community CU,9,6075300.0,675033.3333333334,4489780.0,5.777777777777778,1,2,0.7390219413033101,11.11111111111111,22.22222222222222
First Community Credit Union,17,1456700.0,85688.23529411765,1039200.0,7.235294117647059,0,3,0.7133932861948239,0.0,17.647058823529413
First County Bank,16,8602800.0,537675.0,5326400.0,8.125,0,2,0.6191472543822941,0.0,12.5
First Dakota National Bank,13,6694500.0,514961.53846153844,5018105.0,15.692307692307692,0,4,0.7495862275001868,0.0,30.76923076923077
First Eagle Bank,5,1180400.0,236080.0,696450.0,8.6,0,2,0.5900118603863097,0.0,40.0
First Enterprise Bank,8,3013100.0,376637.5,2165975.0,9.125,0,0,0.7188526766453155,0.0,0.0
First Farmers & Merchants Bank,5,1330000.0,266000.0,730000.0,19.2,0,2,0.5488721804511278,0.0,40.0
First Farmers Bank and Trust Co,7,4166700.0,595242.8571428572,3075025.0,22.0,0,0,0.738000095999232,0.0,0.0
First Farmers and Merchants Bank,29,7738300.0,266837.9310344828,5641135.0,6.793103448275862,0,1,0.7289889252161328,0.0,3.4482758620689653
First Fed Bank,22,25293800.0,1149718.1818181819,20086425.0,22.045454545454547,0,3,0.7941244494698305,0.0,13.636363636363637
First Federal Bank,108,69993400.0,648087.0370370371,54292555.0,11.416666666666666,2,18,0.7756810642146259,1.8518518518518519,16.666666666666668
First Federal Bank & Trust,3,475000.0,158333.33333333334,297500.0,5.0,0,0,0.6263157894736842,0.0,0.0
First Federal Bank of Wisconsin,2,150000.0,75000.0,75000.0,3.0,0,1,0.5,0.0,50.0
First Federal Community Bank National Association,15,3782000.0,252133.33333333334,1891000.0,7.8,0,3,0.5,0.0,20.0
"First Federal Community Bank, SSB",2,4258300.0,2129150.0,3193725.0,7.0,0,0,0.75,0.0,0.0
First Federal Savings Bank,108,78342000.0,725388.8888888889,59961655.0,13.50925925925926,0,18,0.7653832554696076,0.0,16.666666666666668
First Federal Savings and Loan Association of Lakewood,50,20684400.0,413688.0,14398585.0,12.94,0,11,0.6961084198719808,0.0,22.0
First Fidelity Bank,13,4014200.0,308784.6153846154,2887500.0,28.153846153846153,0,0,0.7193214089980569,0.0,0.0
First Financial Bank,1051,986311600.0,938450.6184586108,746583528.26,9.725023786869649,11,254,0.7569448927296404,1.0466222645099905,24.1674595623216
"First Financial Bank, National Association",60,26740900.0,445681.6666666667,19080375.0,8.6,1,22,0.7135277795436953,1.6666666666666667,36.666666666666664
First Financial Credit Union,1,692000.0,692000.0,519000.0,11.0,0,1,0.75,0.0,100.0
First General Bank,64,134766600.0,2105728.125,105314950.0,18.328125,0,29,0.7814618013662139,0.0,45.3125
First Guaranty Bank,50,21729100.0,434582.0,17351900.0,16.06,2,7,0.7985558536708838,4.0,14.0
First Harrison Bank,34,8907500.0,261985.29411764705,6473630.0,10.705882352941176,0,3,0.7267617176536626,0.0,8.823529411764707
First Hawaiian Bank,22,2701000.0,122772.72727272728,1967980.0,9.772727272727273,0,9,0.7286116253239541,0.0,40.90909090909091
First Heritage Bank,22,7534200.0,342463.63636363635,5729675.0,11.681818181818182,0,8,0.7604888375673595,0.0,36.36363636363637
First Heritage Federal Credit Union,40,8355200.0,208880.0,6217875.0,5.375,0,4,0.7441922395633856,0.0,10.0
First Horizon Bank,196,229725700.0,1172069.8979591837,175976804.9,16.785714285714285,1,55,0.7660301172224092,0.5102040816326531,28.06122448979592
First Independence Bank,2,250000.0,125000.0,125000.0,3.5,0,1,0.5,0.0,50.0
First Independent Bank,20,3125200.0,156260.0,2348300.0,5.15,1,8,0.7514079098937668,5.0,40.0
First International Bank and Trust,13,9687900.0,745223.0769230769,7200750.0,13.692307692307692,0,2,0.7432725358436812,0.0,15.384615384615385
First Internet Bank of Indiana,1677,2188014400.0,1304719.3798449612,1647154315.6,16.361359570661897,30,195,0.75280780400714,1.7889087656529516,11.627906976744185
First Interstate Bank,413,201920700.0,488912.10653753026,153159550.0,11.692493946731235,1,109,0.7585133668811568,0.24213075060532688,26.39225181598063
First Iowa State Bank,1,151000.0,151000.0,113250.0,19.0,0,0,0.75,0.0,0.0
First Keystone Community Bank,1,2375000.0,2375000.0,1781250.0,60.0,0,0,0.75,0.0,0.0
First Liberty Bank,11,11859500.0,1078136.3636363635,8894625.0,10.454545454545455,1,0,0.75,9.090909090909092,0.0
First Merchants Bank,960,649369200.0,676426.25,503643340.2,12.292708333333334,11,209,0.7755885868932496,1.1458333333333333,21.770833333333332
"First Mid Bank & Trust, National Association",233,103266200.0,443202.5751072961,77377755.95,11.429184549356224,0,68,0.7493037988228481,0.0,29.184549356223176
First Midwest Bank of the Ozarks,18,8963300.0,497961.1111111111,6151800.0,16.666666666666668,0,4,0.6863320428859907,0.0,22.22222222222222
"First Montana Bank, Inc.",11,8058400.0,732581.8181818182,6148750.0,12.0,1,5,0.7630236771567557,9.090909090909092,45.45454545454545
First National Bank,115,34844100.0,302992.17391304346,24848665.0,11.843478260869565,0,49,0.713138379237805,0.0,42.608695652173914
First National Bank & Trust Co,25,5240400.0,209616.0,3668540.0,11.84,1,3,0.7000496145332418,4.0,12.0
First National Bank & Trust Company of McAlester,19,4846600.0,255084.2105263158,2563050.0,9.736842105263158,0,11,0.5288346469690092,0.0,57.89473684210526
First National Bank Alaska,14,11460700.0,818621.4285714285,8605685.0,10.142857142857142,0,0,0.7508865078049334,0.0,0.0
"First National Bank Ames, Iowa",12,2187500.0,182291.66666666666,1699155.0,11.666666666666666,1,2,0.7767565714285715,8.333333333333334,16.666666666666668
First National Bank Minnesota,6,3745000.0,624166.6666666666,3181350.0,7.833333333333333,0,1,0.8494926568758344,0.0,16.666666666666668
First National Bank North,1,1434000.0,1434000.0,1075500.0,1.0,0,0,0.75,0.0,0.0
First National Bank Texas,172,66320500.0,385584.3023255814,54065500.0,9.511627906976743,2,84,0.8152155065175926,1.1627906976744187,48.83720930232558
First National Bank USA,1,652000.0,652000.0,489000.0,10.0,0,1,0.75,0.0,100.0
First National Bank and Trust,2,5481900.0,2740950.0,4111425.0,9.0,0,0,0.75,0.0,0.0
First National Bank and Trust Company of Weatherford d/b/a First Bank Texas,54,26225700.0,485661.1111111111,21038900.0,18.09259259259259,2,26,0.8022245354747443,3.7037037037037037,48.148148148148145
First National Bank of Coffee County,48,38602000.0,804208.3333333334,29537725.0,13.875,1,9,0.7651863893062536,2.0833333333333335,18.75
First National Bank of Gillette,3,505100.0,168366.66666666666,308800.0,4.0,0,1,0.6113640863195406,0.0,33.333333333333336
First National Bank of Louisiana,5,8682600.0,1736520.0,7120650.0,53.4,0,0,0.8201057286987768,0.0,0.0
First National Bank of Michigan,40,32000100.0,800002.5,24676630.0,12.6,0,3,0.7711422776803822,0.0,7.5
First National Bank of Oklahoma,3,4496700.0,1498900.0,3372525.0,21.333333333333332,0,0,0.75,0.0,0.0
First National Bank of Omaha,335,109776300.0,327690.447761194,81788975.0,14.08955223880597,2,133,0.7450512997796428,0.5970149253731343,39.701492537313435
First National Bank of Pana,6,2249600.0,374933.3333333333,1865430.0,6.833333333333333,0,0,0.8292274182076813,0.0,0.0
First National Bank of Pennsylvania,801,769043600.0,960104.3695380774,591555255.0,15.610486891385769,10,150,0.7692089954327687,1.2484394506866416,18.726591760299627
First National Bank of Pulaski,5,1162400.0,232480.0,581200.0,9.6,0,4,0.5,0.0,80.0
"First National Bank, Cortez",3,1027000.0,342333.3333333333,780250.0,8.333333333333334,0,0,0.7597370983446933,0.0,0.0
First National Community Bank,64,52276800.0,816825.0,39071205.0,9.5625,1,14,0.7473909076301534,1.5625,21.875
First Nations Bank,2,3548000.0,1774000.0,2661000.0,21.5,0,0,0.75,0.0,0.0
First Nebraska Bank,10,4815800.0,481580.0,3647065.0,6.8,0,3,0.7573123883882221,0.0,30.0
First Neighbor Bank National Association,2,3558000.0,1779000.0,3202200.0,12.0,0,0,0.9,0.0,0.0
First Neighborhood Bank,1,832500.0,832500.0,416250.0,4.0,0,0,0.5,0.0,0.0
First New Mexico Bank,1,50000.0,50000.0,45000.0,2.0,0,1,0.9,0.0,100.0
First New Mexico Bank Las Cruces,1,952000.0,952000.0,714000.0,3.0,0,0,0.75,0.0,0.0
First Northeast Bank of Nebraska,3,2858200.0,952733.3333333334,2098830.0,5.333333333333333,0,2,0.734318802043244,0.0,66.66666666666667
First Northern Bank of Dixon,1,139400.0,139400.0,125460.0,1.0,0,0,0.9,0.0,0.0
First Northern Bank of Wyoming,9,1724300.0,191588.88888888888,1157150.0,4.777777777777778,0,3,0.6710839181116975,0.0,33.333333333333336
First Oklahoma Bank,104,111601500.0,1073091.3461538462,83735575.0,17.10576923076923,0,23,0.7503086876072455,0.0,22.115384615384617
First Option Bank,2,623500.0,311750.0,374250.0,5.0,0,2,0.6002405773857258,0.0,100.0
First PREMIER Bank,16,2182900.0,136431.25,1728225.0,5.1875,0,7,0.7917105685097806,0.0,43.75
First Pacific Bank,6,5292000.0,882000.0,3969000.0,24.0,0,2,0.75,0.0,33.333333333333336
First Port City Bank,68,67134500.0,987272.0588235294,52131970.0,11.279411764705882,1,16,0.7765302489777983,1.4705882352941178,23.529411764705884
First Pryority Bank,45,24212000.0,538044.4444444445,15705700.0,13.28888888888889,1,15,0.6486742111349744,2.2222222222222223,33.333333333333336
First Reliance Bank,1,160000.0,160000.0,120000.0,40.0,0,0,0.75,0.0,0.0
First Resource Bank,105,69509600.0,661996.1904761905,51484450.0,17.152380952380952,0,15,0.7406811433240876,0.0,14.285714285714286
First Savings Bank,113,29493600.0,261005.30973451328,18958060.0,10.964601769911505,0,46,0.6427855534760084,0.0,40.70796460176991
First Seacoast Bank,12,7088400.0,590700.0,4927300.0,6.333333333333333,0,1,0.6951216071327804,0.0,8.333333333333334
First Security Bank,40,13455600.0,336390.0,9305775.0,7.15,1,6,0.6915912333898154,2.5,15.0
First Security Bank & Trust Company,3,725700.0,241900.0,570225.0,8.666666666666666,0,0,0.7857585779247623,0.0,0.0
First Security Bank and Trust Company,26,13783400.0,530130.7692307692,9515825.0,18.0,0,2,0.6903829969383461,0.0,7.6923076923076925
First Security Bank of Nevada,3,275000.0,91666.66666666667,137500.0,16.666666666666668,0,2,0.5,0.0,66.66666666666667
First Service Bank,135,92102700.0,682242.2222222222,68214525.0,6.562962962962963,0,31,0.7406354536837683,0.0,22.962962962962962
First Service Credit Union,30,30204100.0,1006803.3333333334,24507375.0,12.8,0,5,0.8113923275316928,0.0,16.666666666666668
First Southern Bank,9,18688200.0,2076466.6666666667,14356950.0,15.222222222222221,0,2,0.7682361062060552,0.0,22.22222222222222
First Southwest Bank,142,44144400.0,310876.05633802817,33339635.0,10.17605633802817,5,57,0.7552404155453466,3.5211267605633805,40.140845070422536
First State Bank,117,115629300.0,988284.6153846154,87363185.0,15.623931623931623,3,26,0.7555453937713019,2.5641025641025643,22.22222222222222
First State Bank & Trust,10,4859400.0,485940.0,3705600.0,10.4,0,6,0.762563279417212,0.0,60.0
First State Bank Minnesota,1,1098500.0,1098500.0,823875.0,4.0,0,1,0.75,0.0,100.0
First State Bank Nebraska,213,104018000.0,488347.41784037556,79324355.0,7.976525821596244,1,51,0.7626021938510642,0.4694835680751174,23.943661971830984
First State Bank and Trust,24,3642000.0,151750.0,2610460.0,7.375,0,5,0.7167655134541461,0.0,20.833333333333332
First State Bank and Trust Company Inc,2,80000.0,40000.0,68000.0,5.5,0,0,0.85,0.0,0.0
First State Bank of Forsyth,4,1168000.0,292000.0,670250.0,6.75,0,0,0.5738441780821918,0.0,0.0
First State Bank of Le Center,1,209600.0,209600.0,104800.0,6.0,0,0,0.5,0.0,0.0
First State Bank of Middlebury,17,8710400.0,512376.4705882353,6797915.0,12.647058823529411,0,2,0.7804366045187362,0.0,11.764705882352942
First State Bank of Porter,1,250000.0,250000.0,187500.0,14.0,0,1,0.75,0.0,100.0
First State Bank of Texas,13,17605000.0,1354230.7692307692,13366650.0,25.615384615384617,0,1,0.759253053109912,0.0,7.6923076923076925
First State Bank of the Ozarks,3,878500.0,292833.3333333333,646375.0,3.3333333333333335,0,0,0.7357712009106432,0.0,0.0
First State Community Bank,15,7749000.0,516600.0,5773280.0,10.533333333333333,1,3,0.7450354884501226,6.666666666666667,20.0
First U.S. Community CU,21,6757000.0,321761.90476190473,5159660.0,9.904761904761905,0,4,0.7636021903211484,0.0,19.047619047619047
First US Bank,2,776200.0,388100.0,623730.0,7.0,0,1,0.8035686678691059,0.0,50.0
First United Bank,25,12469700.0,498788.0,8423075.0,14.48,0,11,0.6754833716929838,0.0,44.0
First United Bank and Trust Company,200,183187400.0,915937.0,142417284.6,16.905,0,43,0.7774403949179911,0.0,21.5
First Utah Bank,117,169282400.0,1446858.1196581197,127756020.0,22.324786324786324,0,42,0.75469168679083,0.0,35.8974358974359
First Vision Bank of Tennessee,4,973200.0,243300.0,632850.0,7.0,0,2,0.6502774352651048,0.0,50.0
First Western Bank,1,180000.0,180000.0,90000.0,16.0,0,0,0.5,0.0,0.0
First Western Bank & Trust,137,37827400.0,276112.4087591241,21706071.6,12.058394160583942,1,59,0.5738187557167557,0.7299270072992701,43.065693430656935
"First Western SBLC, LLC",176,349875500.0,1987928.9772727273,279828445.9,11.039772727272727,0,61,0.7997943437022598,0.0,34.65909090909091
First Western Trust Bank,3,2269600.0,756533.3333333334,1702200.0,29.333333333333332,0,0,0.75,0.0,0.0
"First Westroads Bank, Inc",9,5118000.0,568666.6666666666,4068500.0,30.555555555555557,3,2,0.7949394294646346,33.333333333333336,22.22222222222222
First-Citizens Bank & Trust Company,622,626220300.0,1006785.0482315113,474399960.48,16.520900321543408,1,148,0.7575608144290437,0.1607717041800643,23.794212218649516
FirstBank,94,80127100.0,852415.9574468085,62273100.0,15.73404255319149,0,26,0.7771790068528626,0.0,27.659574468085108
FirstBank Puerto Rico,235,53702400.0,228520.8510638298,39451237.4,15.25531914893617,0,24,0.734627081843642,0.0,10.212765957446809
Firstar Bank,1,173500.0,173500.0,86750.0,47.0,0,1,0.5,0.0,100.0
Firstrust Savings Bank,274,330631300.0,1206683.5766423359,258979190.0,18.226277372262775,0,72,0.7832869725280093,0.0,26.277372262773724
Five Points Bank,1,100000.0,100000.0,50000.0,12.0,0,1,0.5,0.0,100.0
Five Star Bank,1502,391285400.0,260509.58721704394,300458130.0,7.654460719041278,40,303,0.7678746255290895,2.663115845539281,20.173102529960055
Five Star Credit Union,2,654000.0,327000.0,490500.0,4.0,0,0,0.75,0.0,0.0
Flagship Bank,5,1825000.0,365000.0,1470000.0,7.2,0,0,0.8054794520547945,0.0,0.0
"Flagship Enterprise Center, Inc. (dba Bankable)",95,14753200.0,155296.84210526315,11869035.0,8.547368421052632,1,23,0.804505802131063,1.0526315789473684,24.210526315789473
Flagstar Bank National Association,59,16596100.0,281289.83050847455,11427860.0,11.64406779661017,0,11,0.6885870776869264,0.0,18.64406779661017
Flanagan State Bank,1,191800.0,191800.0,143850.0,9.0,0,1,0.75,0.0,100.0
FlatIrons Bank,5,2799000.0,559800.0,2011750.0,14.8,0,2,0.7187388352983208,0.0,40.0
Flint Community Bank,7,5347200.0,763885.7142857143,4015650.0,13.285714285714286,0,3,0.7509818222621185,0.0,42.857142857142854
Florence Bank,22,6320200.0,287281.8181818182,4450150.0,8.090909090909092,0,4,0.7041153760956932,0.0,18.181818181818183
Florida Business Development Corporation,17,3025800.0,177988.23529411765,2413795.0,7.705882352941177,0,5,0.7977377883534933,0.0,29.41176470588235
"Florida Capital Bank, National Association",10,10354800.0,1035480.0,8027550.0,28.6,0,3,0.7752491598099432,0.0,30.0
"Florida First Capital Finance Corporation, Inc.",22,4560800.0,207309.0909090909,3530350.0,16.363636363636363,0,1,0.7740637607437292,0.0,4.545454545454546
"Forcht Bank, National Association",15,2565200.0,171013.33333333334,1467850.0,19.533333333333335,0,6,0.5722165912989241,0.0,40.0
Foresight Bank,26,8778000.0,337615.3846153846,6047625.0,10.5,1,8,0.6889524948735475,3.8461538461538463,30.76923076923077
Forte Bank,3,1506400.0,502133.3333333333,1104800.0,4.333333333333333,0,0,0.7334041423260754,0.0,0.0
Fortifi Bank,70,24064900.0,343784.28571428574,17362330.0,11.885714285714286,1,18,0.7214794160790197,1.4285714285714286,25.714285714285715
Fortis Bank,46,57291300.0,1245463.043478261,44642325.0,39.26086956521739,0,3,0.7792164778945494,0.0,6.521739130434782
Fortress Bank,13,17208400.0,1323723.076923077,13815910.0,19.923076923076923,0,1,0.8028584877153019,0.0,7.6923076923076925
Forward Bank,54,11170400.0,206859.25925925927,6534240.0,6.5,0,13,0.584960252094822,0.0,24.074074074074073
Foundation One Bank,9,6833000.0,759222.2222222222,4902000.0,16.11111111111111,1,3,0.7174008488218937,11.11111111111111,33.333333333333336
Fountainhead SBF LLC,65,103945300.0,1599158.4615384615,84752915.0,27.984615384615385,0,19,0.8153607233804703,0.0,29.23076923076923
Four Corners Community Bank,3,1261600.0,420533.3333333333,946200.0,19.0,0,1,0.75,0.0,33.333333333333336
"Four States Bank, Inc.",20,8646900.0,432345.0,6398895.0,10.85,0,0,0.7400218575443223,0.0,0.0
Fox Communities CU,37,6373000.0,172243.24324324325,3551675.0,10.162162162162161,0,14,0.557300329515142,0.0,37.83783783783784
Frandsen Bank and Trust,300,164219100.0,547397.0,125411800.0,13.473333333333333,1,74,0.7636858319160195,0.3333333333333333,24.666666666666668
Frankenmuth Credit Union,9,1440700.0,160077.77777777778,814900.0,9.333333333333334,0,1,0.5656278198098147,0.0,11.11111111111111
Franklin Savings Bank,56,9749800.0,174103.57142857142,5640725.0,5.625,0,24,0.5785477650823606,0.0,42.857142857142854
Freedom Bank,18,5326900.0,295938.8888888889,3547715.0,8.5,0,6,0.665999924909422,0.0,33.333333333333336
Freedom Bank Inc,7,1189000.0,169857.14285714287,710750.0,3.857142857142857,0,5,0.597771236333053,0.0,71.42857142857143
Freedom Bank of Southern Missouri,1,900000.0,900000.0,810000.0,10.0,0,1,0.9,0.0,100.0
Freedom CU,2,194000.0,97000.0,97000.0,4.5,0,0,0.5,0.0,0.0
Freedom Financial Bank,2,2266000.0,1133000.0,1574500.0,100.0,0,0,0.6948367166813769,0.0,0.0
Freedom First Federal Credit Union,12,1630000.0,135833.33333333334,944250.0,14.0,0,3,0.5792944785276074,0.0,25.0
Freeport State Bank,4,1213600.0,303400.0,606800.0,2.0,0,0,0.5,0.0,0.0
Fremont Bank,94,146507400.0,1558589.3617021276,113199915.0,26.106382978723403,0,36,0.7726566371391479,0.0,38.297872340425535
Fresno Community Development Financial Institution dba Access Plus Capital,9,1433800.0,159311.11111111112,1155310.0,11.666666666666666,0,1,0.8057678895243409,0.0,11.11111111111111
Friend Bank,21,3611500.0,171976.19047619047,2409675.0,8.857142857142858,0,12,0.6672227606257788,0.0,57.142857142857146
Frontier Bank of Texas,43,19628000.0,456465.11627906974,13702105.0,15.744186046511627,0,11,0.6980897187691053,0.0,25.58139534883721
Frontwave Credit Union,26,21777300.0,837588.4615384615,16942500.0,7.884615384615385,1,7,0.777989006901682,3.8461538461538463,26.923076923076923
Frost Bank,539,344507200.0,639159.9257884972,260638765.0,13.562152133580705,6,101,0.7565553492060544,1.1131725417439704,18.738404452690165
"Fulton Bank, National Association",728,596304800.0,819100.0,452725080.0,13.68131868131868,5,146,0.759217567928348,0.6868131868131868,20.054945054945055
"Fund-Ex Solutions Group, LLC",123,153119600.0,1244874.7967479674,125108540.7,20.235772357723576,3,56,0.8170641818552296,2.4390243902439024,45.52845528455285
Fusion Bank,5,4840000.0,968000.0,4155000.0,31.8,0,3,0.8584710743801653,0.0,60.0
GBC International Bank,302,305100100.0,1010265.2317880795,254095270.0,11.400662251655628,2,138,0.8328259151668583,0.6622516556291391,45.6953642384106
GBank,797,1990939700.0,2498042.2835633624,1521933952.33,9.989962358845672,1,174,0.7644299585416876,0.12547051442910917,21.831869510664994
GECU,7,1461900.0,208842.85714285713,1018425.0,8.714285714285714,0,2,0.6966447773445517,0.0,28.571428571428573
GFA FCU,5,1299000.0,259800.0,963000.0,7.6,0,0,0.7413394919168591,0.0,0.0
GNBank National Association,3,454000.0,151333.33333333334,336750.0,5.333333333333333,0,0,0.7417400881057269,0.0,0.0
GTE FCU d/b/a GTE Financial,8,2642200.0,330275.0,1946150.0,18.75,0,0,0.7365642267807131,0.0,0.0
Gainey Business Bank,6,15740000.0,2623333.3333333335,11805000.0,15.0,0,0,0.75,0.0,0.0
Gateway Bank,12,4012600.0,334383.3333333333,2896575.0,6.0,0,2,0.7218698599411852,0.0,16.666666666666668
Gateway First Bank,8,2618000.0,327250.0,1911000.0,9.5,0,0,0.7299465240641712,0.0,0.0
Gather FCU,3,1279900.0,426633.3333333333,947425.0,7.0,0,2,0.7402336120009376,0.0,66.66666666666667
General Electric Credit Union,17,9136800.0,537458.8235294118,6476125.0,27.41176470588235,0,5,0.7087957490587514,0.0,29.41176470588235
Genesee Regional Bank,181,81130200.0,448233.1491712707,57353975.0,13.773480662983426,0,64,0.7069374289721954,0.0,35.35911602209945
Genesis Bank,5,1999500.0,399900.0,1499625.0,7.6,1,1,0.75,20.0,20.0
Genisys CU,62,119605500.0,1929120.9677419355,92169715.0,37.03225806451613,0,18,0.7706143530188829,0.0,29.032258064516128
GenuBank,5,875000.0,175000.0,479500.0,16.8,0,1,0.548,0.0,20.0
Georgia Banking Company,156,89102100.0,571167.3076923077,70246905.0,16.256410256410255,3,25,0.7883866373519816,1.9230769230769231,16.025641025641026
Georgia Community Bank,2,795000.0,397500.0,596250.0,10.0,0,0,0.75,0.0,0.0
Georgia's Own Credit Union,201,206446900.0,1027099.0049751244,159790938.0,13.611940298507463,1,49,0.7740050250209618,0.4975124378109453,24.378109452736318
German American Bank,243,83841600.0,345027.16049382713,62280820.0,13.415637860082304,4,84,0.7428391156657316,1.646090534979424,34.5679012345679
Gesa CU,140,98183800.0,701312.8571428572,73569622.5,6.835714285714285,2,13,0.749305104304376,1.4285714285714286,9.285714285714286
Gibsland Bank & Trust Company,21,11970700.0,570033.3333333334,8847895.0,7.761904761904762,1,3,0.7391292906847553,4.761904761904762,14.285714285714286
Glacier Bank,710,349128500.0,491730.28169014084,267847095.0,12.335211267605635,3,249,0.767187711687817,0.4225352112676056,35.070422535211264
Glenwood State Bank Incorporated,8,7218600.0,902325.0,5339400.0,9.5,0,1,0.7396725126755881,0.0,12.5
Global Bank,1,350000.0,350000.0,262500.0,48.0,0,0,0.75,0.0,0.0
Global Federal Credit Union,9,3735300.0,415033.3333333333,2815455.0,16.666666666666668,0,2,0.7537426712713838,0.0,22.22222222222222
Global One Bank,49,104872600.0,2140257.1428571427,78691250.0,9.693877551020408,0,1,0.7503509019515107,0.0,2.0408163265306123
Golden Bank National Association,136,192828500.0,1417856.6176470588,157738062.0,16.49264705882353,3,50,0.8180225537200154,2.2058823529411766,36.76470588235294
Golden Valley Bank,6,3340000.0,556666.6666666666,2519250.0,25.5,0,0,0.7542664670658683,0.0,0.0
Goldenwest Federal Credit Union,5,3066100.0,613220.0,2274685.0,19.6,0,0,0.7418821956231043,0.0,0.0
Goppert Financial Bank,2,435000.0,217500.0,335250.0,7.5,0,0,0.7706896551724138,0.0,0.0
Grand Marais State Bank,1,100000.0,100000.0,85000.0,5.0,0,0,0.85,0.0,0.0
Grand Ridge National Bank,20,17450200.0,872510.0,13602700.0,20.8,0,11,0.7795154210266931,0.0,55.0
Grand River Bank,15,5737200.0,382480.0,4099000.0,8.2,0,5,0.7144600153384927,0.0,33.333333333333336
Grand Savings Bank,10,7639700.0,763970.0,5395050.0,18.2,0,6,0.7061861067842978,0.0,60.0
Grand Valley Bank,7,1664800.0,237828.57142857142,969200.0,4.142857142857143,0,2,0.5821720326765978,0.0,28.571428571428573
Granite Bank,196,48173800.0,245784.693877551,32643535.0,8.775510204081632,3,107,0.6776200964009482,1.530612244897959,54.59183673469388
Granite FCU,2,673000.0,336500.0,504750.0,41.0,0,1,0.75,0.0,50.0
Grant County State Bank,2,1091000.0,545500.0,818250.0,8.0,0,0,0.75,0.0,0.0
Grasshopper Bank National Association,344,265909200.0,772991.8604651163,198573333.6,15.215116279069768,0,30,0.7467712046066852,0.0,8.720930232558139
Great American Bank,4,1610200.0,402550.0,1246400.0,6.5,0,1,0.7740653334989442,0.0,25.0
Great North Bank,1,220000.0,220000.0,165000.0,2.0,0,0,0.75,0.0,0.0
Great Oaks Bank,3,798000.0,266000.0,607700.0,3.0,0,1,0.7615288220551378,0.0,33.333333333333336
Great Plains National Bank,99,49504500.0,500045.45454545453,34678145.0,12.434343434343434,0,24,0.7005049035946227,0.0,24.242424242424242
Great Plains State Bank,8,4605000.0,575625.0,3453750.0,10.5,0,3,0.75,0.0,37.5
Great Southern Bank,14,14559100.0,1039935.7142857143,11211715.3,22.5,1,4,0.7700829927674101,7.142857142857143,28.571428571428573
Greater East Texas Certified Development Company,2,158800.0,79400.0,134980.0,1.0,0,0,0.85,0.0,0.0
Greater Nevada CU,20,23195700.0,1159785.0,18555755.0,26.8,1,4,0.7999652952917998,5.0,20.0
Greater State Bank,37,10174600.0,274989.1891891892,5866275.0,13.08108108108108,0,7,0.5765607493169265,0.0,18.91891891891892
Green Belt Bank & Trust,4,796100.0,199025.0,535240.0,7.25,0,0,0.6723275970355483,0.0,0.0
Green Country FCU,3,4710100.0,1570033.3333333333,3723090.0,18.333333333333332,0,0,0.7904481858134647,0.0,0.0
Green Mountain CU,8,470500.0,58812.5,336050.0,6.25,0,3,0.714240170031881,0.0,37.5
GreenState CU,2,908500.0,454250.0,817650.0,27.0,0,2,0.9,0.0,100.0
GreenWay Bank,3,1610000.0,536666.6666666666,1219500.0,19.0,0,0,0.7574534161490684,0.0,0.0
Greenfield Co-Operative Bank,22,3436700.0,156213.63636363635,2516865.0,9.0,0,6,0.7323493467570634,0.0,27.272727272727273
Greenfield Savings Bank,8,1070000.0,133750.0,626250.0,18.375,0,4,0.5852803738317757,0.0,50.0
"Greenstone Farm Credit Services, ACA",1,729600.0,729600.0,656640.0,23.0,0,0,0.9,0.0,0.0
Greenville Federal,2,144200.0,72100.0,122570.0,2.5,0,1,0.85,0.0,50.0
Greenville National Bank,1,100000.0,100000.0,85000.0,2.0,0,0,0.85,0.0,0.0
Greenwood CU,8,1265000.0,158125.0,893750.0,12.75,0,1,0.7065217391304348,0.0,12.5
Greylock Federal Credit Union,20,1773000.0,88650.0,1158265.0,6.05,0,2,0.6532797518330513,0.0,10.0
Grove Bank,1,300000.0,300000.0,225000.0,10.0,0,0,0.75,0.0,0.0
"Grow America Fund, Incorporated",143,76499400.0,534960.8391608392,59359090.0,18.13986013986014,1,25,0.7759419028123097,0.6993006993006993,17.482517482517483
Growth Capital Corp.,116,15955100.0,137543.9655172414,12732540.0,9.094827586206897,8,18,0.7980232026123308,6.896551724137931,15.517241379310345
Guaranty Bank,128,47508300.0,371158.59375,38495025.0,9.1953125,3,65,0.8102799931801391,2.34375,50.78125
Guaranty Bank and Trust Company,20,14908700.0,745435.0,11863075.0,13.7,0,4,0.7957149181350487,0.0,20.0
Guardian Bank,2,525000.0,262500.0,393750.0,7.0,0,0,0.75,0.0,0.0
Gulf Capital Bank,5,4380000.0,876000.0,3285000.0,20.4,0,0,0.75,0.0,0.0
Gulf Coast Bank,92,61755400.0,671254.3478260869,48897325.0,18.52173913043478,3,13,0.7917902725915467,3.260869565217391,14.130434782608695
Gulf Coast Bank and Trust Company,586,524283900.0,894682.4232081912,405957928.0,17.37372013651877,5,112,0.7743093541495362,0.8532423208191127,19.112627986348123
Gulf Coast Business Bank,5,8967100.0,1793420.0,6725325.0,13.4,0,0,0.75,0.0,0.0
Gulfside Bank,23,20439600.0,888678.2608695652,15624825.0,25.565217391304348,0,5,0.7644388833440967,0.0,21.73913043478261
Guthrie County State Bank,7,1865300.0,266471.4285714286,1419325.0,8.285714285714286,0,3,0.7609097732268267,0.0,42.857142857142854
HAPO Community CU,55,6357400.0,115589.09090909091,3187450.0,10.381818181818181,2,16,0.5013763488218455,3.6363636363636362,29.09090909090909
HOMEBANK,7,3474500.0,496357.14285714284,2439250.0,15.0,0,0,0.7020434594905742,0.0,0.0
HSBC Bank USA National Association,11,15175000.0,1379545.4545454546,13307500.0,15.636363636363637,0,10,0.8769357495881384,0.0,90.9090909090909
Haddon Savings Bank,14,28077900.0,2005564.2857142857,21101575.0,13.857142857142858,0,4,0.7515367958429939,0.0,28.571428571428573
Hana Bank USA National Association,14,12741000.0,910071.4285714285,10245750.0,12.785714285714286,0,4,0.8041558747351071,0.0,28.571428571428573
"Hana Small Business Lending, Inc.",7,12865000.0,1837857.142857143,9648750.0,3.5714285714285716,0,1,0.75,0.0,14.285714285714286
Hancock Whitney Bank,481,349932800.0,727511.0187110187,263432230.0,14.422037422037421,2,60,0.7528080534319732,0.4158004158004158,12.474012474012474
Hanmi Bank,1117,1039964900.0,931033.9301700984,804785008.0,8.911369740376006,8,242,0.773857856164184,0.7162041181736795,21.665174574753806
Hanover Community Bank,545,623965000.0,1144889.9082568807,472359540.0,15.688073394495413,3,61,0.7570289038648002,0.5504587155963303,11.192660550458715
Hanscom FCU,16,3096600.0,193537.5,1851050.0,11.0625,0,2,0.597768520312601,0.0,12.5
Happen Bank,372,481084200.0,1293237.0967741935,375354266.18,28.56989247311828,8,96,0.7802257196973004,2.150537634408602,25.806451612903224
Harborstone CU,183,154971300.0,846837.7049180327,120157540.8,13.131147540983607,3,25,0.775353506100807,1.639344262295082,13.66120218579235
Harmony Bank,7,3585500.0,512214.28571428574,2817380.0,15.428571428571429,0,0,0.7857704643703807,0.0,0.0
Harvest Bank,1,2091000.0,2091000.0,1881900.0,14.0,0,0,0.9,0.0,0.0
"Harvest Small Business Finance, LLC",1982,2159250300.0,1089430.0201816347,1677276953.71,13.117053481331988,0,518,0.7767867179224197,0.0,26.13521695257316
Haven Savings Bank,1,750000.0,750000.0,562500.0,36.0,0,1,0.75,0.0,100.0
Haverhill Bank,5,1157500.0,231500.0,771875.0,23.2,0,1,0.6668466522678186,0.0,20.0
Hawaii National Bank,8,3242600.0,405325.0,2111150.0,9.0,0,0,0.6510670449639179,0.0,0.0
Hawthorn Bank,88,18990400.0,215800.0,13321910.0,11.386363636363637,3,29,0.7015076038419412,3.409090909090909,32.95454545454545
Heartland Bank,4,966200.0,241550.0,724650.0,4.5,0,0,0.75,0.0,0.0
Heartland Bank and Trust Company,44,20029000.0,455204.54545454547,16317310.0,8.340909090909092,1,20,0.8146842078985471,2.272727272727273,45.45454545454545
Heartland CU,2,320000.0,160000.0,172500.0,6.5,0,0,0.5390625,0.0,0.0
Hebron Savings Bank,5,640000.0,128000.0,355000.0,3.2,0,4,0.5546875,0.0,80.0
Henderson State Bank,2,565000.0,282500.0,423750.0,3.5,0,0,0.75,0.0,0.0
Hendricks County Bank and Trust Company,32,5502600.0,171956.25,3700625.0,9.34375,0,13,0.6725229891324102,0.0,40.625
Heritage Bank,245,164434900.0,671162.8571428572,124728720.0,10.371428571428572,1,58,0.7585294849207802,0.40816326530612246,23.6734693877551
Heritage Bank Inc,549,234710400.0,427523.4972677596,184595890.0,10.065573770491802,14,28,0.7864836411168827,2.5500910746812386,5.100182149362477
Heritage Bank of the Ozarks,31,11910200.0,384200.0,9084790.0,6.548387096774194,0,9,0.7627739248711188,0.0,29.032258064516128
"Heritage Bank, National Association",13,9472700.0,728669.2307692308,7096725.0,12.615384615384615,0,3,0.7491765811225944,0.0,23.076923076923077
Heritage Community Bank,8,1872100.0,234012.5,1404080.93,8.125,0,2,0.7500031675658351,0.0,25.0
Heritage Family FCU,63,6838700.0,108550.79365079365,3495800.0,6.365079365079365,3,13,0.5111790252533376,4.761904761904762,20.634920634920636
Heritage Federal Credit Union,78,16318200.0,209207.6923076923,12157615.0,7.256410256410256,1,17,0.7450340723854346,1.2820512820512822,21.794871794871796
Herring Bank,5,5192100.0,1038420.0,4290075.0,10.0,0,0,0.8262697174553649,0.0,0.0
Hershey Bank,44,19479500.0,442715.9090909091,13008805.0,5.75,0,19,0.6678202725942658,0.0,43.18181818181818
Hiawatha National Bank,376,171191800.0,455297.3404255319,128402745.0,11.952127659574469,7,103,0.750051959264404,1.8617021276595744,27.393617021276597
High Plains Bank,10,4738800.0,473880.0,3581470.0,36.9,0,1,0.7557757238119355,0.0,10.0
High Point Federal Credit Union,4,983500.0,245875.0,759625.0,10.5,0,1,0.7723690899847484,0.0,25.0
Highland Bank,180,63255600.0,351420.0,43021750.0,15.794444444444444,2,70,0.6801255541011388,1.1111111111111112,38.888888888888886
Highmark FCU,46,6159200.0,133895.65217391305,4236375.0,7.021739130434782,0,23,0.687812540589687,0.0,50.0
Highpoint Community Bank,43,19879700.0,462318.6046511628,14544100.0,11.953488372093023,0,5,0.731605607730499,0.0,11.627906976744185
Hills Bank and Trust Company,55,11734900.0,213361.81818181818,8272530.0,6.4363636363636365,0,17,0.7049510434686278,0.0,30.90909090909091
Hilltop National Bank,3,765000.0,255000.0,382500.0,16.0,0,2,0.5,0.0,66.66666666666667
"Hinsdale Bank & Trust Company, National Association",70,60297300.0,861390.0,44829975.0,21.214285714285715,0,12,0.7434822952271495,0.0,17.142857142857142
Holy Rosary Credit Union,1,238500.0,238500.0,178875.0,8.0,0,0,0.75,0.0,0.0
Holy Rosary Regional CU,3,393400.0,131133.33333333334,295050.0,4.0,0,0,0.75,0.0,0.0
Holyoke CU,2,626000.0,313000.0,313000.0,40.0,0,0,0.5,0.0,0.0
Home Bank and Trust Company,1,298400.0,298400.0,223800.0,4.0,0,0,0.75,0.0,0.0
Home Bank of California,2,2890500.0,1445250.0,2167875.0,56.5,0,1,0.75,0.0,50.0
"Home Bank, National Association",61,79789800.0,1308029.5081967213,62750606.75,13.901639344262295,0,12,0.7864489790674999,0.0,19.672131147540984
"Home Bank, SB",6,1937700.0,322950.0,1471275.0,12.5,0,1,0.759289363678588,0.0,16.666666666666668
Home Federal Savings and Loan Association of Grand Island,2,95000.0,47500.0,47500.0,8.0,0,1,0.5,0.0,50.0
Home Loan State Bank,1,999000.0,999000.0,749250.0,20.0,0,0,0.75,0.0,0.0
Home State Bank,5,3454700.0,690940.0,2633000.0,23.2,0,1,0.7621501143369902,0.0,20.0
"Home State Bank, National Association",10,1254700.0,125470.0,1007375.0,7.4,0,4,0.802881166812784,0.0,40.0
HomePride Bank,3,774000.0,258000.0,593000.0,3.6666666666666665,0,0,0.7661498708010336,0.0,0.0
HomeTown Bank,3,6375500.0,2125166.6666666665,4781625.0,36.666666666666664,0,0,0.75,0.0,0.0
HomeTrust Bank,565,656896000.0,1162647.7876106196,509924815.5,14.739823008849557,10,129,0.7762641506418063,1.7699115044247788,22.831858407079647
Homefield Credit Union,5,1404500.0,280900.0,702250.0,15.8,0,1,0.5,0.0,20.0
Homeland Federal Savings Bank,1,235000.0,235000.0,176250.0,9.0,0,0,0.75,0.0,0.0
Homestead Savings Bank,3,3979000.0,1326333.3333333333,2984250.0,29.0,0,1,0.75,0.0,33.333333333333336
Hometown Bank,34,46787300.0,1376097.0588235294,36871830.0,15.0,1,12,0.7880734729296198,2.9411764705882355,35.294117647058826
Hometown Bank of Corbin Inc d/b/a Hometown Bank,3,178500.0,59500.0,89250.0,8.333333333333334,0,1,0.5,0.0,33.333333333333336
Hometown Credit Union,2,190000.0,95000.0,161500.0,4.0,0,0,0.85,0.0,0.0
Honor Bank,21,9199900.0,438090.4761904762,6391255.0,13.095238095238095,0,7,0.6947091816215394,0.0,33.333333333333336
Honor CU,11,4052100.0,368372.7272727273,3139890.0,11.818181818181818,0,0,0.7748796920115496,0.0,0.0
Hoosier Hills CU,1,300000.0,300000.0,225000.0,6.0,0,0,0.75,0.0,0.0
Hope Enterprise Corporation,1,140000.0,140000.0,126000.0,5.0,0,0,0.9,0.0,0.0
Hope FCU,1,25000.0,25000.0,21250.0,2.0,0,0,0.85,0.0,0.0
Horicon Bank,17,19021700.0,1118923.5294117648,13032975.0,17.352941176470587,0,1,0.6851635237649631,0.0,5.882352941176471
Horizon Bank,272,115058100.0,423007.7205882353,82831415.0,9.606617647058824,0,36,0.7199094631321046,0.0,13.235294117647058
Horizon Bank SSB,37,26812900.0,724672.972972973,19390000.0,15.594594594594595,0,10,0.7231593747785581,0.0,27.027027027027028
Horizon Financial Bank,3,505000.0,168333.33333333334,252500.0,5.666666666666667,0,2,0.5,0.0,66.66666666666667
Houghton State Bank,3,506000.0,168666.66666666666,253000.0,11.333333333333334,0,1,0.5,0.0,33.333333333333336
Houston Federal Credit Union,5,1924000.0,384800.0,1480500.0,4.6,0,0,0.7694906444906445,0.0,0.0
Hudson Valley Federal Credit Union,15,6394200.0,426280.0,4478900.0,8.533333333333333,0,5,0.7004629195208157,0.0,33.333333333333336
Huron Community Bank,5,3785000.0,757000.0,2838750.0,30.4,0,0,0.75,0.0,0.0
Huron Valley State Bank,20,5642000.0,282100.0,3609000.0,9.9,0,4,0.6396667848280752,0.0,20.0
Hyperion Bank,27,19706400.0,729866.6666666666,14841220.0,15.555555555555555,0,2,0.753116753947956,0.0,7.407407407407407
IH Mississippi Valley Credit Union,22,10083400.0,458336.36363636365,7376650.0,16.772727272727273,0,8,0.7315637582561437,0.0,36.36363636363637
"INB, National Association",34,28735800.0,845170.5882352941,22689200.0,12.911764705882353,0,9,0.7895795488554347,0.0,26.470588235294116
INTRUST Bank National Association,77,24405400.0,316953.24675324676,18008780.0,12.194805194805195,0,20,0.7379014480401879,0.0,25.974025974025974
Icon Business Bank,12,18364500.0,1530375.0,13773375.0,12.166666666666666,0,0,0.75,0.0,0.0
Idaho Central CU,301,185085500.0,614901.9933554818,136434065.0,14.681063122923588,1,71,0.7371407538678071,0.33222591362126247,23.588039867109636
Idaho First Bank,36,17528000.0,486888.8888888889,13807750.0,11.38888888888889,0,17,0.7877538795070744,0.0,47.22222222222222
Idaho Trust Bank,14,6042400.0,431600.0,4457000.0,15.214285714285714,0,1,0.7376208129220178,0.0,7.142857142857143
Ideal CU,1,65000.0,65000.0,55250.0,4.0,0,0,0.85,0.0,0.0
InBank,102,137524800.0,1348282.3529411764,103780100.0,20.676470588235293,0,12,0.7546282561399835,0.0,11.764705882352942
InFirst Bank,50,7887000.0,157740.0,4112750.0,7.36,0,6,0.5214593635095727,0.0,12.0
Incommons Bank NA,6,8693400.0,1448900.0,6641820.0,34.5,1,0,0.7640071778590655,16.666666666666668,0.0
IncredibleBank,413,501113500.0,1213349.8789346246,387237542.7,17.900726392251816,9,124,0.7727541618814899,2.179176755447942,30.024213075060533
Independence Bank,3,425000.0,141666.66666666666,361250.0,7.0,0,2,0.85,0.0,66.66666666666667
Independent Bank,99,75578700.0,763421.2121212122,54557170.0,21.91919191919192,0,8,0.7218590687587905,0.0,8.080808080808081
Indiana Members CU,3,1100400.0,366800.0,835300.0,9.333333333333334,0,0,0.7590876045074518,0.0,0.0
Industrial Bank,26,18340900.0,705419.2307692308,13892925.0,17.307692307692307,0,2,0.7574832750846469,0.0,7.6923076923076925
Inova Federal Credit Union,8,5379800.0,672475.0,4059050.0,3.625,0,2,0.7544983084873044,0.0,25.0
"Institute Capital, Inc.",12,1879600.0,156633.33333333334,1477050.0,9.5,0,1,0.7858320919344541,0.0,8.333333333333334
Institution for Savings In Newburyport and its Vicinity,4,274900.0,68725.0,137450.0,5.0,0,0,0.5,0.0,0.0
Integrity Bank & Trust,92,34556500.0,375614.1304347826,26578005.0,10.565217391304348,3,13,0.7691173874669021,3.260869565217391,14.130434782608695
Integro Bank,47,55109100.0,1172534.0425531915,41129061.86,19.48936170212766,0,2,0.7463206958560383,0.0,4.25531914893617
InterBank,12,3631600.0,302633.3333333333,2483200.0,10.583333333333334,0,3,0.6837757462275581,0.0,25.0
International Finance Bank,1,403500.0,403500.0,302625.0,8.0,0,0,0.75,0.0,0.0
Interstate Bank,2,400000.0,200000.0,315000.0,3.5,0,2,0.7875,0.0,100.0
Intracoastal Bank,2,1091800.0,545900.0,818850.0,9.0,0,0,0.75,0.0,0.0
"Investar Bank, National Association",2,2380000.0,1190000.0,1785000.0,76.0,0,2,0.75,0.0,100.0
Ion Bank,28,19121300.0,682903.5714285715,14813500.0,14.928571428571429,0,1,0.7747119704204212,0.0,3.5714285714285716
Iowa State Bank,9,9280800.0,1031200.0,7026100.0,21.555555555555557,0,2,0.7570575812429963,0.0,22.22222222222222
"Iowa State Bank and Trust Company of Fairfield, Iowa",2,401400.0,200700.0,301050.0,7.0,0,1,0.75,0.0,50.0
Iowa State Savings Bank,1,4300000.0,4300000.0,3016020.0,26.0,0,0,0.7014,0.0,0.0
Iowa Trust & Savings Bank,2,260000.0,130000.0,130000.0,9.0,0,0,0.5,0.0,0.0
Iowa Trust and Savings Bank,6,855500.0,142583.33333333334,427750.0,5.5,0,2,0.5,0.0,33.333333333333336
Isabella Bank,23,11669200.0,507356.52173913043,8857825.0,16.217391304347824,1,5,0.7590773146402495,4.3478260869565215,21.73913043478261
Ives Bank,83,32522300.0,391834.9397590361,20723425.0,15.819277108433734,0,10,0.6372066243777347,0.0,12.048192771084338
Ixonia Bank,36,27342100.0,759502.7777777778,19391395.0,14.722222222222221,0,9,0.7092138131306667,0.0,25.0
"JPMorgan Chase Bank, National Association",7996,2056911700.0,257242.58379189594,1231564970.0,8.414582291145573,247,1908,0.5987446957494578,3.0890445222611307,23.861930965482742
Jackson County Bank,1,435000.0,435000.0,326250.0,9.0,0,0,0.75,0.0,0.0
James Polk Stone Community Bank,5,2824800.0,564960.0,2488785.0,13.0,0,2,0.8810482158028887,0.0,40.0
Jeanne D' Arc CU,3,603400.0,201133.33333333334,301700.0,10.333333333333334,0,0,0.5,0.0,0.0
Jefferson Bank,25,9264400.0,370576.0,6642815.0,8.72,0,10,0.7170259272052156,0.0,40.0
Jewett City Savings Bank,37,10755500.0,290689.1891891892,6242200.0,7.27027027027027,1,20,0.5803728325043002,2.7027027027027026,54.054054054054056
John Marshall Bank,51,26402700.0,517700.0,20064215.0,23.901960784313726,1,2,0.7599304237824162,1.9607843137254901,3.9215686274509802
Johnson Bank,16,14330900.0,895681.25,10425425.0,26.8125,0,7,0.7274787347619479,0.0,43.75
Jonah Bank of Wyoming,9,1476000.0,164000.0,1189175.0,13.11111111111111,0,2,0.8056741192411924,0.0,22.22222222222222
Jordan Federal Credit Union,1,50000.0,50000.0,25000.0,1.0,0,0,0.5,0.0,0.0
Journey Bank,1,306100.0,306100.0,275490.0,6.0,0,1,0.9,0.0,100.0
Jovia Financial FCU,1,665800.0,665800.0,499350.0,12.0,0,1,0.75,0.0,100.0
Justine Petersen Housing & Reinvestment Corporation,62,7153400.0,115377.41935483871,6083245.0,9.112903225806452,12,17,0.8503991109122935,19.35483870967742,27.419354838709676
KALSEE Credit Union,4,1329000.0,332250.0,1009950.0,10.25,0,1,0.7599322799097066,0.0,25.0
KCB Bank,34,12882600.0,378900.0,9685820.0,15.235294117647058,0,14,0.7518528868396132,0.0,41.1764705882353
KEMBA Financial CU,23,8395000.0,365000.0,5496750.0,11.652173913043478,0,6,0.6547647409172126,0.0,26.08695652173913
"KS Bank, Inc.",13,7438500.0,572192.3076923077,6051890.0,13.307692307692308,0,4,0.8135901055320293,0.0,30.76923076923077
KS StateBank,1,200000.0,200000.0,150000.0,2.0,0,0,0.75,0.0,0.0
Kalamazoo County State Bank,1,156000.0,156000.0,117000.0,13.0,0,0,0.75,0.0,0.0
Katahdin Trust Company,70,26087900.0,372684.28571428574,19910430.0,6.5,2,25,0.7632055473993691,2.857142857142857,35.714285714285715
Kaw Valley Bank,1,2932400.0,2932400.0,2199300.0,10.0,0,0,0.75,0.0,0.0
Kaw Valley State Bank and Trust Company,1,192000.0,192000.0,144000.0,12.0,0,0,0.75,0.0,0.0
Kearny Bank,10,9056800.0,905680.0,7200450.0,19.0,0,3,0.7950324617966611,0.0,30.0
Kellogg Community CU,37,21888400.0,591578.3783783783,16925405.0,16.45945945945946,0,14,0.7732591235540286,0.0,37.83783783783784
Kendall Bank,63,50079700.0,794915.873015873,39989805.0,15.825396825396826,1,17,0.7985232539332304,1.5873015873015872,26.984126984126984
Kennebunk Savings Bank,106,26543700.0,250412.2641509434,18103265.0,11.462264150943396,0,28,0.682017390190516,0.0,26.41509433962264
Kensington Bank,31,5552500.0,179112.90322580645,3124150.0,8.258064516129032,1,15,0.5626564610535795,3.225806451612903,48.38709677419355
Kerndt Brothers Savings Bank,2,1420500.0,710250.0,1002875.0,29.0,0,0,0.7060014079549455,0.0,0.0
KeyBank National Association,4573,1745805100.0,381763.6343756834,1265945822.86,9.92914935490925,100,760,0.7251358257917794,2.1867483052700636,16.619287120052483
KeyPoint CU,68,60487700.0,889525.0,48465705.0,10.764705882352942,0,25,0.8012489316009701,0.0,36.76470588235294
Keystone Savings Bank,2,2900000.0,1450000.0,2175000.0,15.0,0,1,0.75,0.0,50.0
Kinecta FCU,13,3671000.0,282384.6153846154,2722950.0,6.384615384615385,1,8,0.7417461182239172,7.6923076923076925,61.53846153846154
Kirkpatrick Bank,1,430000.0,430000.0,322500.0,8.0,0,0,0.75,0.0,0.0
Kish Bank,1,571500.0,571500.0,428625.0,9.0,0,0,0.75,0.0,0.0
KodaBank,3,683500.0,227833.33333333334,452450.0,7.333333333333333,0,0,0.6619604974396489,0.0,0.0
Kohler CU,2,650000.0,325000.0,462500.0,6.5,0,1,0.7115384615384616,0.0,50.0
LAF CU,17,11210000.0,659411.7647058824,8415000.0,16.41176470588235,0,0,0.7506690454950936,0.0,0.0
LGE Community CU,69,71292200.0,1033220.2898550725,54621994.37,10.884057971014492,0,26,0.7661706942694992,0.0,37.68115942028985
Labette Bank,2,200500.0,100250.0,170425.0,9.0,0,1,0.85,0.0,50.0
Ladysmith Federal Savings & Loan Association,3,443400.0,147800.0,351090.0,7.666666666666667,0,0,0.7918132611637347,0.0,0.0
Lafayette Federal Credit Union,1,65000.0,65000.0,32500.0,4.0,0,0,0.5,0.0,0.0
Lafayette State Bank,3,2165800.0,721933.3333333334,1700955.0,6.333333333333333,0,0,0.7853703019669406,0.0,0.0
Lake City Bank,91,44154700.0,485216.4835164835,32629415.0,14.824175824175825,0,39,0.7389794291434434,0.0,42.857142857142854
Lake Country Community Bank,2,1592300.0,796150.0,1194225.0,10.5,0,0,0.75,0.0,0.0
Lake Elmo Bank,10,12486800.0,1248680.0,9224300.0,16.1,0,2,0.7387240926418298,0.0,20.0
"Lake Forest Bank & Trust Company, National Association",35,33294600.0,951274.2857142857,23855950.0,22.542857142857144,0,12,0.7165110858817947,0.0,34.285714285714285
Lake Michigan CU,298,299770800.0,1005942.2818791947,245569045.0,17.221476510067113,5,88,0.8191893439921434,1.6778523489932886,29.530201342281877
Lake Region Bank,20,1860500.0,93025.0,1347130.0,6.0,0,11,0.7240687987100242,0.0,55.0
Lake Ridge Bank,107,32772700.0,306286.91588785045,23688090.0,12.280373831775702,0,26,0.722799464188181,0.0,24.299065420560748
Lake Shore Bank,3,650000.0,216666.66666666666,362500.0,9.666666666666666,0,2,0.5576923076923077,0.0,66.66666666666667
Lake Trust CU,39,15202800.0,389815.3846153846,11195780.0,14.538461538461538,0,4,0.7364288157444682,0.0,10.256410256410257
Lake-Osceola State Bank,1,1171700.0,1171700.0,878775.0,10.0,0,0,0.75,0.0,0.0
Lakeside Bank,4,6484900.0,1621225.0,5086410.0,40.75,0,1,0.7843467131335873,0.0,25.0
Lakeview Bank,5,2459000.0,491800.0,2006750.0,11.4,0,2,0.816083773891826,0.0,40.0
Land of Lincoln Credit Union,14,1835500.0,131107.14285714287,1389125.0,3.357142857142857,1,3,0.7568101334786161,7.142857142857143,21.428571428571427
Landmark Bank,1,1563000.0,1563000.0,1172250.0,9.0,0,0,0.75,0.0,0.0
Landmark Credit Union,7,510200.0,72885.71428571429,265500.0,8.285714285714286,0,3,0.5203841630733046,0.0,42.857142857142854
Landmark National Bank,57,46810300.0,821233.3333333334,34909650.0,13.701754385964913,0,20,0.7457685594837034,0.0,35.08771929824562
Langley FCU,7,1089600.0,155657.14285714287,778025.0,4.571428571428571,0,1,0.7140464390602056,0.0,14.285714285714286
Laona State Bank,2,498500.0,249250.0,373875.0,3.0,0,0,0.75,0.0,0.0
Latino Economic Development Corp.,1,250000.0,250000.0,225000.0,6.0,0,0,0.9,0.0,0.0
Lea County State Bank,2,750000.0,375000.0,462500.0,10.5,0,0,0.6166666666666667,0.0,0.0
"Leader Bank, National Association",258,131984500.0,511567.82945736434,96878025.0,13.112403100775193,1,44,0.7340106224594555,0.3875968992248062,17.05426356589147
Leading Edge Credit Union,1,64000.0,64000.0,54400.0,2.0,0,0,0.85,0.0,0.0
Ledyard National Bank,5,10582300.0,2116460.0,8360475.0,39.8,0,3,0.7900432798162971,0.0,60.0
Lee Bank,24,8348500.0,347854.1666666667,5599250.0,10.083333333333334,0,5,0.6706893453913877,0.0,20.833333333333332
Legacy Bank,118,39281500.0,332894.0677966102,27435100.0,14.669491525423728,1,60,0.6984229217316039,0.847457627118644,50.847457627118644
Legacy Bank & Trust Company,111,46500900.0,418927.02702702704,33450702.0,9.495495495495495,0,58,0.7193560124642748,0.0,52.252252252252255
Legacy National Bank,5,467100.0,93420.0,355375.0,5.0,0,5,0.7608113894241062,0.0,100.0
Legacy Redevelopment Corporation,4,877500.0,219375.0,658125.0,13.5,0,0,0.75,0.0,0.0
Legacy State Bank,2,4131500.0,2065750.0,3526800.0,6.5,0,0,0.853636693694784,0.0,0.0
Legence Bank,48,48845700.0,1017618.75,38884292.32,12.4375,1,17,0.7960637747027886,2.0833333333333335,35.416666666666664
Legends Bank,1,753800.0,753800.0,678420.0,13.0,0,1,0.9,0.0,100.0
Legends West Bank,1,2300000.0,2300000.0,1725000.0,8.0,0,1,0.75,0.0,100.0
Leighton State Bank,3,454500.0,151500.0,340869.6,10.333333333333334,0,1,0.7499881188118811,0.0,33.333333333333336
"Lendistry SBLC, LLC",3011,626335300.0,208015.70906675523,489886405.0,11.194619727665227,17,122,0.7821472061370324,0.564596479574892,4.051810029890402
"Lendstream Small Business Finance, LLC",5,5221300.0,1044260.0,4028475.0,13.2,0,4,0.7715463581866585,0.0,80.0
Levo Federal Credit Union,26,1435300.0,55203.846153846156,755975.0,2.5,0,7,0.5267017348289557,0.0,26.923076923076923
Lexicon Bank,19,6489300.0,341542.1052631579,3941975.0,9.736842105263158,2,8,0.6074576610728429,10.526315789473685,42.10526315789474
Liberty Bank,253,56303700.0,222544.26877470355,39880180.0,7.375494071146245,10,66,0.7083047828117868,3.952569169960474,26.08695652173913
Liberty Bank and Trust Company,20,5366900.0,268345.0,3690925.0,6.2,1,5,0.687720099126125,5.0,25.0
Liberty Bay Credit Union,1,350000.0,350000.0,175000.0,22.0,0,1,0.5,0.0,100.0
Liberty First Credit Union,1,50000.0,50000.0,42500.0,3.0,0,1,0.85,0.0,100.0
Liberty National Bank,10,2079500.0,207950.0,1556025.0,6.3,0,1,0.7482688146188988,0.0,10.0
"Libertyville Bank & Trust Company, National Association",44,27949800.0,635222.7272727273,18772000.0,23.363636363636363,0,6,0.6716327129353341,0.0,13.636363636363637
"LiftFund, Inc.",217,34063600.0,156975.11520737328,26862200.0,7.571428571428571,0,17,0.7885895794924788,0.0,7.8341013824884795
Lighthouse Federal Credit Union,16,2274200.0,142137.5,1307975.0,9.375,0,1,0.5751363116700379,0.0,6.25
Lincoln Savings Bank,214,132035000.0,616985.9813084112,105618095.0,14.373831775700934,8,47,0.7999249820123452,3.7383177570093458,21.962616822429908
Lindell Bank & Trust Company,1,150000.0,150000.0,127500.0,1.0,0,0,0.85,0.0,0.0
Little Horn State Bank,1,75000.0,75000.0,37500.0,3.0,0,1,0.5,0.0,100.0
Live Oak Banking Company,8709,12216563500.0,1402751.5788265013,9168522089.47,18.18004363302331,47,1754,0.7504992782520223,0.5396716040877253,20.140084969571706
Locality Bank,58,48952500.0,844008.6206896552,37348135.0,22.0,0,9,0.7629464276594659,0.0,15.517241379310345
Locus Bank Inc,9,2566100.0,285122.22222222225,1662800.0,15.666666666666666,0,5,0.6479872179572114,0.0,55.55555555555556
Logansport Savings Bank,5,1362500.0,272500.0,946875.0,8.4,0,2,0.694954128440367,0.0,40.0
Lone Oak Bank National Association,3,1507000.0,502333.3333333333,1130250.0,55.0,0,0,0.75,0.0,0.0
Lone Star Bank,12,15650200.0,1304183.3333333333,13490520.0,7.083333333333333,0,4,0.8620030414946774,0.0,33.333333333333336
Lone Star National Bank,66,16031200.0,242896.9696969697,12403890.0,11.424242424242424,0,7,0.7737343430310893,0.0,10.606060606060606
Lower East Side People's Federal Credit Union,8,557000.0,69625.0,278500.0,5.0,0,0,0.5,0.0,0.0
Loyal Trust Bank,128,119898400.0,936706.25,92377625.0,11.1171875,0,21,0.7704658694361226,0.0,16.40625
Luana Savings Bank,4,857000.0,214250.0,654250.0,3.5,0,1,0.7634189031505251,0.0,25.0
Luminate Bank,118,91706700.0,777175.4237288135,71220299.0,20.89830508474576,1,29,0.7766095497929814,0.847457627118644,24.576271186440678
Lyons Federal Bank,1,1135500.0,1135500.0,851625.0,14.0,0,0,0.75,0.0,0.0
MI Bank,19,11974800.0,630252.6315789474,9122445.0,28.31578947368421,0,1,0.7618035374286001,0.0,5.2631578947368425
"MVB Bank, Inc.",166,193873700.0,1167913.8554216868,150363625.0,15.825301204819278,8,61,0.7755751553717704,4.819277108433735,36.74698795180723
MY CU,29,2451900.0,84548.27586206897,1708160.0,8.310344827586206,0,3,0.6966678902075941,0.0,10.344827586206897
Mabrey Bank,32,14966600.0,467706.25,10274190.0,14.53125,0,9,0.6864745499979955,0.0,28.125
"Macatawa Bank, National Association",1,302000.0,302000.0,151000.0,6.0,0,0,0.5,0.0,0.0
Machias Savings Bank,59,22242700.0,376994.9152542373,16867650.0,9.88135593220339,1,7,0.7583454346819406,1.694915254237288,11.864406779661017
Madison County Bank,2,327400.0,163700.0,254350.0,3.5,0,0,0.7768784361637141,0.0,0.0
Magnifi Financial CU,322,88143100.0,273736.3354037267,67993440.0,7.8105590062111805,5,65,0.7713983284000676,1.5527950310559007,20.18633540372671
Magyar Bank,75,70374400.0,938325.3333333334,54514545.0,13.48,0,19,0.7746360182111677,0.0,25.333333333333332
Main Bank,5,8950300.0,1790060.0,7758225.0,31.4,0,2,0.8668117269812186,0.0,40.0
Main Street Bank,6,1528400.0,254733.33333333334,1125075.0,11.833333333333334,0,2,0.7361129285527349,0.0,33.333333333333336
Main Street Bank Corp,3,274900.0,91633.33333333333,149700.0,5.0,0,0,0.5445616587850127,0.0,0.0
Main Street Launch,104,26122000.0,251173.07692307694,20001900.0,7.528846153846154,9,13,0.7657108950310083,8.653846153846153,12.5
MainStreet Bank,19,9059200.0,476800.0,7452485.0,15.842105263157896,0,7,0.8226427278346874,0.0,36.8421052631579
Maine Community Bank,225,60218900.0,267639.55555555556,41732260.0,10.986666666666666,0,40,0.6930093375999894,0.0,17.77777777777778
Maine State CU,1,540000.0,540000.0,405000.0,1.0,0,0,0.75,0.0,0.0
Mainstreet Community Bank of Florida,1,350000.0,350000.0,262500.0,9.0,0,1,0.75,0.0,100.0
Manasquan Bank,16,9133500.0,570843.75,6335525.0,8.75,0,1,0.6936579624459408,0.0,6.25
Manhattan Bank,24,5473500.0,228062.5,3272800.0,5.625,0,12,0.597935507444962,0.0,50.0
Manufacturers Bank and Trust Company,16,4020800.0,251300.0,2463025.0,4.0,0,3,0.6125708814166335,0.0,18.75
Manufacturers and Traders Trust Company,10282,1338378500.0,130167.13674382416,881478871.37,6.746158334954289,633,2047,0.658617029016829,6.156389807430461,19.908578097646373
"Maple City Savings Bank, FSB",1,150000.0,150000.0,75000.0,2.0,0,0,0.5,0.0,0.0
Marion & Polk Schools CU,24,9603000.0,400125.0,7129055.0,4.875,0,9,0.7423779027387275,0.0,37.5
Marshland CU,1,280000.0,280000.0,210000.0,22.0,0,0,0.75,0.0,0.0
Martha's Vineyard Bank,15,506000.0,33733.333333333336,253000.0,6.466666666666667,0,4,0.5,0.0,26.666666666666668
Mascoma Bank,22,4319100.0,196322.72727272726,3290330.0,12.181818181818182,0,6,0.7618091732073812,0.0,27.272727272727273
Mazuma CU,8,1483100.0,185387.5,979050.0,7.75,0,1,0.6601375497269233,0.0,12.5
McCoy FCU,8,1490000.0,186250.0,1140000.0,10.375,1,2,0.7651006711409396,12.5,25.0
"McKenzie Banking Company, A Division of Foundation Bank",3,1362000.0,454000.0,1102500.0,13.0,0,0,0.8094713656387665,0.0,0.0
Mechanics Bank,44,36250500.0,823875.0,28104700.0,18.568181818181817,3,16,0.7752913752913753,6.818181818181818,36.36363636363637
Mechanics Cooperative Bank,32,7913500.0,247296.875,5503975.0,9.8125,0,11,0.6955171542301131,0.0,34.375
Mechanics and Farmers Bank,92,57819000.0,628467.3913043478,44734605.0,7.717391304347826,0,19,0.7737007731022674,0.0,20.652173913043477
Mega Bank,71,123878600.0,1744769.014084507,95320220.0,18.014084507042252,0,21,0.7694647824563726,0.0,29.577464788732396
Members Choice CU,1,150400.0,150400.0,112800.0,9.0,0,0,0.75,0.0,0.0
Members Cooperative Credit Union,49,10501600.0,214318.3673469388,6428120.0,6.591836734693878,1,17,0.6121086310657423,2.0408163265306123,34.69387755102041
Mercantile Bank,7,3064400.0,437771.4285714286,2249700.0,14.428571428571429,0,0,0.7341404516381673,0.0,0.0
Merchants & Marine Bank,77,29118400.0,378161.038961039,21095050.0,12.0,1,2,0.7244577311940217,1.2987012987012987,2.5974025974025974
Merchants Bank,2,568400.0,284200.0,284200.0,4.0,0,2,0.5,0.0,100.0
Merchants Bank of Indiana,441,498343900.0,1130031.5192743763,387494970.0,14.664399092970521,1,100,0.7775653920916861,0.22675736961451248,22.675736961451246
"Merchants Bank, National Association",50,17397900.0,347958.0,12925380.0,9.42,0,12,0.7429275947097064,0.0,24.0
Merchants Commercial Bank,19,4978000.0,262000.0,3410200.0,11.31578947368421,1,2,0.6850542386500602,5.2631578947368425,10.526315789473685
Merchants and Farmers Bank,1,1749000.0,1749000.0,1311750.0,26.0,0,0,0.75,0.0,0.0
Merchants and Planters Bank,1,158000.0,158000.0,79000.0,3.0,0,0,0.5,0.0,0.0
Meredith Village Savings Bank,130,15753700.0,121182.30769230769,10198495.0,8.653846153846153,0,23,0.6473714111605527,0.0,17.692307692307693
Meridian Bank,787,730091600.0,927689.4536213469,559589855.0,15.729351969504448,8,144,0.7664652695634356,1.0165184243964422,18.297331639135958
Meriwest Credit Union,1,203000.0,203000.0,152250.0,16.0,0,0,0.75,0.0,0.0
Merrimack County Savings Bank,108,20282500.0,187800.92592592593,14395595.0,6.453703703703703,0,27,0.709754468137557,0.0,25.0
Methuen Co-operative Bank,2,284000.0,142000.0,223800.0,2.5,0,0,0.7880281690140845,0.0,0.0
Metro City Bank,940,1615612400.0,1718736.5957446808,1265405855.2,9.298936170212766,1,223,0.7832360380497204,0.10638297872340426,23.72340425531915
"Metro Community Development, Inc.",9,1836900.0,204100.0,1448365.0,11.555555555555555,0,0,0.7884833142794926,0.0,0.0
Metropolitan Economic Development Association,4,801700.0,200425.0,645775.0,12.0,0,4,0.8055070475240115,0.0,100.0
Michigan Certified Development Corporation,13,2564200.0,197246.15384615384,2007570.0,8.846153846153847,0,0,0.7829225489431402,0.0,0.0
Michigan First Credit Union,1,536200.0,536200.0,402150.0,19.0,0,0,0.75,0.0,0.0
Michigan Schools and Government Credit Union,24,8465800.0,352741.6666666667,6296745.0,6.5,0,3,0.7437861749627914,0.0,12.5
Michigan State University Federal Credit Union,23,5532600.0,240547.8260869565,4162875.0,9.26086956521739,0,5,0.7524265264071142,0.0,21.73913043478261
Micro Enterprise Services of Oregon (Pedagogy Institute),28,3277900.0,117067.85714285714,2676715.0,8.607142857142858,1,4,0.8165944659690656,3.5714285714285716,14.285714285714286
Mid America Bank,4,2333400.0,583350.0,1773150.0,6.0,0,0,0.7598997171509385,0.0,0.0
Mid Minnesota Federal Credit Union,13,891700.0,68592.30769230769,445850.0,3.230769230769231,0,5,0.5,0.0,38.46153846153846
Mid Penn Bank,294,186134300.0,633109.8639455782,143149860.0,15.76530612244898,4,81,0.7690676033380199,1.3605442176870748,27.551020408163264
Mid-America Bank,1,313000.0,313000.0,234750.0,15.0,0,1,0.75,0.0,100.0
Mid-Atlantic Federal Credit Union,3,1196900.0,398966.6666666667,885175.0,25.333333333333332,0,2,0.7395563539142785,0.0,66.66666666666667
Mid-Missouri Bank,21,3817600.0,181790.47619047618,2388575.0,7.428571428571429,0,5,0.6256745075440067,0.0,23.80952380952381
MidCountry Bank,26,19128000.0,735692.3076923077,15252350.0,7.538461538461538,0,8,0.797383416980343,0.0,30.76923076923077
MidFirst Bank,287,342217200.0,1192394.425087108,262247180.0,21.662020905923345,8,71,0.7663179407697801,2.7874564459930316,24.738675958188153
MidSouth Bank,13,2970400.0,228492.3076923077,2315900.0,18.153846153846153,0,2,0.7796593051440883,0.0,15.384615384615385
Middlesex Savings Bank,31,16228700.0,523506.4516129032,11396575.0,8.870967741935484,0,1,0.7022481776112689,0.0,3.225806451612903
Midflorida CU,1,371000.0,371000.0,278250.0,5.0,0,0,0.75,0.0,0.0
Midland States Bank,137,67820600.0,495040.87591240875,47634097.4,12.284671532846716,1,21,0.7023544085425372,0.7299270072992701,15.328467153284672
"Midstates Bank, National Association",9,5292600.0,588066.6666666666,3788450.0,15.222222222222221,0,6,0.7158013074859237,0.0,66.66666666666667
Midwest Bank,49,13965300.0,285006.1224489796,9084300.0,8.918367346938776,0,13,0.6504908594874439,0.0,26.53061224489796
Midwest BankCentre,88,98129300.0,1115105.6818181819,76574580.0,16.420454545454547,1,17,0.7803436893975602,1.1363636363636365,19.318181818181817
"Midwest Heritage Bank, F.S.B.",7,2318500.0,331214.28571428574,1652125.0,29.285714285714285,0,3,0.7125835669613975,0.0,42.857142857142854
Midwest Regional Bank,674,632178700.0,937950.5934718101,484195327.9,15.731454005934719,16,132,0.7659152829729948,2.373887240356083,19.584569732937684
Milestone Bank,94,134697800.0,1432955.319148936,100750850.0,20.9468085106383,0,1,0.747976952852979,0.0,1.0638297872340425
Millennial Bank,30,37716200.0,1257206.6666666667,29138520.0,14.333333333333334,0,10,0.7725730587917129,0.0,33.333333333333336
Millennium Bank,243,527456400.0,2170602.4691358022,400107612.25,13.193415637860083,1,58,0.7585605412125059,0.411522633744856,23.868312757201647
Milwaukee Economic Development Corporation,15,3125500.0,208366.66666666666,2444875.0,5.266666666666667,0,2,0.782234842425212,0.0,13.333333333333334
Minnesota Lakes Bank,21,6205000.0,295476.1904761905,4136250.0,7.333333333333333,0,6,0.6665995165189363,0.0,28.571428571428573
Minnstar Bank National Association,19,1956700.0,102984.21052631579,1324350.0,11.31578947368421,0,12,0.6768283334185108,0.0,63.1578947368421
Minnwest Bank,183,107426800.0,587031.6939890711,85416835.0,16.7103825136612,7,69,0.7951166282529126,3.8251366120218577,37.704918032786885
Minster Bank,2,632000.0,316000.0,473961.6,5.0,0,0,0.7499392405063291,0.0,0.0
Mission Bank,103,78660100.0,763690.291262136,59192830.0,20.78640776699029,0,20,0.7525140446045708,0.0,19.41747572815534
Mission Valley Bank,273,450089200.0,1648678.3882783882,346211809.0,16.604395604395606,0,40,0.7692071016145244,0.0,14.652014652014651
"Modern Bank, National Association",1,620000.0,620000.0,465000.0,7.0,0,1,0.75,0.0,100.0
Monson Savings Bank,1,360000.0,360000.0,180000.0,8.0,0,1,0.5,0.0,100.0
Montana Community Development Corp.,123,17489100.0,142187.80487804877,13407805.0,5.821138211382114,4,42,0.7666377915387298,3.252032520325203,34.146341463414636
Montecito Bank and Trust,13,2038000.0,156769.23076923078,1276500.0,10.461538461538462,1,6,0.6263493621197253,7.6923076923076925,46.15384615384615
Monterey County Bank,29,18123600.0,624951.724137931,13614700.0,12.862068965517242,0,7,0.7512138868657441,0.0,24.137931034482758
Monterra Credit Union,2,1450000.0,725000.0,1087500.0,13.0,0,0,0.75,0.0,0.0
Montgomery Bank,31,4554800.0,146929.03225806452,3060550.0,3.161290322580645,0,25,0.6719394924036182,0.0,80.64516129032258
Moody National Bank,2,2450000.0,1225000.0,1837500.0,33.5,0,0,0.75,0.0,0.0
Mortgage Capital Development Corporation,117,25907300.0,221429.91452991453,20202765.0,11.478632478632479,4,11,0.7798097447437595,3.4188034188034186,9.401709401709402
Morton Community Bank,57,14091000.0,247210.52631578947,10726255.0,9.649122807017545,0,13,0.7612131857213824,0.0,22.80701754385965
Mound City Bank,1,801000.0,801000.0,600750.0,49.0,0,0,0.75,0.0,0.0
Mountain America FCU,1035,400025100.0,386497.6811594203,300099695.0,10.842512077294685,14,255,0.7502021623143148,1.3526570048309179,24.63768115942029
"Mountain Bizcapital, Inc.",66,10041100.0,152137.87878787878,8163110.0,8.636363636363637,1,11,0.8129696945553774,1.5151515151515151,16.666666666666668
Mountain Pacific Bank,104,174159400.0,1674609.6153846155,130663690.2,12.173076923076923,1,26,0.7502534471294687,0.9615384615384616,25.0
Mountain Valley Bank,7,1556700.0,222385.7142857143,969600.0,12.0,0,0,0.6228560416265176,0.0,0.0
Mountain Valley Bank National Association,6,337500.0,56250.0,168750.0,5.5,0,5,0.5,0.0,83.33333333333333
Mountain West Small Business Finance,25,4500000.0,180000.0,3587500.0,8.96,0,2,0.7972222222222223,0.0,8.0
Mt McKinley Bank,7,816100.0,116585.71428571429,578050.0,3.7142857142857144,0,0,0.7083078054160029,0.0,0.0
MutualOne Bank,1,50000.0,50000.0,37500.0,57.0,0,0,0.75,0.0,0.0
My Kind of Bank National Association,16,4001400.0,250087.5,2759340.0,9.125,0,4,0.6895936422252211,0.0,25.0
NBKC Bank,19,3681200.0,193747.36842105264,2672350.0,8.578947368421053,0,1,0.7259453439095946,0.0,5.2631578947368425
"NBT Bank, National Association",225,77442300.0,344188.0,55065505.0,12.328888888888889,0,48,0.7110520348698322,0.0,21.333333333333332
NBT Financial Bank,2,425000.0,212500.0,318750.0,11.0,0,2,0.75,0.0,100.0
NEPA Alliance Business Finance Corporation,56,8386700.0,149762.5,6573565.0,7.321428571428571,0,0,0.7838082916999535,0.0,0.0
NSB Bank,15,9383800.0,625586.6666666666,7965120.0,8.4,0,6,0.8488160446727339,0.0,40.0
NYBDC Local Development Corporation dba Pursuit Community Finance,59,11684500.0,198042.37288135593,9272425.0,6.4576271186440675,0,7,0.7935662629979888,0.0,11.864406779661017
National Bank of Commerce,46,23325200.0,507069.5652173913,18515795.0,14.043478260869565,1,8,0.7938107711830981,2.1739130434782608,17.391304347826086
National Bank of Middlebury,13,2840600.0,218507.6923076923,2127755.0,11.76923076923077,0,4,0.7490512567767373,0.0,30.76923076923077
"National Cooperative Bank, National Association",20,28565000.0,1428250.0,22535050.0,17.5,0,9,0.7889042534570279,0.0,45.0
National Exchange Bank and Trust,37,20987700.0,567235.1351351351,16310265.0,19.16216216216216,0,8,0.7771344644720479,0.0,21.62162162162162
National Institutes of Health Federal Credit Union,8,2312000.0,289000.0,1656250.0,4.375,0,0,0.7163711072664359,0.0,0.0
"Native American Bank, National Association",9,8700500.0,966722.2222222222,5453995.0,22.0,1,4,0.6268599505775531,11.11111111111111,44.44444444444444
Navigant CU,61,14831300.0,243136.0655737705,10638250.0,10.967213114754099,1,12,0.7172837175433037,1.639344262295082,19.672131147540984
Navy FCU,3,305000.0,101666.66666666667,152500.0,12.666666666666666,0,2,0.5,0.0,66.66666666666667
Nebraska Bank,10,4411900.0,441190.0,2737200.0,22.8,0,4,0.6204129740021306,0.0,40.0
Nebraska Bank of Commerce,9,2809300.0,312144.44444444444,2000960.0,6.666666666666667,0,1,0.7122628412771865,0.0,11.11111111111111
Nebraska Enterprise Fund,2,270000.0,135000.0,237000.0,30.0,0,1,0.8777777777777778,0.0,50.0
Nebraska State Bank and Trust Company,1,120000.0,120000.0,102000.0,3.0,0,0,0.85,0.0,0.0
NebraskaLand Bank,9,2494200.0,277133.3333333333,1813150.0,15.333333333333334,0,4,0.7269465159169273,0.0,44.44444444444444
Needham Bank,242,57098200.0,235942.97520661156,38804715.0,10.925619834710744,2,73,0.6796136305522766,0.8264462809917356,30.165289256198346
Neighborhood National Bank,32,14149900.0,442184.375,10819130.0,8.59375,0,6,0.7646082304468583,0.0,18.75
Neighborhood Trust Federal Credit Union,19,433500.0,22815.78947368421,220500.0,3.736842105263158,0,8,0.5086505190311419,0.0,42.10526315789474
New Carlisle Federal Savings Bank,26,6798200.0,261469.23076923078,3470675.0,9.5,0,9,0.5105285222558913,0.0,34.61538461538461
New Frontier Bank,8,1724400.0,215550.0,1212200.0,8.75,0,2,0.7029691486893992,0.0,25.0
"New Horizon Bank, National Association",10,1854100.0,185410.0,1047485.0,7.2,0,3,0.5649560433633569,0.0,30.0
New Market Bank,8,1476700.0,184587.5,1030775.0,5.375,0,4,0.6980260039276766,0.0,50.0
New Millennium Bank,317,322286000.0,1016675.0788643534,251506975.0,10.49211356466877,1,90,0.7803844256343745,0.31545741324921134,28.391167192429023
New Omni Bank National Association,41,82756300.0,2018446.3414634147,62377963.7,11.634146341463415,0,16,0.7537548645843277,0.0,39.02439024390244
New Valley Bank & Trust,26,9148700.0,351873.07692307694,6761525.0,10.26923076923077,0,0,0.739069485282062,0.0,0.0
New York Business Development Corporation,138,115224600.0,834960.8695652174,91122020.0,16.89855072463768,0,23,0.7908208837348969,0.0,16.666666666666668
NewBank,316,360504500.0,1140837.0253164556,280844585.0,9.94620253164557,0,63,0.7790321202647956,0.0,19.936708860759495
NewFirst National Bank,3,3286000.0,1095333.3333333333,2464500.0,12.666666666666666,0,1,0.75,0.0,33.333333333333336
Newburyport Five Cents Savings Bank,116,19241600.0,165875.8620689655,11494400.0,9.03448275862069,0,31,0.5973723598869117,0.0,26.724137931034484
"Newtek Bank, National Association",9907,4682019200.0,472597.07277682447,3521725650.0,16.245987685474915,2,445,0.7521809500482185,0.02018774603815484,4.491773493489452
"Newtek Small Business Finance, Inc.",4437,2887713200.0,650825.6028848321,2251881080.0,16.444895199459094,34,859,0.77981465749438,0.7662835249042146,19.359927879197656
Newtown Savings Bank,29,10305700.0,355368.9655172414,7239065.0,10.310344827586206,0,9,0.7024331195357909,0.0,31.03448275862069
"NexTier Bank, National Association",6,772300.0,128716.66666666667,633255.0,5.0,0,0,0.8199598601579697,0.0,0.0
Nicolet National Bank,559,319481800.0,571523.7924865832,245629020.0,12.304114490161002,7,140,0.768835720845444,1.2522361359570662,25.044722719141323
Ninnescah Valley Bank,1,227600.0,227600.0,170700.0,2.0,0,0,0.75,0.0,0.0
NobleBank & Trust,3,3867200.0,1289066.6666666667,2900400.0,25.333333333333332,0,0,0.75,0.0,0.0
NorState FCU,1,78000.0,78000.0,39000.0,3.0,0,1,0.5,0.0,100.0
North American Banking Company,15,4472900.0,298193.3333333333,2638950.0,36.0,0,9,0.5899863623152765,0.0,60.0
North Brookfield Savings Bank,30,2762800.0,92093.33333333333,1529025.0,2.7,0,12,0.5534331113363254,0.0,40.0
North Central Massachusetts Development Corporation,6,302000.0,50333.333333333336,256700.0,6.333333333333333,0,0,0.85,0.0,0.0
North Country Federal Credit Union,41,2577500.0,62865.85365853659,1435850.0,2.658536585365854,0,23,0.5570708050436469,0.0,56.09756097560975
North Easton Savings Bank,8,7042000.0,880250.0,3569000.0,35.375,0,3,0.5068162453848338,0.0,37.5
North Shore Bank,2,2134500.0,1067250.0,1600875.0,8.5,0,0,0.75,0.0,0.0
North Shore Bank of Commerce,15,6954300.0,463620.0,5273975.0,17.533333333333335,0,6,0.7583761126209683,0.0,40.0
North Star Bank,7,2600500.0,371500.0,1400375.0,10.857142857142858,0,7,0.5385022111132475,0.0,100.0
North Star Community Credit Union,5,241100.0,48220.0,204935.0,2.2,0,2,0.85,0.0,40.0
North State Bank,396,292300300.0,738132.0707070708,228301270.0,13.618686868686869,5,80,0.7810504128801784,1.2626262626262625,20.2020202020202
North Valley Bank,42,61332400.0,1460295.238095238,46496300.0,7.904761904761905,0,8,0.7581033841819332,0.0,19.047619047619047
"Northbrook Bank & Trust Company, National Association",19,10052200.0,529063.1578947369,6860650.0,16.68421052631579,0,3,0.6825023377967012,0.0,15.789473684210526
Northeast Bank,10993,1672052300.0,152101.54643864278,1329760395.0,6.8096970799599745,42,218,0.795286364547329,0.382061311743837,1.9830801419084871
"Northeast Entrepreneur Fund, Inc.",157,15730500.0,100194.26751592357,9947240.0,10.318471337579618,0,103,0.6323537077651695,0.0,65.60509554140127
Northeast Georgia Bank,2,704000.0,352000.0,528000.0,18.0,0,1,0.75,0.0,50.0
Northern Bank and Trust Company,65,31384700.0,482841.53846153844,23685660.0,17.984615384615385,2,22,0.7546881123604814,3.076923076923077,33.84615384615385
Northern Federal Credit Union,1,32000.0,32000.0,27200.0,4.0,0,0,0.85,0.0,0.0
Northern Great Lakes Initiatives,23,3790800.0,164817.39130434784,3054810.0,4.869565217391305,0,3,0.8058483697372586,0.0,13.043478260869565
Northern State Bank,1,180000.0,180000.0,135000.0,6.0,0,1,0.75,0.0,100.0
Northern State Bank of Thief River Falls,1,125000.0,125000.0,106250.0,12.0,0,0,0.85,0.0,0.0
Northern State Bank of Virginia,6,6473900.0,1078983.3333333333,4855425.0,16.833333333333332,0,0,0.75,0.0,0.0
Northfield Bank,17,14750800.0,867694.1176470588,11126805.0,17.41176470588235,0,3,0.7543187488136237,0.0,17.647058823529413
Northfield Savings Bank,3,4335700.0,1445233.3333333333,3251775.0,27.0,0,0,0.75,0.0,0.0
Northrim Bank,106,62359400.0,588296.2264150943,50725720.0,17.556603773584907,0,38,0.8134414378586067,0.0,35.84905660377358
Northwest Bank,1072,527019200.0,491622.3880597015,381524428.0,11.603544776119403,0,210,0.7239288967081275,0.0,19.58955223880597
Northwest Community Bank,9,4218500.0,468722.22222222225,3084150.0,7.444444444444445,0,4,0.731101102287543,0.0,44.44444444444444
Northwest FCU,3,5145000.0,1715000.0,4051395.0,20.666666666666668,0,0,0.7874431486880467,0.0,0.0
Northwest Side Community Development Corporation,2,415000.0,207500.0,321250.0,4.5,0,0,0.7740963855421686,0.0,0.0
"Northwestern Bank, National Association",16,2069700.0,129356.25,1270000.0,5.25,0,6,0.6136154998308934,0.0,37.5
Northwoods Bank of Minnesota,3,1360000.0,453333.3333333333,770000.0,6.0,0,2,0.5661764705882353,0.0,66.66666666666667
Norway Savings Bank,66,25607000.0,387984.8484848485,17471925.0,10.742424242424242,0,14,0.6823105010348732,0.0,21.21212121212121
Numerica CU,124,54422900.0,438894.3548387097,43256985.0,10.056451612903226,0,42,0.7948305768343841,0.0,33.87096774193548
Nusenda FCU,5,850000.0,170000.0,525000.0,6.8,0,4,0.6176470588235294,0.0,80.0
Nutmeg State Financial Credit Union,11,2435800.0,221436.36363636365,1680375.0,13.181818181818182,2,3,0.6898657525248378,18.181818181818183,27.272727272727273
Nymeo FCU,1,16200.0,16200.0,13770.0,1.0,0,0,0.85,0.0,0.0
O Bee Credit Union,15,14241100.0,949406.6666666666,11034220.0,14.666666666666666,0,4,0.7748151477062868,0.0,26.666666666666668
O'Bannon Banking Company,4,405700.0,101425.0,315875.0,5.75,0,0,0.7785925560759182,0.0,0.0
OMB Bank,79,45391700.0,574578.4810126582,33950693.98,10.569620253164556,1,4,0.7479493823760731,1.2658227848101267,5.063291139240507
Oak Bank,29,13132500.0,452844.8275862069,9873380.0,19.689655172413794,0,10,0.751827907862174,0.0,34.48275862068966
Oak Valley Community Bank,2,1000000.0,500000.0,500000.0,16.0,0,2,0.5,0.0,100.0
Oak View National Bank,7,1669000.0,238428.57142857142,834500.0,14.0,0,2,0.5,0.0,28.571428571428573
OakStar Bank,570,433361900.0,760284.0350877193,329479483.29,11.675438596491228,3,121,0.7602871486625844,0.5263157894736842,21.228070175438596
Oakwood Bank,1,233900.0,233900.0,175425.0,13.0,0,0,0.75,0.0,0.0
Oakworth Capital Bank,9,9256900.0,1028544.4444444445,6965175.0,16.77777777777778,0,1,0.7524306193218032,0.0,11.11111111111111
Ocean Bank,21,30801200.0,1466723.8095238095,24009510.0,22.19047619047619,0,4,0.7794991753568042,0.0,19.047619047619047
"OceanFirst Bank, National Association",43,40925300.0,951751.1627906977,28948425.0,14.69767441860465,0,8,0.7073478997099594,0.0,18.6046511627907
Oconee State Bank,89,80228300.0,901441.5730337079,60502380.0,9.561797752808989,0,21,0.7541276581954248,0.0,23.59550561797753
Ohnward Bank & Trust,6,6344400.0,1057400.0,5575050.0,17.833333333333332,0,3,0.8787355778324192,0.0,50.0
Oklahoma Bank and Trust Company,1,350000.0,350000.0,262500.0,12.0,0,0,0.75,0.0,0.0
Oklahoma Capital Bank,2,6260000.0,3130000.0,4695000.0,26.5,0,0,0.75,0.0,0.0
Oklahoma's Federal Credit Union,8,1277400.0,159675.0,638700.0,7.5,0,2,0.5,0.0,25.0
Old Glory Bank,2,760000.0,380000.0,570000.0,4.0,0,0,0.75,0.0,0.0
Old National Bank,1458,1352950300.0,927949.451303155,1016658481.0,15.780521262002743,12,285,0.7514381577800752,0.823045267489712,19.54732510288066
Old Plank Trail Community Bank National Association,25,15202000.0,608080.0,9977275.0,15.04,0,6,0.6563133140376266,0.0,24.0
Old Second National Bank,15,6671600.0,444773.3333333333,5295270.0,12.8,0,3,0.7937031596618502,0.0,20.0
Olympia Federal Savings and Loan Association,8,2318400.0,289800.0,1777100.0,8.25,0,0,0.7665200138026225,0.0,0.0
Omni Community Credit Union,11,5444100.0,494918.1818181818,4111855.0,36.0,0,0,0.7552864568982935,0.0,0.0
OnPoint Community Credit Union,5,1350000.0,270000.0,675000.0,9.2,0,1,0.5,0.0,20.0
One American Bank,3,760100.0,253366.66666666666,570075.0,20.0,0,2,0.75,0.0,66.66666666666667
One Community Bank,39,13470600.0,345400.0,10246985.0,11.948717948717949,0,6,0.7606925452466854,0.0,15.384615384615385
One Florida Bank,24,27413400.0,1142225.0,21141885.0,16.541666666666668,0,3,0.771224474162271,0.0,12.5
One World Bank,42,58735500.0,1398464.2857142857,46434630.0,20.857142857142858,0,16,0.7905718006997472,0.0,38.095238095238095
OneAZ CU,8,5400100.0,675012.5,4127325.0,16.375,0,0,0.7643052906427659,0.0,0.0
Oostburg State Bank,73,37901700.0,519201.3698630137,29521760.0,15.136986301369863,0,11,0.7789033209592182,0.0,15.068493150684931
Open Bank,720,1218695400.0,1692632.5,939697246.88,10.241666666666667,1,212,0.771068182320209,0.1388888888888889,29.444444444444443
Openland Credit Union,1,88300.0,88300.0,75055.0,2.0,0,0,0.85,0.0,0.0
Opportunity Bank of Montana,18,9316600.0,517588.8888888889,7544990.0,10.277777777777779,0,5,0.8098437198119486,0.0,27.77777777777778
Opportunity Resource Fund,19,3284100.0,172847.36842105264,2667515.0,13.210526315789474,1,3,0.8122514539752139,5.2631578947368425,15.789473684210526
OptimumBank,34,32786400.0,964305.8823529412,24679400.0,15.5,0,2,0.7527328404460386,0.0,5.882352941176471
Optus Bank,11,3724000.0,338545.45454545453,2871550.0,7.636363636363637,2,2,0.7710929108485499,18.181818181818183,18.181818181818183
Oregon Community CU,4,3450000.0,862500.0,2587500.0,8.0,0,2,0.75,0.0,50.0
Oregon Pacific Banking Company dba Oregon Pacific Bank,3,1724800.0,574933.3333333334,1324200.0,11.0,0,1,0.7677411873840445,0.0,33.333333333333336
Oriental Bank,816,136186000.0,166894.60784313726,85799295.0,10.811274509803921,10,172,0.6300155302307139,1.2254901960784315,21.07843137254902
Origin Bank,3,4175000.0,1391666.6666666667,3393810.0,22.333333333333332,0,1,0.812888622754491,0.0,33.333333333333336
Orlando CU,2,1348300.0,674150.0,1011225.0,9.0,0,0,0.75,0.0,0.0
Orrstown Bank,84,40469600.0,481780.95238095237,28582003.3,12.892857142857142,0,20,0.7062586064601578,0.0,23.80952380952381
Osgood Bank,3,4919400.0,1639800.0,3689550.0,24.333333333333332,0,0,0.75,0.0,0.0
Ouachita Valley Federal Credit Union,7,1999300.0,285614.28571428574,1478225.0,5.857142857142857,0,0,0.7393712799479818,0.0,0.0
Outdoor Bank,21,3508900.0,167090.47619047618,2435955.0,9.0,0,8,0.6942218359029896,0.0,38.095238095238095
Owen County State Bank,12,9022300.0,751858.3333333334,6819475.0,21.166666666666668,0,1,0.7558466244749121,0.0,8.333333333333334
Oxford Bank,175,82378200.0,470732.5714285714,60374915.0,18.822857142857142,0,49,0.7328991772095045,0.0,28.0
Ozark Bank,11,3609700.0,328154.54545454547,2819670.0,12.272727272727273,0,7,0.781136936587528,0.0,63.63636363636363
PACE Finance Corporation,5,460000.0,92000.0,391000.0,12.6,0,1,0.85,0.0,20.0
PBandT Bank,14,16011300.0,1143664.2857142857,12460155.0,34.0,0,1,0.7782100766333777,0.0,7.142857142857143
PCB Bank,689,885442500.0,1285112.4818577648,693018907.7,12.09579100145138,0,161,0.7826808716545682,0.0,23.367198838896954
PCR Small Business Development,52,7523000.0,144673.07692307694,5966865.0,7.480769230769231,3,5,0.7931496743320484,5.769230769230769,9.615384615384615
PFCU,8,1525900.0,190737.5,1176015.0,3.625,0,0,0.7707025362081394,0.0,0.0
"PNC Bank, National Association",3152,1035341900.0,328471.4149746193,774956223.8,7.160532994923858,156,637,0.7485027156729579,4.949238578680203,20.20939086294416
PS Bank,146,24264100.0,166192.46575342465,17155300.0,7.582191780821918,0,48,0.7070239572042647,0.0,32.87671232876713
Pacific Alliance Bank,24,37042500.0,1543437.5,29159775.0,9.375,0,4,0.7871978133225349,0.0,16.666666666666668
Pacific National Bank,31,36839700.0,1188377.4193548388,28902970.0,16.0,0,12,0.7845604063008114,0.0,38.70967741935484
Pan American Bank & Trust,54,41034500.0,759898.1481481482,31138425.0,17.944444444444443,0,6,0.7588352483885511,0.0,11.11111111111111
Panhandle First Bank,1,1163700.0,1163700.0,872775.0,6.0,0,0,0.75,0.0,0.0
Paper City Savings Bank S A,2,4037100.0,2018550.0,3562245.0,12.5,0,0,0.882377201456491,0.0,0.0
Paradise Bank,220,333425500.0,1515570.4545454546,261093502.5,19.881818181818183,1,70,0.7830639903066802,0.45454545454545453,31.818181818181817
Paragon Bank,110,127498200.0,1159074.5454545454,97825378.02,17.763636363636362,2,34,0.767268698852219,1.8181818181818181,30.90909090909091
Park Bank National Association,14,3710200.0,265014.28571428574,2778125.0,7.857142857142857,0,5,0.7487803891973479,0.0,35.714285714285715
Park State Bank,23,18242000.0,793130.4347826086,13968325.0,8.347826086956522,0,9,0.7657233307751343,0.0,39.130434782608695
Park State Bank & Trust,4,6113500.0,1528375.0,4585125.0,16.25,0,1,0.75,0.0,25.0
Park View FCU,1,100000.0,100000.0,50000.0,1.0,0,1,0.5,0.0,100.0
Parke Bank,13,7405200.0,569630.7692307692,5709280.0,13.538461538461538,0,3,0.7709825528007346,0.0,23.076923076923077
Parkside Financial Bank & Trust,3,7816800.0,2605600.0,5985120.0,40.0,0,0,0.7656739330672397,0.0,0.0
Parkway Bank and Trust Company,2,325000.0,162500.0,258750.0,9.0,0,0,0.7961538461538461,0.0,0.0
Partner Community Capital,10,2262000.0,226200.0,1751250.0,11.4,0,0,0.7742042440318302,0.0,0.0
Partners Bank of California,6,6540400.0,1090066.6666666667,5347400.0,38.666666666666664,0,1,0.8175952541128982,0.0,16.666666666666668
Partners Bank of New England,21,5672800.0,270133.3333333333,4172750.0,9.285714285714286,0,14,0.7355714990833451,0.0,66.66666666666667
Passumpsic Savings Bank,5,498400.0,99680.0,302950.0,11.6,0,1,0.6078451043338684,0.0,20.0
Pathfinder Bank,13,2439200.0,187630.76923076922,1219600.0,8.076923076923077,0,2,0.5,0.0,15.384615384615385
Pathward National Association,398,569699200.0,1431405.025125628,425394630.0,17.188442211055275,10,61,0.7467004166409221,2.512562814070352,15.326633165829145
Pathway Bank,2,431500.0,215750.0,323625.0,6.0,0,0,0.75,0.0,0.0
Pathways Financial Credit Union,4,97500.0,24375.0,48750.0,5.25,0,3,0.5,0.0,75.0
"Patriot Bank, National Association",85,93358900.0,1098340.0,72690597.0,16.305882352941175,3,21,0.7786145402313009,3.5294117647058822,24.705882352941178
Patrons Bank National Association,1,1875000.0,1875000.0,1406250.0,22.0,0,1,0.75,0.0,100.0
Pavillion Bank,1,628000.0,628000.0,471000.0,13.0,0,0,0.75,0.0,0.0
Peach State Bank and Trust,12,9039600.0,753300.0,7023625.0,10.083333333333334,0,3,0.7769840479667242,0.0,25.0
Peach State Federal Credit Union,7,6647000.0,949571.4285714285,4985250.0,10.428571428571429,0,0,0.75,0.0,0.0
Peapack Private Bank and Trust,250,308003300.0,1232013.2,244879310.0,14.036,0,60,0.7950541763675909,0.0,24.0
Pelican Credit Union,1,10400.0,10400.0,7800.0,2.0,0,1,0.75,0.0,100.0
Pendleton Community Bank Inc,29,8714700.0,300506.8965517241,5650475.0,7.724137931034483,2,8,0.6483843391051901,6.896551724137931,27.586206896551722
Penn Community Bank,27,11821100.0,437818.51851851854,9214330.0,10.0,0,6,0.7794816049267834,0.0,22.22222222222222
Pentucket Bank,26,8437500.0,324519.23076923075,5810825.0,12.76923076923077,0,4,0.6886903703703704,0.0,15.384615384615385
People Driven CU,1,150000.0,150000.0,127500.0,10.0,0,1,0.85,0.0,100.0
People's Bank of Seneca,5,5637900.0,1127580.0,4127425.0,18.4,0,2,0.7320855282995442,0.0,40.0
People's Credit Union,1,164800.0,164800.0,82400.0,6.0,0,0,0.5,0.0,0.0
PeopleFund,235,36581900.0,155667.6595744681,28923405.0,10.961702127659574,14,22,0.7906479707177593,5.957446808510638,9.361702127659575
Peoples Bank,973,839954100.0,863262.1788283659,650603762.0,12.33093525179856,9,314,0.7745706128465829,0.9249743062692704,32.27132579650565
Peoples Bank & Trust,86,54219600.0,630460.4651162791,37526680.4,22.093023255813954,0,20,0.6921238887782277,0.0,23.25581395348837
Peoples Bank and Trust Company,40,45703100.0,1142577.5,34950900.0,14.4,0,11,0.7647380593438957,0.0,27.5
Peoples Bank of Alabama,29,11798300.0,406837.9310344828,9059150.0,10.758620689655173,0,6,0.7678351965961198,0.0,20.689655172413794
Peoples Bank of Commerce,24,8697100.0,362379.1666666667,6547125.0,6.083333333333333,0,5,0.752794034793207,0.0,20.833333333333332
Peoples Exchange Bank,3,1369400.0,456466.6666666667,1049390.0,9.333333333333334,0,1,0.766313714035344,0.0,33.333333333333336
Peoples National Bank National Association,87,44395000.0,510287.3563218391,31821595.0,24.551724137931036,0,23,0.7167833089311859,0.0,26.436781609195403
Peoples National Bank of Kewanee,4,2585900.0,646475.0,1947925.0,6.5,0,0,0.753287056730732,0.0,0.0
Peoples Security Bank and Trust Company,49,34865300.0,711536.7346938775,26034693.08,13.938775510204081,0,11,0.7467221873897543,0.0,22.448979591836736
Peoples State Bank,45,25655300.0,570117.7777777778,19528255.0,12.644444444444444,0,10,0.7611781970976758,0.0,22.22222222222222
Peoples State Bank of Munising,1,5000000.0,5000000.0,3750000.0,23.0,0,1,0.75,0.0,100.0
Peoples Trust Company of St. Albans,26,2192700.0,84334.61538461539,1165075.0,11.961538461538462,0,8,0.5313426369316367,0.0,30.76923076923077
PeoplesBank,9,5136500.0,570722.2222222222,3736045.0,9.777777777777779,0,2,0.7273522826827606,0.0,22.22222222222222
PeoplesSouth Bank,4,4690700.0,1172675.0,3538305.0,18.5,0,1,0.7543234485258064,0.0,25.0
Perennial Bank,3,767700.0,255900.0,383850.0,2.3333333333333335,0,3,0.5,0.0,100.0
Peru Federal Savings Bank,4,1187700.0,296925.0,899775.0,7.25,0,1,0.757577671129073,0.0,25.0
"Petefish, Skiles & Co.",1,3032400.0,3032400.0,2274300.0,45.0,0,0,0.75,0.0,0.0
Phoenixville Federal Bank and Trust,2,638400.0,319200.0,523800.0,18.5,0,0,0.8204887218045113,0.0,0.0
Pike National Bank,1,25000.0,25000.0,22500.0,33.0,0,0,0.9,0.0,0.0
Pikes Peak National Bank,5,802500.0,160500.0,617225.0,4.4,0,0,0.7691277258566979,0.0,0.0
Pillar Bank,3,1114700.0,371566.6666666667,838150.0,14.666666666666666,0,1,0.7519063425136808,0.0,33.333333333333336
Pine River State Bank,19,1878800.0,98884.21052631579,963900.0,2.3684210526315788,0,3,0.5130402384500745,0.0,15.789473684210526
Pineland Bank,124,114981500.0,927270.1612903225,92639403.0,12.669354838709678,1,42,0.8056896370285654,0.8064516129032258,33.87096774193548
Pinnacle Bank,1418,1739427800.0,1226676.8688293372,1350404447.55,17.52256699576869,21,354,0.7763498131684453,1.4809590973201692,24.964739069111424
Pioneer Bank,63,30931000.0,490968.25396825396,21960945.0,11.126984126984127,1,20,0.7099978985483819,1.5873015873015872,31.746031746031747
Pioneer Bank & Trust,30,8160300.0,272010.0,5975005.0,6.433333333333334,1,9,0.7322040856341065,3.3333333333333335,30.0
"Pioneer Bank, National Association",4,5473000.0,1368250.0,4869000.0,10.75,0,1,0.8896400511602411,0.0,25.0
Plains Commerce Bank,2,433600.0,216800.0,325200.0,18.0,0,2,0.75,0.0,100.0
Plains State Bank,107,200003400.0,1869190.6542056075,157963955.0,15.121495327102803,2,32,0.7898063482920791,1.8691588785046729,29.906542056074766
PlainsCapital Bank,343,181515400.0,529199.416909621,134494715.0,14.860058309037901,4,42,0.7409548446027169,1.1661807580174928,12.244897959183673
Planters Bank Inc,3,3735000.0,1245000.0,2810250.0,15.666666666666666,0,0,0.7524096385542168,0.0,0.0
Planters Bank and Trust Company,43,6456800.0,150158.13953488372,4213350.0,6.813953488372093,0,15,0.6525446041382729,0.0,34.883720930232556
Planters First Bank,9,14978900.0,1664322.2222222222,11498025.0,22.11111111111111,0,3,0.7676147781212238,0.0,33.333333333333336
Platinum Bank,352,291751300.0,828838.9204545454,216794466.8,21.28409090909091,2,59,0.7430796942464353,0.5681818181818182,16.761363636363637
Platinum Federal Credit Union,5,2258700.0,451740.0,1694025.0,6.4,0,1,0.75,0.0,20.0
Platte Valley Bank,69,12692900.0,183955.07246376813,7929600.0,6.913043478260869,0,26,0.624727209699911,0.0,37.68115942028985
Plumas Bank,418,323441200.0,773782.7751196172,252108435.0,13.739234449760765,0,100,0.7794567760693443,0.0,23.923444976076556
Point Breeze Credit Union,2,650000.0,325000.0,487500.0,10.0,0,0,0.75,0.0,0.0
Points West Community Bank,5,5352000.0,1070400.0,4014000.0,11.4,0,1,0.75,0.0,20.0
Ponce Bank National Association,22,29501800.0,1340990.9090909092,22126350.0,29.272727272727273,0,0,0.75,0.0,0.0
Pony Express Bank,6,5648700.0,941450.0,4730635.0,16.166666666666668,0,2,0.8374732239276294,0.0,33.333333333333336
Poppy Bank,69,77413500.0,1121934.7826086956,59489985.0,12.289855072463768,0,30,0.7684704218256506,0.0,43.47826086956522
Popular Bank,5,4495000.0,899000.0,3375750.0,22.6,0,0,0.7510011123470522,0.0,0.0
Port 51 Lending LLC,372,516717700.0,1389026.0752688171,394691505.0,15.994623655913978,0,40,0.7638435939004993,0.0,10.75268817204301
Port Richmond Savings,3,6143300.0,2047766.6666666667,4607475.0,32.0,0,1,0.75,0.0,33.333333333333336
Portage Community Bank,7,1934200.0,276314.28571428574,1454280.0,22.142857142857142,0,2,0.7518767449074553,0.0,28.571428571428573
Potlatch No. 1 Financial Credit Union,2,696500.0,348250.0,522375.0,5.0,0,0,0.75,0.0,0.0
Potomac Bank,88,36005000.0,409147.7272727273,25414475.0,16.193181818181817,1,25,0.7058596028329399,1.1363636363636365,28.40909090909091
Powell Valley National Bank,8,1938700.0,242337.5,969350.0,2.75,0,0,0.5,0.0,0.0
Prairie State Bank and Trust,2,800000.0,400000.0,600000.0,7.0,0,0,0.75,0.0,0.0
Prairie Sun Bank,1,285000.0,285000.0,213750.0,2.0,0,0,0.75,0.0,0.0
Preferred Bank,37,36510000.0,986756.7567567568,27425200.0,12.783783783783784,0,4,0.7511695425910709,0.0,10.81081081081081
Premier Bank,16,1721000.0,107562.5,1065650.0,5.75,0,6,0.6192039511911679,0.0,37.5
Premier Bank Minnesota,15,1705000.0,113666.66666666667,1229500.0,3.6,0,9,0.7211143695014662,0.0,60.0
Premier Bank National Association,3,1175100.0,391700.0,959715.0,26.666666666666668,0,1,0.8167092162369161,0.0,33.333333333333336
PremierBank,1,887400.0,887400.0,665550.0,5.0,0,0,0.75,0.0,0.0
"Prestamos CDFI, LLC",1,249000.0,249000.0,186750.0,11.0,0,0,0.75,0.0,0.0
Prevail Bank,18,4283900.0,237994.44444444444,3206705.0,4.722222222222222,0,7,0.7485480520086837,0.0,38.888888888888886
Primary Bank,198,75780300.0,382728.7878787879,55350865.0,14.267676767676768,1,74,0.7304123235194371,0.5050505050505051,37.37373737373738
Prime Security Bank,12,2520300.0,210025.0,2022750.0,9.75,0,5,0.8025830258302583,0.0,41.666666666666664
Primesouth Bank,20,17591300.0,879565.0,13227845.0,20.6,0,2,0.7519538067112721,0.0,10.0
Primis Bank,55,34938800.0,635250.9090909091,26524120.0,16.181818181818183,0,15,0.7591594445144081,0.0,27.272727272727273
Prince George's Financial Services Corporation,14,1511000.0,107928.57142857143,1282750.0,10.642857142857142,0,4,0.848941098610192,0.0,28.571428571428573
PriorityOne Bank,12,2260900.0,188408.33333333334,1825875.0,6.5,3,2,0.8075876863196072,25.0,16.666666666666668
Prism Bank,2,1450000.0,725000.0,1305000.0,20.5,0,0,0.9,0.0,0.0
ProGrowth Bank,22,5328400.0,242200.0,4074450.0,5.181818181818182,0,3,0.764666691689813,0.0,13.636363636363637
Profinium Inc,12,2273600.0,189466.66666666666,1436450.0,6.583333333333333,0,3,0.6317953905700211,0.0,25.0
PromiseOne Bank,350,388322100.0,1109491.7142857143,301530125.0,8.654285714285715,0,84,0.7764948865902817,0.0,24.0
Prospera CU,8,2444800.0,305600.0,1222400.0,7.5,0,2,0.5,0.0,25.0
Prosperity Bank,102,73059200.0,716266.6666666666,54951026.5,17.19607843137255,1,28,0.7521438299351758,0.9803921568627451,27.45098039215686
Providence Bank and Trust,5,3458300.0,691660.0,2788200.0,20.6,0,0,0.8062342769568863,0.0,0.0
Provident Bank,290,275591200.0,950314.4827586206,215331065.0,12.382758620689655,0,70,0.7813423106398172,0.0,24.137931034482758
Purdue Federal Credit Union,2,304000.0,152000.0,203000.0,3.5,0,0,0.6677631578947368,0.0,0.0
PyraMax Bank FSB,27,7865900.0,291329.6296296296,5791395.0,11.925925925925926,0,11,0.7362660344016578,0.0,40.74074074074074
QNB Bank,35,14916100.0,426174.28571428574,10858455.0,10.314285714285715,0,6,0.7279687719980423,0.0,17.142857142857142
Quad City Bank and Trust Company,13,3160500.0,243115.38461538462,2448430.0,7.0,2,4,0.7746970416073407,15.384615384615385,30.76923076923077
Quail Creek Bank,1,2500000.0,2500000.0,1875000.0,60.0,0,0,0.75,0.0,0.0
Quaint Oak Bank,137,88857900.0,648597.8102189781,66083125.0,17.824817518248175,1,22,0.7436944267195151,0.7299270072992701,16.05839416058394
Queensborough National Bank and Trust Company,31,19150700.0,617764.5161290322,15345302.1,17.70967741935484,0,7,0.8012919684397959,0.0,22.580645161290324
R Bank,33,25870600.0,783957.5757575758,21112105.0,11.636363636363637,0,14,0.8160655338492343,0.0,42.42424242424242
RCB Bank,19,4030600.0,212136.84210526315,3048240.0,13.578947368421053,0,10,0.7562745000744306,0.0,52.63157894736842
RNB State Bank,2,1714000.0,857000.0,1542600.0,19.5,0,0,0.9,0.0,0.0
RVR Bank,1,1075000.0,1075000.0,806250.0,14.0,0,0,0.75,0.0,0.0
Raccoon Valley Bank,15,8021500.0,534766.6666666666,5779950.0,16.733333333333334,0,4,0.7205572523842174,0.0,26.666666666666668
Randall State Bank,1,149000.0,149000.0,126650.0,6.0,0,1,0.85,0.0,100.0
Randolph-Brooks FCU,16,9781200.0,611325.0,7897600.0,14.0,0,6,0.807426491637018,0.0,37.5
Range Bank,2,1318300.0,659150.0,659150.0,5.0,0,1,0.5,0.0,50.0
Rayne State Bank & Trust Company,24,21522500.0,896770.8333333334,16777460.0,19.0,1,10,0.7795311882913231,4.166666666666667,41.666666666666664
Reading Co-Operative Bank,7,2012000.0,287428.5714285714,1158200.0,8.142857142857142,0,0,0.5756461232604374,0.0,0.0
"Readycap Lending, LLC",9217,4044456100.0,438803.9600737767,3124458522.0,7.997830096560703,102,829,0.7725287269158392,1.1066507540414452,8.994249755885862
Red River Bank,35,10495000.0,299857.14285714284,8005800.0,11.714285714285714,0,12,0.7628203906622201,0.0,34.285714285714285
Red River Employees Federal Credit Union,4,495500.0,123875.0,339800.0,4.0,0,1,0.6857719475277497,0.0,25.0
Red River State Bank,95,59246300.0,623645.2631578947,50162815.0,3.4947368421052634,0,64,0.8466826620396548,0.0,67.36842105263158
Redemption Bank,7,4002000.0,571714.2857142857,3024000.0,6.571428571428571,0,0,0.7556221889055472,0.0,0.0
Redstone Bank,5,5569000.0,1113800.0,4928100.0,36.4,0,2,0.8849165020650027,0.0,40.0
Redwood CU,96,35376700.0,368507.2916666667,26103825.0,11.1875,2,18,0.7378818544409174,2.0833333333333335,18.75
Redwood Capital Bank,27,10245300.0,379455.55555555556,8219870.0,15.851851851851851,1,6,0.802306423433184,3.7037037037037037,22.22222222222222
Regent Bank,226,140896500.0,623435.8407079646,108259339.0,17.190265486725664,5,39,0.7683607399757978,2.2123893805309733,17.256637168141594
Region IV Development Corporation,4,768700.0,192175.0,588605.0,3.0,0,0,0.7657148432418369,0.0,0.0
Regions Bank,799,841416100.0,1053086.48310388,657639941.6,19.887359198998748,9,197,0.7815870668507532,1.1264080100125156,24.6558197747184
Reliabank Dakota,4,2844200.0,711050.0,2166525.0,29.25,0,1,0.7617344068630898,0.0,25.0
Reliance Bank,2,400000.0,200000.0,200000.0,10.0,0,2,0.5,0.0,100.0
Reliance Savings Bank,8,6908000.0,863500.0,5478450.0,33.75,1,1,0.7930587724377534,12.5,12.5
Reliance State Bank,1,80000.0,80000.0,68000.0,2.0,0,0,0.85,0.0,0.0
Reliant Community Federal Credit Union,14,2033300.0,145235.7142857143,1589075.0,3.142857142857143,0,1,0.7815251069689667,0.0,7.142857142857143
Relyance Bank,3,687900.0,229300.0,431450.0,16.333333333333332,0,0,0.6271987207442943,0.0,0.0
Renaissance Economic Development Corporation,1,75000.0,75000.0,63750.0,23.0,0,1,0.85,0.0,100.0
Renasant Bank,431,432739800.0,1004036.6589327146,339292264.65,15.109048723897912,5,126,0.7840560647529993,1.160092807424594,29.234338747099766
Republic Bank & Trust Company,283,120700700.0,426504.2402826855,89296585.0,11.69964664310954,0,98,0.739818286057993,0.0,34.628975265017665
"Resource Bank, National Association",4,620000.0,155000.0,487000.0,11.25,0,1,0.785483870967742,0.0,25.0
Resource One CU,8,1061500.0,132687.5,578000.0,11.125,0,2,0.5445124823363166,0.0,25.0
Rhinebeck Bank,32,6143000.0,191968.75,3956994.0,12.84375,3,9,0.644146833794563,9.375,28.125
Ridgewood Savings Bank,22,3285000.0,149318.18181818182,2601250.0,9.409090909090908,0,0,0.7918569254185692,0.0,0.0
Rio Bank,6,3818000.0,636333.3333333334,3082050.0,9.333333333333334,0,2,0.8072420115243583,0.0,33.333333333333336
River Bank,6,1312600.0,218766.66666666666,962700.0,4.666666666666667,0,1,0.7334298339174158,0.0,16.666666666666668
River Bank and Trust,21,11830900.0,563376.1904761905,8787375.0,11.428571428571429,0,3,0.742747804478104,0.0,14.285714285714286
River City Bank,26,14216500.0,546788.4615384615,10680425.0,12.807692307692308,0,0,0.7512696514613302,0.0,0.0
River Works CU,1,3690000.0,3690000.0,2767500.0,54.0,0,0,0.75,0.0,0.0
RiverBank,62,31810500.0,513072.5806451613,22606875.0,9.258064516129032,0,11,0.7106733625689631,0.0,17.741935483870968
RiverHills Bank,80,49272100.0,615901.25,38274041.54,15.3125,0,10,0.7767893298641625,0.0,12.5
Riverside Bank of Dublin,21,16154000.0,769238.0952380953,11911410.0,8.428571428571429,0,0,0.7373659774668813,0.0,0.0
Riverstone Bank,4,2432000.0,608000.0,1852500.0,7.5,0,0,0.76171875,0.0,0.0
Riverview Bank,1,405000.0,405000.0,303750.0,7.0,0,0,0.75,0.0,0.0
Robins Financial CU,4,3620000.0,905000.0,2715000.0,9.75,0,1,0.75,0.0,25.0
Rockland Trust Company,542,196183900.0,361962.9151291513,137309070.0,10.680811808118081,0,77,0.6998997879030848,0.0,14.206642066420665
Rocky Mountain Bank and Trust,6,5858600.0,976433.3333333334,4538450.0,19.5,0,1,0.7746645956371829,0.0,16.666666666666668
Rolling Hills Bank & Trust,1,1500000.0,1500000.0,1125000.0,12.0,0,0,0.75,0.0,0.0
Rollstone Bank & Trust,1,75000.0,75000.0,37500.0,10.0,0,1,0.5,0.0,100.0
Rondout Savings Bank,1,175000.0,175000.0,87500.0,38.0,0,1,0.5,0.0,100.0
Route 31 Federal Credit Union,1,375000.0,375000.0,281250.0,8.0,0,0,0.75,0.0,0.0
Royal Bank,3,370000.0,123333.33333333333,272500.0,5.333333333333333,0,3,0.7364864864864865,0.0,100.0
Royal Banks of Missouri,29,10387000.0,358172.4137931034,8034690.0,13.517241379310345,0,8,0.7735332627322615,0.0,27.586206896551722
Royal Business Bank,94,122596000.0,1304212.7659574468,94888275.0,12.563829787234043,0,23,0.7739916065777024,0.0,24.46808510638298
Royal Credit Union,1,500000.0,500000.0,250000.0,17.0,0,0,0.5,0.0,0.0
Rural Community Assistance Corporation,10,939000.0,93900.0,769400.0,3.6,0,3,0.8193823216187434,0.0,30.0
"Rural Enterprises of Oklahoma, Inc.",3,210000.0,70000.0,182000.0,7.333333333333333,0,2,0.8666666666666667,0.0,66.66666666666667
SAFE CU,18,1723800.0,95766.66666666667,1176100.0,7.722222222222222,1,8,0.6822717252581506,5.555555555555555,44.44444444444444
SBA CLSC Servicing,10,1751500.0,175150.0,1446725.0,7.3,0,7,0.8259920068512704,0.0,70.0
SJN Bank of Kansas,1,30000.0,30000.0,15000.0,1.0,0,1,0.5,0.0,100.0
SMBC MANUBANK,33,33817400.0,1024769.696969697,26118515.0,39.484848484848484,0,16,0.7723395352688261,0.0,48.484848484848484
SNB Bank National Association,44,28177800.0,640404.5454545454,21063991.75,18.386363636363637,3,7,0.7475385498513014,6.818181818181818,15.909090909090908
STAR Financial Bank,157,34229800.0,218024.20382165606,22573185.0,8.095541401273886,0,39,0.6594600319020268,0.0,24.840764331210192
Sabre Finance,71,11164900.0,157252.11267605633,8738387.6,10.098591549295774,0,3,0.782665997904146,0.0,4.225352112676056
Saco and Biddeford Savings Institution,7,1406500.0,200928.57142857142,703250.0,8.285714285714286,0,1,0.5,0.0,14.285714285714286
Salem Five Cents Savings Bank,268,79786500.0,297710.82089552237,52765620.0,10.742537313432836,0,30,0.6613351882837322,0.0,11.194029850746269
San Francisco Fire Credit Union,1,100000.0,100000.0,50000.0,2.0,0,1,0.5,0.0,100.0
SandT Bank,1,50000.0,50000.0,25000.0,1.0,0,1,0.5,0.0,100.0
Sanibel Captiva Community Bank,22,19609300.0,891331.8181818182,14616915.0,18.818181818181817,2,1,0.7454072812390039,9.090909090909092,4.545454545454546
Santa Cruz Community Credit Union,3,405000.0,135000.0,324250.0,3.6666666666666665,0,1,0.8006172839506173,0.0,33.333333333333336
"Santander Bank, National Association",420,38593400.0,91889.04761904762,20403500.0,6.169047619047619,13,90,0.5286784787036125,3.0952380952380953,21.428571428571427
Sauk Valley Bank & Trust Company,2,725800.0,362900.0,544350.0,15.0,0,0,0.75,0.0,0.0
Savings Bank of Walpole,36,9240000.0,256666.66666666666,6217575.0,6.944444444444445,1,10,0.6728977272727272,2.7777777777777777,27.77777777777778
Sawyer Savings Bank,4,1723000.0,430750.0,1354500.0,14.0,0,2,0.7861288450377248,0.0,50.0
Scale Bank,41,13557700.0,330675.60975609755,9240730.0,11.707317073170731,0,13,0.6815853721501435,0.0,31.70731707317073
"Schaumburg Bank & Trust Company, National Association",25,15314800.0,612592.0,10140725.0,18.96,1,7,0.662151970642777,4.0,28.0
Schertz Bank & Trust,11,8041100.0,731009.0909090909,5922745.0,26.727272727272727,1,1,0.7365590528659014,9.090909090909092,9.090909090909092
Scott Credit Union,22,5438500.0,247204.54545454544,3947375.0,10.181818181818182,4,5,0.725820538751494,18.181818181818183,22.727272727272727
SeaComm Federal Credit Union,3,1183200.0,394400.0,900430.0,3.6666666666666665,0,0,0.7610125084516566,0.0,0.0
Seaboard FCU,16,1032900.0,64556.25,516450.0,4.6875,1,7,0.5,6.25,43.75
Seacoast National Bank,384,286077900.0,744994.53125,216754710.0,14.2890625,12,93,0.7576772270769605,3.125,24.21875
Seamen's Bank,2,531100.0,265550.0,398325.0,9.0,0,1,0.75,0.0,50.0
Seattle Economic Development Fund dba Community Ca,47,6993700.0,148802.12765957447,5000175.0,7.659574468085107,1,10,0.7149541730414516,2.127659574468085,21.27659574468085
Seattle Metropolitan Credit Union,3,7196000.0,2398666.6666666665,5397000.0,22.333333333333332,0,1,0.75,0.0,33.333333333333336
Security Bank,88,56886200.0,646434.0909090909,42567870.0,20.772727272727273,3,24,0.748298708649901,3.409090909090909,27.272727272727273
Security Bank & Trust Company,19,9956400.0,524021.05263157893,7212175.0,17.36842105263158,0,5,0.724375778393797,0.0,26.31578947368421
Security Bank Minnesota,7,510000.0,72857.14285714286,255000.0,2.4285714285714284,1,1,0.5,14.285714285714286,14.285714285714286
Security Bank USA,162,18687700.0,115356.17283950618,11573735.0,4.697530864197531,0,85,0.619323672790124,0.0,52.46913580246913
Security Bank of Kansas City,2,2146200.0,1073100.0,1609650.0,19.0,0,1,0.75,0.0,50.0
Security Bank of Pulaski County,4,965400.0,241350.0,729250.0,2.75,0,1,0.7553863683447276,0.0,25.0
Security CU,2,700000.0,350000.0,525000.0,17.0,0,0,0.75,0.0,0.0
Security Federal Bank,32,9739700.0,304365.625,7430010.0,7.4375,0,0,0.7628581989178311,0.0,0.0
Security Federal Savings Bank,1,207000.0,207000.0,155250.0,0.0,0,0,0.75,0.0,0.0
Security Financial Bank,79,26594200.0,336635.4430379747,16089350.0,11.063291139240507,0,50,0.6049946980920652,0.0,63.29113924050633
Security First Bank,10,2354100.0,235410.0,1894790.0,8.0,0,2,0.8048893419990655,0.0,20.0
Security First Bank of North Dakota,7,1617500.0,231071.42857142858,808750.0,9.142857142857142,0,2,0.5,0.0,28.571428571428573
Security National Bank of Omaha,106,142839200.0,1347539.6226415094,107856350.0,17.99056603773585,1,18,0.7550892892147254,0.9433962264150944,16.9811320754717
Security Savings Bank,29,7001600.0,241434.4827586207,4176350.0,10.310344827586206,0,19,0.5964850891224863,0.0,65.51724137931035
Security Service FCU,5,1389100.0,277820.0,1063190.0,17.6,0,2,0.7653804621697502,0.0,40.0
Security State Bank,5,801300.0,160260.0,543965.0,3.2,0,1,0.6788531136902534,0.0,20.0
Security State Bank and Trust,134,87197300.0,650726.1194029851,68081625.0,8.805970149253731,0,20,0.7807767557022981,0.0,14.925373134328359
Security State Bank of Aitkin,11,1020000.0,92727.27272727272,566475.0,10.363636363636363,0,6,0.5553676470588236,0.0,54.54545454545455
Security State Bank of Hibbing,1,2000000.0,2000000.0,1500000.0,50.0,0,1,0.75,0.0,100.0
Securityplus Federal Credit Union,1,468000.0,468000.0,351000.0,8.0,0,0,0.75,0.0,0.0
Select Bank,26,10574800.0,406723.07692307694,7954000.0,12.76923076923077,0,1,0.7521655255891364,0.0,3.8461538461538463
Self-Help FCU,1,150000.0,150000.0,127500.0,5.0,0,1,0.85,0.0,100.0
Sentinel Federal Credit Union,4,621700.0,155425.0,549330.0,10.75,0,2,0.8835933730094901,0.0,50.0
Sentry Bank,31,9764300.0,314977.4193548387,7111325.0,14.096774193548388,0,14,0.7282984955398748,0.0,45.16129032258065
Servbank National Association,7,1226900.0,175271.42857142858,1026305.0,10.142857142857142,0,4,0.8365025674464096,0.0,57.142857142857146
Service 1st Federal Credit Union,1,590800.0,590800.0,443100.0,30.0,0,0,0.75,0.0,0.0
Service FCU,88,5493900.0,62430.681818181816,2900575.0,4.409090909090909,0,24,0.5279628315040318,0.0,27.272727272727273
ServisFirst Bank,39,40953200.0,1050082.0512820513,30964759.45,16.76923076923077,1,10,0.7561010971059648,2.5641025641025643,25.641025641025642
SharePoint Credit Union,4,192000.0,48000.0,117250.0,4.0,0,1,0.6106770833333334,0.0,25.0
Sharon & Crescent United CU,2,147900.0,73950.0,73950.0,2.5,0,1,0.5,0.0,50.0
Sherburne State Bank,14,5764100.0,411721.4285714286,4700775.0,7.928571428571429,0,3,0.8155262747003001,0.0,21.428571428571427
Shinhan Bank America,96,97714200.0,1017856.25,76179725.0,12.052083333333334,0,28,0.7796177525886718,0.0,29.166666666666668
"Shore United Bank, National Association",17,5413000.0,318411.76470588235,4046000.0,15.941176470588236,0,1,0.7474598189543691,0.0,5.882352941176471
Shoreham Bank,358,672580200.0,1878715.6424581006,515666254.0,11.44413407821229,1,62,0.7666985349851215,0.27932960893854747,17.318435754189945
Signal Financial FCU,1,113500.0,113500.0,96475.0,3.0,0,1,0.85,0.0,100.0
Signature Bank,31,36088000.0,1164129.0322580645,25762250.0,26.580645161290324,0,12,0.7138730325870095,0.0,38.70967741935484
"Signature Bank, National Association",1,250000.0,250000.0,187500.0,19.0,0,0,0.75,0.0,0.0
Silver Lake Bank,35,7226000.0,206457.14285714287,3953875.0,7.085714285714285,0,19,0.5471734016053141,0.0,54.285714285714285
Simmons Bank,305,163741200.0,536856.393442623,126203271.45,14.193442622950819,6,81,0.7707484215945651,1.9672131147540983,26.557377049180328
Skowhegan Savings Bank,2,3160000.0,1580000.0,2580000.0,78.5,0,1,0.8164556962025317,0.0,50.0
Skyline National Bank,30,4473000.0,149100.0,2936295.0,8.933333333333334,0,8,0.6564486921529175,0.0,26.666666666666668
Small Business Assistance Corporation,45,9172300.0,203828.88888888888,7108130.0,6.911111111111111,1,9,0.7749561178766503,2.2222222222222223,20.0
Small Business Bank,136,36396800.0,267623.5294117647,27620105.0,10.926470588235293,1,33,0.7588608064445226,0.7352941176470589,24.264705882352942
SmartBank,4,4942200.0,1235550.0,3706650.0,23.0,0,0,0.75,0.0,0.0
Sno Falls CU,4,3800000.0,950000.0,2847758.7,5.5,0,1,0.7494101842105264,0.0,25.0
Solera National Bank,3,4128800.0,1376266.6666666667,3021600.0,29.333333333333332,0,0,0.7318349157140089,0.0,0.0
Solutions North Bank,1,275000.0,275000.0,206250.0,5.0,0,0,0.75,0.0,0.0
Solvay Bank,14,11822700.0,844478.5714285715,8622025.0,16.071428571428573,0,2,0.7292771532729411,0.0,14.285714285714286
"SomerCor 504, Inc.",3,230000.0,76666.66666666667,195500.0,7.666666666666667,0,1,0.85,0.0,33.333333333333336
Somerset Regal Bank,16,9866500.0,616656.25,8339875.0,27.9375,0,6,0.8452718795925607,0.0,37.5
Somerset Trust Company,24,9472500.0,394687.5,6516525.0,8.5,0,5,0.6879414093428345,0.0,20.833333333333332
Sonata Bank,9,5431000.0,603444.4444444445,3508250.0,31.77777777777778,0,2,0.6459675934450377,0.0,22.22222222222222
Sound Credit Union,187,40302400.0,215520.85561497326,29205555.0,6.235294117647059,4,21,0.7246604420580413,2.1390374331550803,11.229946524064172
"South Central Bank, Inc.",31,17942800.0,578800.0,12431350.0,11.32258064516129,0,5,0.6928322223956127,0.0,16.129032258064516
"South Central Kansas Economic Development District, Inc.",24,2492100.0,103837.5,2073740.0,6.375,2,2,0.8321255166325588,8.333333333333334,8.333333333333334
South Coast Bank & Trust,8,13425400.0,1678175.0,10694595.0,11.625,0,4,0.7965941424464076,0.0,50.0
South Eastern Economic Development Corporation,24,3083100.0,128462.5,2518135.0,6.958333333333333,0,4,0.8167542408614706,0.0,16.666666666666668
South Georgia Bank,2,6730000.0,3365000.0,4594590.0,13.5,0,0,0.682702823179792,0.0,0.0
South Louisiana Bank,17,3128600.0,184035.29411764705,1564300.0,4.235294117647059,0,4,0.5,0.0,23.529411764705884
South Ottumwa Savings Bank,5,1039700.0,207940.0,519850.0,4.0,0,1,0.5,0.0,20.0
South Shore Bank,43,12769200.0,296958.1395348837,9029325.0,8.930232558139535,0,17,0.7071175171506437,0.0,39.53488372093023
South Story Bank & Trust,4,9245700.0,2311425.0,6934275.0,20.0,0,1,0.75,0.0,25.0
SouthPoint Bank,36,36920800.0,1025577.7777777778,27524133.3,13.5,0,7,0.7454912488353449,0.0,19.444444444444443
"SouthStar Bank, S.S.B.",48,38790500.0,808135.4166666666,29516065.0,13.416666666666666,0,11,0.7609096299351645,0.0,22.916666666666668
"SouthState Bank, National Association",2060,1394348500.0,676868.2038834952,1086995095.88,12.907766990291263,30,412,0.7795720337347515,1.4563106796116505,20.0
SouthWest Bank,65,34357600.0,528578.4615384615,27246335.0,25.53846153846154,0,17,0.7930220678976413,0.0,26.153846153846153
Southeastern Bank,2,493400.0,246700.0,370050.0,17.5,0,0,0.75,0.0,0.0
"Southern AgCredit, FLCA",9,22535500.0,2503944.4444444445,16901625.0,2.5555555555555554,0,0,0.75,0.0,0.0
Southern Bancorp Bank,147,135035200.0,918606.8027210884,104286820.0,12.108843537414966,0,15,0.7722935945590483,0.0,10.204081632653061
Southern Bancorp Capital Partners,1,58500.0,58500.0,49725.0,6.0,0,0,0.85,0.0,0.0
Southern Bank,144,77038000.0,534986.1111111111,62679395.32,14.125,1,35,0.8136165959656274,0.6944444444444444,24.305555555555557
Southern Bank and Trust Company,49,15685700.0,320116.32653061225,8967850.0,9.244897959183673,0,16,0.5717213767954251,0.0,32.6530612244898
Southern Heritage Bank,4,2398000.0,599500.0,1798500.0,34.75,0,2,0.75,0.0,50.0
Southern Michigan Bank & Trust,29,19926800.0,687131.0344827586,14563030.0,11.344827586206897,0,7,0.7308263243471105,0.0,24.137931034482758
SouthernTrust Bank,13,4589500.0,353038.46153846156,2922450.0,10.076923076923077,0,7,0.6367687111885826,0.0,53.84615384615385
Southwest Heritage Bank,39,24324700.0,623710.2564102564,18913625.0,17.102564102564102,2,11,0.7775481300899908,5.128205128205129,28.205128205128204
Southwest Heritage Credit Union,1,313000.0,313000.0,234750.0,5.0,0,0,0.75,0.0,0.0
Southwest Louisiana Credit Union,1,459000.0,459000.0,344250.0,18.0,0,0,0.75,0.0,0.0
Southwest Missouri Bank,10,4491200.0,449120.0,3358525.0,8.6,0,4,0.7478012557890987,0.0,40.0
Southwestern National Bank,207,337381300.0,1629861.3526570047,256059450.0,7.657004830917875,2,34,0.7589615962710441,0.966183574879227,16.42512077294686
Sovereign Bank,13,13353900.0,1027223.0769230769,9806425.0,17.76923076923077,0,4,0.7343491414493144,0.0,30.76923076923077
SpiritBank,61,45930300.0,752955.737704918,35981990.0,13.78688524590164,9,17,0.783404201583704,14.754098360655737,27.868852459016395
Spokane Teachers Credit Union,4,2478000.0,619500.0,1858500.0,7.0,0,1,0.75,0.0,25.0
Spring Bank,19,25861000.0,1361105.2631578948,20681150.0,8.68421052631579,0,2,0.7997041877730946,0.0,10.526315789473685
Springs Valley Bank & Trust Company,29,6288300.0,216837.93103448275,3778425.0,4.586206896551724,0,7,0.6008658938027766,0.0,24.137931034482758
St Cloud Financial Credit Union,17,9342800.0,549576.4705882353,7061100.0,26.764705882352942,0,2,0.7557798518645374,0.0,11.764705882352942
St Lawrence Federal Credit Union,1,30000.0,30000.0,25500.0,2.0,0,0,0.85,0.0,0.0
"St. Charles Bank & Trust Company, National Association",91,59876900.0,657987.9120879121,41567950.0,24.54945054945055,0,19,0.6942234818435824,0.0,20.87912087912088
St. Clair County State Bank,23,3348100.0,145569.5652173913,2034625.0,3.9130434782608696,0,13,0.6076954093366387,0.0,56.52173913043478
St. Johns Bank and Trust Company,11,6742600.0,612963.6363636364,4624575.0,17.545454545454547,0,2,0.6858741435054727,0.0,18.181818181818183
St. Louis Bank,171,197438600.0,1154611.6959064328,152645975.0,13.52046783625731,1,52,0.7731313684355542,0.5847953216374269,30.4093567251462
St. Mary's Bank,75,14917000.0,198893.33333333334,8210325.0,6.68,0,20,0.5504005497083864,0.0,26.666666666666668
St. Mary's CU,225,17003800.0,75572.44444444444,10650170.0,7.56,0,96,0.6263405826932803,0.0,42.666666666666664
Star Bank,7,498900.0,71271.42857142857,282000.0,3.857142857142857,1,4,0.5652435357787132,14.285714285714286,57.142857142857146
Starion Bank,32,5453100.0,170409.375,2960050.0,11.90625,0,12,0.5428196805486787,0.0,37.5
State Bank,18,6888100.0,382672.22222222225,5395255.0,13.555555555555555,0,3,0.7832718746824233,0.0,16.666666666666668
State Bank Financial,15,7963700.0,530913.3333333334,6367475.0,8.2,1,7,0.7995623893416377,6.666666666666667,46.666666666666664
State Bank Northwest,6,4156100.0,692683.3333333334,3519945.0,11.166666666666666,0,3,0.8469346262120738,0.0,50.0
State Bank of Bottineau,1,450000.0,450000.0,337500.0,12.0,0,0,0.75,0.0,0.0
State Bank of Chandler,2,206000.0,103000.0,103000.0,3.0,0,1,0.5,0.0,50.0
State Bank of Chilton,8,4890600.0,611325.0,3640660.0,12.125,1,3,0.7444199075778023,12.5,37.5
State Bank of Lake Park,7,665000.0,95000.0,386500.0,2.0,0,3,0.5812030075187969,0.0,42.857142857142854
State Bank of Southern Utah,186,49489000.0,266069.89247311826,30561000.0,8.817204301075268,0,88,0.6175311685425044,0.0,47.31182795698925
State Bank of Table Rock,13,2526700.0,194361.53846153847,1383225.0,5.615384615384615,0,1,0.5474433054972889,0.0,7.6923076923076925
State Bank of Taunton,2,1335000.0,667500.0,1009750.0,17.0,0,0,0.7563670411985018,0.0,0.0
State Bank of Texas,17,25064000.0,1474352.9411764706,21515070.0,7.0588235294117645,0,7,0.8584052824768592,0.0,41.1764705882353
"State Bank of the Lakes, National Association",35,20288200.0,579662.8571428572,14491525.0,20.142857142857142,0,5,0.7142834258337358,0.0,14.285714285714286
State Empl CU,9,14304600.0,1589400.0,10728450.0,47.77777777777778,0,0,0.75,0.0,0.0
State Nebraska Bank & Trust,1,1040000.0,1040000.0,780000.0,11.0,0,0,0.75,0.0,0.0
State Savings Bank,10,2870000.0,287000.0,2192500.0,14.1,0,0,0.7639372822299652,0.0,0.0
Stearns Bank National Association,913,415621700.0,455226.3964950712,319117883.0,12.150054764512596,21,318,0.767808521547359,2.3001095290251916,34.8302300109529
Stellar Bank,198,235285900.0,1188312.6262626264,184104390.0,15.262626262626263,8,32,0.7824709852991616,4.040404040404041,16.161616161616163
"Sterling Federal Bank, F.S.B.",7,1740000.0,248571.42857142858,1366850.0,7.571428571428571,0,2,0.7855459770114942,0.0,28.571428571428573
Stock Yards Bank & Trust Company,332,203590300.0,613223.7951807228,148573350.0,14.228915662650602,4,67,0.7297663493791207,1.2048192771084338,20.180722891566266
Stockman Bank of Montana,44,23306800.0,529700.0,19226373.0,9.363636363636363,1,15,0.8249254723943227,2.272727272727273,34.09090909090909
Stockmens Bank,1,3500000.0,3500000.0,2625000.0,110.0,0,1,0.75,0.0,100.0
Stone Bank,366,293068000.0,800732.2404371585,228411916.8,10.256830601092895,0,40,0.7793819755142152,0.0,10.92896174863388
Story Bank d/b/a Story Financial Partners,5,8315400.0,1663080.0,6236550.0,21.6,0,1,0.75,0.0,20.0
Strafford Economic Development Corporation,15,2005500.0,133700.0,1600255.0,10.866666666666667,0,3,0.7979331837447021,0.0,20.0
"Stride Bank, National Association",10,4956100.0,495610.0,3701365.0,8.5,0,5,0.7468301688827909,0.0,50.0
Studio Bank,12,12563600.0,1046966.6666666666,9422700.0,18.75,0,3,0.75,0.0,25.0
Sturdy Savings Bank,2,2817600.0,1408800.0,2113200.0,22.0,0,1,0.75,0.0,50.0
Sturgis Bank & Trust Company,8,10711000.0,1338875.0,8175250.0,26.375,0,2,0.7632573989356736,0.0,25.0
Sullivan Bank,39,8478500.0,217397.4358974359,4614250.0,12.205128205128204,0,14,0.5442295217314383,0.0,35.8974358974359
Summit Bank,82,88963500.0,1084920.731707317,68753145.0,23.634146341463413,2,17,0.7728241919438871,2.4390243902439024,20.73170731707317
Summit CU,217,54798600.0,252528.11059907835,40345115.0,8.493087557603687,0,72,0.7362435354187881,0.0,33.17972350230415
Summit State Bank,173,369550700.0,2136131.2138728322,280990489.0,18.971098265895954,0,65,0.7603570741443596,0.0,37.57225433526011
Suncoast CU,8,6807400.0,850925.0,5309530.0,18.25,0,2,0.7799644504509798,0.0,25.0
Sundance State Bank,3,768600.0,256200.0,384300.0,5.0,0,1,0.5,0.0,33.333333333333336
Sunflower Bank National Association,375,320871200.0,855656.5333333333,250621920.0,18.045333333333332,4,128,0.781067044970069,1.0666666666666667,34.13333333333333
Sunmark Community Bank,1,1291000.0,1291000.0,968250.0,11.0,0,0,0.75,0.0,0.0
Sunnyside Federal Savings and Loan Association of Irvington,4,1610000.0,402500.0,1207500.0,7.0,0,1,0.75,0.0,25.0
Sunrise Banks National Association,193,67492700.0,349703.10880829016,51376720.0,25.683937823834196,2,43,0.7612189170088024,1.0362694300518134,22.27979274611399
Sunshine State Economic Development Corporation,46,7740500.0,168271.73913043478,6241205.0,8.847826086956522,2,12,0.8063051482462373,4.3478260869565215,26.08695652173913
Sunwest Bank,85,114762800.0,1350150.5882352942,93660225.0,30.847058823529412,0,45,0.8161200754948468,0.0,52.94117647058823
Superior Choice CU,1,276400.0,276400.0,207300.0,14.0,0,0,0.75,0.0,0.0
Superior National Bank,20,8085600.0,404280.0,5710975.0,8.85,0,5,0.7063143118630651,0.0,25.0
Susser Bank,34,26907300.0,791391.1764705882,21780690.0,22.264705882352942,0,9,0.8094714073875863,0.0,26.470588235294116
Sutton Bank,46,13599200.0,295634.7826086957,7315800.0,9.0,0,24,0.5379581151832461,0.0,52.17391304347826
Swedish-American State Bank,4,2242400.0,560600.0,1681800.0,6.75,0,0,0.75,0.0,0.0
Synergy Bank,1,1084000.0,1084000.0,813000.0,10.0,0,1,0.75,0.0,100.0
"T Bank, National Association",381,638221900.0,1675123.097112861,489802191.7,18.41994750656168,3,75,0.7674481112290255,0.7874015748031497,19.68503937007874
TBA CU,7,7076900.0,1010985.7142857143,5333435.0,15.428571428571429,0,0,0.7536400118696039,0.0,0.0
"TBK Bank, SSB",23,9585900.0,416778.26086956525,6636750.0,8.608695652173912,0,8,0.6923450067286326,0.0,34.78260869565217
"TD Bank, National Association",16240,2393770900.0,147399.68596059113,1566376917.6,3.8910098522167487,1037,2158,0.6543554011789515,6.385467980295567,13.288177339901479
Table Rock Community Bank,10,2544500.0,254450.0,1520750.0,16.1,0,4,0.5976616231086658,0.0,40.0
Taunton FCU,4,647600.0,161900.0,499700.0,10.0,1,0,0.7716182828906732,25.0,0.0
Team One CU,12,7102800.0,591900.0,5260600.0,12.166666666666666,0,0,0.7406374950723659,0.0,0.0
Tech CU,1,200000.0,200000.0,100000.0,14.0,0,1,0.5,0.0,100.0
Technology Credit Union,15,11066800.0,737786.6666666666,8496300.0,31.333333333333332,0,6,0.7677287020638306,0.0,40.0
Telhio Credit Union Inc,423,125008100.0,295527.4231678487,93717408.6,13.300236406619385,1,69,0.7496906888433629,0.2364066193853428,16.31205673758865
"Terrabank, National Association",4,1658000.0,414500.0,1243500.0,7.25,0,2,0.75,0.0,50.0
Teutopolis State Bank,1,755000.0,755000.0,566250.0,17.0,0,0,0.75,0.0,0.0
Texas Advantage Community Bank National Association,41,62926000.0,1534780.487804878,48546100.0,21.75609756097561,0,13,0.7714791977878779,0.0,31.70731707317073
Texas Bank,45,22226900.0,493931.1111111111,18846420.0,11.422222222222222,3,12,0.8479104148576725,6.666666666666667,26.666666666666668
Texas Capital Bank,134,197237100.0,1471918.656716418,149680465.0,20.097014925373134,1,14,0.7588859550257026,0.746268656716418,10.447761194029852
Texas Champion Bank,27,11948900.0,442551.85185185185,9184790.0,10.925925925925926,0,0,0.768672430098168,0.0,0.0
Texas Dow Empl CU,8,5235900.0,654487.5,4075900.0,3.375,0,5,0.778452606046716,0.0,62.5
Texas Financial Bank,2,320800.0,160400.0,249100.0,3.5,0,2,0.7764962593516209,0.0,100.0
Texas First Bank,15,7348000.0,489866.6666666667,5534240.0,16.666666666666668,0,3,0.7531627653783343,0.0,20.0
Texas Gulf Bank National Association,13,11093600.0,853353.8461538461,9043560.0,22.307692307692307,0,3,0.8152051633374198,0.0,23.076923076923077
Texas National Bank of Jacksonville,1,150000.0,150000.0,127500.0,5.0,0,0,0.85,0.0,0.0
Texas Republic Bank National Association,7,4294400.0,613485.7142857143,3207180.0,5.142857142857143,0,4,0.7468284277198212,0.0,57.142857142857146
Texas Security Bank,64,45857100.0,716517.1875,33761935.0,18.1875,2,31,0.7362422612856024,3.125,48.4375
TexasBank,27,6099400.0,225903.7037037037,4008520.0,8.074074074074074,1,7,0.6571990687608618,3.7037037037037037,25.925925925925927
Texell CU,31,8222900.0,265254.8387096774,6283945.0,15.32258064516129,1,2,0.764200586167897,3.225806451612903,6.451612903225806
The Adirondack Trust Company,88,10865900.0,123476.13636363637,7403730.0,5.636363636363637,0,27,0.6813729189482693,0.0,30.681818181818183
The American National Bank of Texas,124,87615200.0,706574.1935483871,68463950.0,15.838709677419354,1,20,0.7814163524137364,0.8064516129032258,16.129032258064516
The Andover Bank,2,2094900.0,1047450.0,1507675.0,28.0,0,0,0.7196882906105303,0.0,0.0
The Apple Creek Banking Company,2,200000.0,100000.0,142000.0,3.5,0,0,0.71,0.0,0.0
The Baldwin State Bank,1,207000.0,207000.0,155250.0,8.0,0,0,0.75,0.0,0.0
The Bancorp Bank National Association,839,729856600.0,869912.5148986889,569081622.76,15.62455303933254,5,208,0.7797170331267813,0.5959475566150179,24.791418355184742
The Bank,24,3734100.0,155587.5,2312520.0,7.583333333333333,0,9,0.6192978227685386,0.0,37.5
The Bank of Bennington,18,1632000.0,90666.66666666667,861000.0,4.944444444444445,2,7,0.5275735294117647,11.11111111111111,38.888888888888886
The Bank of Brodhead,5,822700.0,164540.0,471350.0,5.8,0,3,0.5729305943843442,0.0,60.0
The Bank of Canton,1,228000.0,228000.0,114000.0,2.0,0,0,0.5,0.0,0.0
The Bank of Clovis,29,10762000.0,371103.4482758621,8818585.0,7.103448275862069,0,2,0.8194187883293068,0.0,6.896551724137931
The Bank of Commerce,83,19667500.0,236957.8313253012,12700700.0,9.204819277108435,0,19,0.6457709419092411,0.0,22.89156626506024
The Bank of Edison,34,41966700.0,1234314.705882353,32677680.0,23.823529411764707,0,9,0.7786573640529276,0.0,26.470588235294116
The Bank of Elk River,76,47028100.0,618790.7894736842,36087705.0,14.302631578947368,4,16,0.7673647244945043,5.2631578947368425,21.05263157894737
The Bank of Glen Burnie,3,3881000.0,1293666.6666666667,2910750.0,20.666666666666668,0,2,0.75,0.0,66.66666666666667
The Bank of Houston,134,104812900.0,782185.8208955224,81414960.0,10.843283582089553,0,34,0.7767646921323615,0.0,25.37313432835821
The Bank of Kaukauna,32,12352800.0,386025.0,7759375.0,11.875,2,12,0.6281470597759212,6.25,37.5
The Bank of Magnolia Company,1,320900.0,320900.0,240675.0,38.0,0,1,0.75,0.0,100.0
The Bank of Missouri,187,67551300.0,361236.8983957219,52348530.0,15.727272727272727,8,50,0.7749448197147946,4.278074866310161,26.737967914438503
The Bank of New Glarus,4,2973400.0,743350.0,2167550.0,12.75,0,1,0.7289802919217058,0.0,25.0
The Bank of Old Monroe,1,1406900.0,1406900.0,1055175.0,16.0,0,0,0.75,0.0,0.0
The Bank of Princeton,24,10080000.0,420000.0,8102500.0,5.375,1,6,0.8038194444444444,4.166666666666667,25.0
The Bank of Romney,2,442000.0,221000.0,288500.0,5.5,0,1,0.6527149321266968,0.0,50.0
The Bank of Tampa,151,134452900.0,890416.5562913907,103590208.0,13.887417218543046,3,23,0.7704572233101703,1.9867549668874172,15.2317880794702
The Bank of Tescott,2,50000.0,25000.0,25000.0,5.0,0,0,0.5,0.0,0.0
The Bath State Bank,1,67500.0,67500.0,57375.0,2.0,0,1,0.85,0.0,100.0
The Bennington State Bank,7,2939200.0,419885.71428571426,2388150.0,5.857142857142857,0,0,0.8125170114316821,0.0,0.0
The Bippus State Bank,11,6539600.0,594509.0909090909,5162700.0,47.81818181818182,0,2,0.7894519542479662,0.0,18.181818181818183
The Callaway Bank,75,13070900.0,174278.66666666666,8174820.0,8.586666666666666,4,17,0.6254213558362469,5.333333333333333,22.666666666666668
The Canandaigua National Bank and Trust Company,92,28616400.0,311047.82608695654,19991880.0,12.065217391304348,0,24,0.6986161781356145,0.0,26.08695652173913
The Cape Cod Five Cents Savings Bank,102,11778500.0,115475.49019607843,7729750.0,7.637254901960785,2,19,0.6562592859871801,1.9607843137254901,18.627450980392158
The Central Trust Bank,288,73566300.0,255438.54166666666,55090580.0,6.809027777777778,15,59,0.7488562018206706,5.208333333333333,20.48611111111111
The Citizens Bank,18,10897800.0,605433.3333333334,7702525.0,15.555555555555555,0,10,0.7067963258639358,0.0,55.55555555555556
The Citizens Bank of Edmond,22,6607300.0,300331.8181818182,4720145.0,13.454545454545455,2,5,0.7143833335855796,9.090909090909092,22.727272727272727
The Citizens Bank of Philadelphia,1,73000.0,73000.0,36500.0,7.0,0,1,0.5,0.0,100.0
The Citizens Bank of Weston,8,1860000.0,232500.0,930000.0,6.875,0,0,0.5,0.0,0.0
The Citizens National Bank of Bluffton,10,9524700.0,952470.0,6865500.0,15.0,0,5,0.7208101042552522,0.0,50.0
The Citizens National Bank of Meridian,44,10434700.0,237152.27272727274,7742265.0,12.613636363636363,1,1,0.7419729364524136,2.272727272727273,2.272727272727273
The Citizens National Bank of Park Rapids,26,5765900.0,221765.38461538462,3208700.0,7.576923076923077,1,11,0.5564959503286564,3.8461538461538463,42.30769230769231
The Citizens National Bank of Quitman,1,675000.0,675000.0,506250.0,5.0,0,1,0.75,0.0,100.0
The Citizens State Bank,1,240000.0,240000.0,120000.0,8.0,0,0,0.5,0.0,0.0
The Citizens State Bank at Mohall,1,192000.0,192000.0,96000.0,8.0,0,1,0.5,0.0,100.0
"The City National Bank and Trust Company of Lawton, Oklahoma",15,2626400.0,175093.33333333334,1778925.0,8.133333333333333,0,7,0.6773244745659458,0.0,46.666666666666664
The City National Bank of Colorado City,2,207300.0,103650.0,176205.0,9.0,0,1,0.85,0.0,50.0
The Clinton National Bank,9,1696000.0,188444.44444444444,1289750.0,10.11111111111111,0,4,0.7604658018867925,0.0,44.44444444444444
The Commercial Bank,18,7986200.0,443677.77777777775,6082735.0,33.333333333333336,0,1,0.76165573113621,0.0,5.555555555555555
"The Commercial and Savings Bank of Millersburg, Ohio",14,10558000.0,754142.8571428572,8436450.0,42.92857142857143,0,4,0.799057586664141,0.0,28.571428571428573
The Community Bank,176,15334800.0,87129.54545454546,8836700.0,4.6477272727272725,0,66,0.5762514020398048,0.0,37.5
The Cooperative Bank,4,1436000.0,359000.0,828000.0,13.75,0,1,0.5766016713091922,0.0,25.0
The Cottonport Bank,1,405000.0,405000.0,303750.0,5.0,0,0,0.75,0.0,0.0
The Croghan Colonial Bank,22,11684600.0,531118.1818181818,8307350.0,8.681818181818182,0,7,0.7109657155572292,0.0,31.818181818181817
The Dart Bank,31,29592900.0,954609.6774193548,22726531.5,16.870967741935484,0,3,0.7679724359559219,0.0,9.67741935483871
The Denison State Bank,1,203100.0,203100.0,182790.0,5.0,0,1,0.9,0.0,100.0
The Ephrata National Bank,5,3628200.0,725640.0,2738470.0,17.6,0,1,0.754773716994653,0.0,20.0
The Exchange Bank,2,373700.0,186850.0,287835.0,8.5,0,2,0.7702301311212202,0.0,100.0
"The Exchange State Bank of St Paul, Kansas",2,933000.0,466500.0,699750.0,9.0,0,0,0.75,0.0,0.0
The Fahey Banking Company,14,7044200.0,503157.14285714284,5706315.0,21.0,1,1,0.8100728258709293,7.142857142857143,7.142857142857143
"The Farmers Bank, Frankfort, Indiana",65,32645000.0,502230.76923076925,25097835.0,17.2,0,20,0.7688109970899065,0.0,30.76923076923077
The Farmers National Bank of Canfield,23,7467800.0,324686.95652173914,5402250.0,11.956521739130435,1,5,0.7234058223305391,4.3478260869565215,21.73913043478261
The Farmers State Bank of Westmoreland,1,337500.0,337500.0,168750.0,7.0,0,0,0.5,0.0,0.0
The Farmers and Merchants Bank,3,378000.0,126000.0,298800.0,3.6666666666666665,0,0,0.7904761904761904,0.0,0.0
The Farmers and Merchants National Bank of Fairview,5,1650000.0,330000.0,1233000.0,14.4,0,2,0.7472727272727273,0.0,40.0
The Farmers and Merchants State Bank,14,7935400.0,566814.2857142857,6108535.0,15.0,0,4,0.7697828716888878,0.0,28.571428571428573
The Fidelity Bank,199,187541800.0,942421.1055276382,141662829.54,14.597989949748744,4,33,0.7553666944649139,2.0100502512562812,16.582914572864322
The First Bank and Trust Company,206,142277100.0,690665.5339805825,106654860.0,10.941747572815533,0,85,0.7496277334862743,0.0,41.262135922330096
The First National Bank Bellevue,8,6193300.0,774162.5,4591175.0,10.125,0,3,0.7413131932895225,0.0,37.5
"The First National Bank and Trust Co, Chickasha, Oklahoma",12,7913100.0,659425.0,5913350.0,19.166666666666668,0,4,0.7472861457582995,0.0,33.333333333333336
The First National Bank and Trust Company of Broken Arrow,11,2138000.0,194363.63636363635,1281500.0,10.636363636363637,0,7,0.5993919550982226,0.0,63.63636363636363
The First National Bank in Sioux Falls,114,32658000.0,286473.6842105263,23262250.0,7.87719298245614,3,36,0.7122986710759998,2.6315789473684212,31.57894736842105
The First National Bank in Trinidad,1,630000.0,630000.0,472500.0,7.0,0,0,0.75,0.0,0.0
The First National Bank of Absecon,7,5421500.0,774500.0,4182675.0,9.0,0,2,0.7714977404777276,0.0,28.571428571428573
The First National Bank of Aspermont,1,670000.0,670000.0,502500.0,32.0,0,0,0.75,0.0,0.0
The First National Bank of Ballinger,29,7437700.0,256472.41379310345,5779890.0,7.862068965517241,0,14,0.7771071702273552,0.0,48.275862068965516
The First National Bank of Bastrop,2,5212000.0,2606000.0,3909000.0,13.0,0,0,0.75,0.0,0.0
The First National Bank of Bemidji,1,100000.0,100000.0,85000.0,10.0,0,0,0.85,0.0,0.0
The First National Bank of Carmi,28,27410200.0,978935.7142857143,20589890.0,19.428571428571427,0,2,0.7511762044786248,0.0,7.142857142857143
The First National Bank of Cokato,1,120000.0,120000.0,60000.0,1.0,0,1,0.5,0.0,100.0
The First National Bank of Dennison,3,295000.0,98333.33333333333,250750.0,10.333333333333334,0,1,0.85,0.0,33.333333333333336
The First National Bank of Elmer,7,3052000.0,436000.0,2394000.0,3.7142857142857144,0,3,0.7844036697247706,0.0,42.857142857142854
The First National Bank of Evant,2,1947200.0,973600.0,1460400.0,16.0,0,0,0.75,0.0,0.0
The First National Bank of Fort Smith,22,5308300.0,241286.36363636365,3579285.0,8.727272727272727,0,9,0.6742808432078067,0.0,40.90909090909091
The First National Bank of Hughes Springs,1,196500.0,196500.0,147375.0,8.0,0,0,0.75,0.0,0.0
The First National Bank of Hutchinson,10,4446400.0,444640.0,2614925.0,10.3,0,3,0.5880993612810363,0.0,30.0
The First National Bank of McGregor d/b/a TFNB Your Bank for Life,100,42181300.0,421813.0,31711945.0,10.36,6,37,0.7518010350558185,6.0,37.0
The First National Bank of Milaca,14,4439500.0,317107.14285714284,3035875.0,7.857142857142857,0,4,0.6838326388106769,0.0,28.571428571428573
The First National Bank of Waterloo,36,2983500.0,82875.0,1738000.0,5.527777777777778,1,13,0.5825372884196414,2.7777777777777777,36.111111111111114
The First Security Bank,14,12862700.0,918764.2857142857,9185350.0,20.357142857142858,0,2,0.7141074579987094,0.0,14.285714285714286
The First State Bank,2,5283600.0,2641800.0,3962700.0,35.5,0,1,0.75,0.0,50.0
The First State Bank of Red Wing,1,993600.0,993600.0,745200.0,47.0,0,0,0.75,0.0,0.0
The First State Bank of Rosemount,2,620000.0,310000.0,465000.0,10.5,1,0,0.75,50.0,0.0
The First State Bank of Shelby,2,1357900.0,678950.0,1136790.0,11.5,0,0,0.8371676853965683,0.0,0.0
The Fisher National Bank,29,6246900.0,215410.3448275862,4880545.0,10.379310344827585,0,3,0.7812747122572796,0.0,10.344827586206897
The Fountain Trust Company,2,145600.0,72800.0,123760.0,12.0,0,1,0.85,0.0,50.0
The Freedom Bank of Virginia,39,43554600.0,1116784.6153846155,32969915.0,22.974358974358974,0,6,0.7569789413747342,0.0,15.384615384615385
The Friendship State Bank,1,122500.0,122500.0,110250.0,2.0,0,0,0.9,0.0,0.0
The Garrett State Bank,1,332000.0,332000.0,249000.0,7.0,0,0,0.75,0.0,0.0
The Genoa Banking Company,4,1622000.0,405500.0,979000.0,44.25,0,0,0.6035758323057954,0.0,0.0
The Granger National Bank,1,127000.0,127000.0,107950.0,5.0,0,0,0.85,0.0,0.0
The Grant County Bank,4,905800.0,226450.0,482025.0,3.25,0,3,0.5321538971075293,0.0,75.0
The Halstead Bank,2,500000.0,250000.0,390000.0,8.0,0,0,0.78,0.0,0.0
The Harbor Bank of Maryland,9,7794900.0,866100.0,5915700.0,20.666666666666668,0,1,0.7589192933841358,0.0,11.11111111111111
The Harrison County Bank,2,412800.0,206400.0,284400.0,5.5,0,0,0.688953488372093,0.0,0.0
The Harvard State Bank,8,11426400.0,1428300.0,9085644.39,30.375,0,3,0.7951449616677169,0.0,37.5
The Hicksville Bank,6,2659000.0,443166.6666666667,2019750.0,8.0,0,0,0.7595900714554343,0.0,0.0
The Hocking Valley Bank,5,8231000.0,1646200.0,6173250.0,38.4,0,2,0.75,0.0,40.0
The Home Loan Savings Bank,1,2537000.0,2537000.0,1902750.0,182.0,0,0,0.75,0.0,0.0
The Home National Bank of Thorntown,4,551700.0,137925.0,446445.0,13.0,0,1,0.8092169657422512,0.0,25.0
The Hometown Savings Bank,2,263000.0,131500.0,131500.0,4.0,0,2,0.5,0.0,100.0
The Honesdale National Bank,17,11423700.0,671982.3529411765,9390595.0,8.235294117647058,0,3,0.8220274517012877,0.0,17.647058823529413
The Huntington National Bank,40123,9975705600.0,248628.10856615906,7314981511.675,7.710515165864965,690,7263,0.7332796099831775,1.7197118859507017,18.10183685168108
The Juniata Valley Bank,21,16694000.0,794952.380952381,12779900.0,40.42857142857143,0,0,0.7655385168323948,0.0,0.0
The Litchfield National Bank,1,25000.0,25000.0,12500.0,7.0,0,1,0.5,0.0,100.0
The Lowell Five Cent Savings Bank,14,7165200.0,511800.0,5409850.0,8.928571428571429,0,2,0.7550173058672472,0.0,14.285714285714286
The Lyon County State Bank,23,7448300.0,323839.1304347826,5654905.0,9.608695652173912,0,5,0.7592208960433925,0.0,21.73913043478261
The Lyons National Bank,41,13459400.0,328278.0487804878,9413125.0,11.902439024390244,0,13,0.6993718144939596,0.0,31.70731707317073
The MINT National Bank,135,282504700.0,2092627.4074074074,221351852.34,9.170370370370371,0,54,0.78353334418861,0.0,40.0
The Maries County Bank,9,1248600.0,138733.33333333334,726175.0,9.555555555555555,0,5,0.58159138234823,0.0,55.55555555555556
The Merchants & Citizens Bank,1,262500.0,262500.0,196875.0,25.0,0,0,0.75,0.0,0.0
The Millyard Bank,7,2338000.0,334000.0,1712700.0,11.857142857142858,0,0,0.7325491873396065,0.0,0.0
The Missouri Bank,1,166500.0,166500.0,149850.0,5.0,0,0,0.9,0.0,0.0
The Napoleon State Bank,6,903200.0,150533.33333333334,451600.0,7.166666666666667,0,1,0.5,0.0,16.666666666666668
The National Bank of Adams County of West Union,1,326500.0,326500.0,244875.0,15.0,0,0,0.75,0.0,0.0
The National Bank of Blacksburg,7,880000.0,125714.28571428571,465000.0,10.428571428571429,0,3,0.5284090909090909,0.0,42.857142857142854
The National Bank of Indianapolis,4,1562400.0,390600.0,1155360.0,10.25,0,1,0.7394777265745007,0.0,25.0
The National Bank of Malvern,2,2131000.0,1065500.0,1598250.0,13.5,0,1,0.75,0.0,50.0
The National Capital Bank of Washington,5,2552200.0,510440.0,1929150.0,20.6,0,0,0.7558772823446438,0.0,0.0
The National Grand Bank of Marblehead,1,168000.0,168000.0,126000.0,3.0,0,0,0.75,0.0,0.0
The New Washington State Bank,2,1765000.0,882500.0,1323750.0,12.0,0,0,0.75,0.0,0.0
The Nodaway Valley Bank,2,1133000.0,566500.0,849750.0,41.0,0,1,0.75,0.0,50.0
The North Salem State Bank,26,5634800.0,216723.07692307694,3564905.0,10.961538461538462,0,10,0.6326586569177256,0.0,38.46153846153846
The Northland Foundation,4,675000.0,168750.0,513750.0,38.5,0,0,0.7611111111111111,0.0,0.0
The Ohio Valley Bank Company,1,1250000.0,1250000.0,937500.0,11.0,0,0,0.75,0.0,0.0
The Paducah Bank and Trust Company,10,2179300.0,217930.0,1159650.0,11.9,0,2,0.5321204056348369,0.0,20.0
The Park Bank,19,4796500.0,252447.36842105264,3022730.0,13.842105263157896,0,11,0.6301949338059001,0.0,57.89473684210526
The Park National Bank,91,45135000.0,495989.010989011,32819900.0,11.802197802197803,1,18,0.7271496621247369,1.098901098901099,19.78021978021978
The Pauls Valley National Bank,2,2066300.0,1033150.0,1774725.0,28.5,0,0,0.8588902869864008,0.0,0.0
The Pecos County State Bank,20,4364000.0,218200.0,2432025.0,8.05,0,3,0.5572926214482127,0.0,15.0
The Peoples Bank,5,839800.0,167960.0,533600.0,8.2,0,0,0.6353893784234341,0.0,0.0
The Peoples Community Bank,4,578000.0,144500.0,413000.0,3.75,0,0,0.7145328719723183,0.0,0.0
The Peshtigo National Bank,5,1468700.0,293740.0,1153705.0,10.6,0,0,0.78552801797508,0.0,0.0
The Pittsfield Co-operative Bank,4,327000.0,81750.0,239200.0,11.0,0,1,0.7314984709480122,0.0,25.0
The Richwood Banking Company,1,320000.0,320000.0,288000.0,4.0,0,1,0.9,0.0,100.0
The Riddell National Bank,20,7051300.0,352565.0,3965427.5,12.15,1,9,0.5623682866989066,5.0,45.0
The Savings Bank,11,1782700.0,162063.63636363635,1066145.0,3.3636363636363638,0,1,0.598050709597801,0.0,9.090909090909092
The Security National Bank of Enid,1,300000.0,300000.0,225000.0,8.0,0,0,0.75,0.0,0.0
"The Security National Bank of Sioux City, Iowa",2,323200.0,161600.0,249110.0,6.0,0,1,0.7707611386138614,0.0,50.0
The Seiling State Bank,2,325000.0,162500.0,292500.0,4.0,0,0,0.9,0.0,0.0
The Shelby State Bank,2,2338200.0,1169100.0,1753650.0,10.0,0,0,0.75,0.0,0.0
The State Bank and Trust Company,68,36181600.0,532082.3529411765,27217035.0,12.308823529411764,0,15,0.7522341466380702,0.0,22.058823529411764
The State Bank of Faribault,23,4074600.0,177156.52173913043,2202700.0,9.217391304347826,0,10,0.5405929416384431,0.0,43.47826086956522
The State Bank of Wynnewood,1,313000.0,313000.0,234750.0,2.0,0,0,0.75,0.0,0.0
The State Exchange Bank,2,646700.0,323350.0,485025.0,5.5,0,0,0.75,0.0,0.0
The Stephenson National Bank and Trust,62,31499600.0,508058.06451612903,23447535.0,8.193548387096774,0,19,0.7443756428653062,0.0,30.64516129032258
The Stock Exchange Bank,1,63000.0,63000.0,56700.0,9.0,0,1,0.9,0.0,100.0
The Tri-County Bank,4,576700.0,144175.0,288350.0,6.5,0,2,0.5,0.0,50.0
The Union Bank,5,1429000.0,285800.0,714500.0,4.6,0,5,0.5,0.0,100.0
The Union Bank Company,27,14934200.0,553118.5185185185,11317865.0,11.703703703703704,1,6,0.757848763241419,3.7037037037037037,22.22222222222222
The Union State Bank of Everest,3,1480800.0,493600.0,1085600.0,13.333333333333334,0,0,0.7331172339276067,0.0,0.0
The Upstate National Bank,3,327000.0,109000.0,163500.0,2.3333333333333335,0,0,0.5,0.0,0.0
The Vinton County National Bank,3,2147600.0,715866.6666666666,1535700.0,33.666666666666664,0,2,0.7150772955857702,0.0,66.66666666666667
The Walton State Bank,1,1385000.0,1385000.0,1038750.0,6.0,0,0,0.75,0.0,0.0
The Washington Trust Company of Westerly,13,2612000.0,200923.07692307694,1563000.0,10.384615384615385,0,2,0.5983920367534457,0.0,15.384615384615385
The Western State Bank,1,1115000.0,1115000.0,836250.0,24.0,0,0,0.75,0.0,0.0
The Yellowstone Bank,111,61195800.0,551313.5135135135,49197050.0,9.423423423423424,0,39,0.8039285375793763,0.0,35.13513513513514
Think Mutual Bank,6,865000.0,144166.66666666666,680100.0,18.333333333333332,0,4,0.786242774566474,0.0,66.66666666666667
Third Coast Bank,137,133688600.0,975829.1970802919,105180300.0,16.394160583941606,0,36,0.7867559388010645,0.0,26.277372262773724
Thomaston Savings Bank,44,12760300.0,290006.8181818182,8329700.0,10.590909090909092,0,23,0.6527824580926781,0.0,52.27272727272727
Thomasville National Bank,1,3760000.0,3760000.0,2820000.0,9.0,0,0,0.75,0.0,0.0
Three Rivers Bank of Montana,47,24065200.0,512025.5319148936,18310250.0,10.25531914893617,2,16,0.7608600801156857,4.25531914893617,34.04255319148936
Three Rivers Federal Credit Union,10,1987200.0,198720.0,1284100.0,5.9,0,3,0.6461855877616747,0.0,30.0
Thumb Bank & Trust,1,155400.0,155400.0,116550.0,4.0,0,0,0.75,0.0,0.0
Timberland Bank,85,37665100.0,443118.82352941175,26997870.0,10.929411764705883,1,24,0.7167874239017021,1.1764705882352942,28.235294117647058
Timberline Bank,68,45551400.0,669873.5294117647,35849997.6,20.147058823529413,0,28,0.7870229586796454,0.0,41.1764705882353
Time Bank,38,15745800.0,414363.15789473685,11005590.0,10.631578947368421,0,12,0.6989540067827611,0.0,31.57894736842105
Tinker FCU,3,528000.0,176000.0,406000.0,21.0,0,0,0.7689393939393939,0.0,0.0
"Tioga State Bank, National Association",4,356600.0,89150.0,178300.0,10.5,0,2,0.5,0.0,50.0
Tioga-Franklin Savings Bank,41,23924300.0,583519.512195122,18056425.0,15.78048780487805,0,8,0.7547315908929415,0.0,19.51219512195122
"Titan Bank, National Association",2,7602200.0,3801100.0,5701650.0,82.0,0,0,0.75,0.0,0.0
Tompkins Community Bank,176,36223500.0,205815.3409090909,22623400.0,7.403409090909091,6,45,0.6245503609535247,3.409090909090909,25.568181818181817
Torrington Savings Bank,24,3963700.0,165154.16666666666,2147100.0,5.583333333333333,0,5,0.5416908444130484,0.0,20.833333333333332
Touchmark National Bank,62,82766600.0,1334945.1612903227,65336080.0,8.32258064516129,0,25,0.7894015218699331,0.0,40.32258064516129
Tower Community Bank,1,140500.0,140500.0,119425.0,2.0,0,0,0.85,0.0,0.0
Town & Country Bank and Trust Company,2,2915000.0,1457500.0,2198750.0,21.0,0,0,0.7542881646655232,0.0,0.0
"Town Bank, National Association",55,24708200.0,449240.0,16456100.0,21.636363636363637,0,18,0.6660177592863907,0.0,32.72727272727273
Town and Country Bank,9,1807500.0,200833.33333333334,1202375.0,7.333333333333333,0,4,0.6652143845089903,0.0,44.44444444444444
Town and Country CU,44,6702500.0,152329.54545454544,4033650.0,11.863636363636363,0,16,0.6018127564341663,0.0,36.36363636363637
TowneBank,1167,995354900.0,852917.6520994002,769753314.85,17.273350471293917,10,213,0.7733455824148754,0.856898029134533,18.251928020565554
Tradition Capital Bank,12,14287100.0,1190591.6666666667,10582245.0,19.083333333333332,0,1,0.7406853035255581,0.0,8.333333333333334
Traditional Bank Inc,5,1244000.0,248800.0,947900.0,4.6,0,0,0.7619774919614148,0.0,0.0
TrailWest Bank,1,400000.0,400000.0,300000.0,8.0,0,0,0.75,0.0,0.0
"TransPecos Banks, SSB.",56,64333700.0,1148816.0714285714,50008830.0,12.178571428571429,0,16,0.7773348960187274,0.0,28.571428571428573
Travis CU,20,5710000.0,285500.0,4069250.0,22.35,0,4,0.7126532399299474,0.0,20.0
Trenton Business Assistance Corporation,125,18894800.0,151158.4,14981780.0,6.888,2,16,0.7929049262230878,1.6,12.8
Tri City National Bank,7,734900.0,104985.71428571429,367450.0,5.142857142857143,0,1,0.5,0.0,14.285714285714286
Tri Counties Bank,29,11126300.0,383665.5172413793,8858755.0,12.620689655172415,0,13,0.796199545221682,0.0,44.827586206896555
Tri-County Bank & Trust Company,1,160300.0,160300.0,120225.0,8.0,0,1,0.75,0.0,100.0
"Triad Bank, National Association",32,9185900.0,287059.375,6822575.0,9.0,0,2,0.7427225421570015,0.0,6.25
Triad Business Bank,6,6243500.0,1040583.3333333334,4682625.0,12.333333333333334,0,0,0.75,0.0,0.0
Triangle CU,48,5644400.0,117591.66666666667,4074120.0,7.145833333333333,0,15,0.7217985968393452,0.0,31.25
Troy Bank & Trust Company,4,4452000.0,1113000.0,3426000.0,10.25,0,0,0.7695417789757413,0.0,0.0
TruBank,31,10805100.0,348551.6129032258,7777320.0,9.225806451612904,0,7,0.7197823250131882,0.0,22.580645161290324
TruFund Financial Services Inc,6,1260600.0,210100.0,986650.0,13.0,0,0,0.7826828494367761,0.0,0.0
TruNorth Bank,50,13772000.0,275440.0,9846750.0,14.5,0,15,0.7149832994481556,0.0,30.0
True Access Capital Corporation,11,1849000.0,168090.9090909091,1511950.0,3.6363636363636362,2,1,0.8177122769064359,18.181818181818183,9.090909090909092
True Community CU,4,1399200.0,349800.0,1061000.0,5.75,0,0,0.7582904516866781,0.0,0.0
Truist Bank,833,893541700.0,1072679.1116446578,691812794.4,19.15126050420168,3,238,0.7742367193383364,0.36014405762304924,28.571428571428573
Truliant FCU,274,405013500.0,1478151.4598540147,308617915.0,17.8978102189781,0,16,0.7619941434050964,0.0,5.839416058394161
TrustBank,2,1880000.0,940000.0,1462500.0,10.5,0,0,0.7779255319148937,0.0,0.0
Trustco Bank,2,350000.0,175000.0,175000.0,1.0,0,2,0.5,0.0,100.0
Trustmark Bank,228,70253600.0,308129.8245614035,54498320.0,7.254385964912281,15,50,0.7757370440803033,6.578947368421052,21.92982456140351
Tucson FCU,8,7092000.0,886500.0,5334000.0,8.375,0,1,0.7521150592216582,0.0,12.5
Tulsa Economic Development Corporation,1,270000.0,270000.0,202500.0,3.0,0,0,0.75,0.0,0.0
Twin Cedars Bank,6,2039400.0,339900.0,1541750.0,10.0,0,0,0.7559821516132196,0.0,0.0
"U.S. Bank, National Association",15653,3821221300.0,244120.69890755767,2826367975.08,5.227176898996998,454,4329,0.7396504293221646,2.9004024787580653,27.656040375646842
UBank,1,124000.0,124000.0,111600.0,12.0,0,0,0.9,0.0,0.0
"UMB Bank, National Association",436,262943300.0,603080.9633027522,197329662.5,15.355504587155963,2,112,0.7504646914372795,0.45871559633027525,25.68807339449541
US Century Bank,55,110416100.0,2007565.4545454546,86061460.0,21.21818181818182,0,16,0.7794285434823364,0.0,29.09090909090909
US Eagle FCU,59,134591100.0,2281205.084745763,107466663.0,40.91525423728814,2,24,0.7984678258815033,3.389830508474576,40.67796610169491
US Metro Bank,484,966043300.0,1995957.2314049588,746092918.0,12.260330578512397,0,110,0.7723182987760486,0.0,22.727272727272727
Ulster Savings Bank,4,9953000.0,2488250.0,8141700.0,64.5,0,1,0.818014668944037,0.0,25.0
Ultima Bank Minnesota,165,43553600.0,263961.2121212121,30710180.0,7.618181818181818,0,81,0.7051123213695308,0.0,49.09090909090909
UniBank,183,185743000.0,1014989.0710382514,145933180.0,5.502732240437158,1,116,0.7856725690873949,0.546448087431694,63.387978142076506
UniBank for Savings,61,4038200.0,66200.0,2101975.0,3.557377049180328,0,20,0.5205227576643059,0.0,32.78688524590164
Unified Bank,3,1579000.0,526333.3333333334,1037000.0,20.333333333333332,0,0,0.6567447751741609,0.0,0.0
Union Bank,60,8796100.0,146601.66666666666,6173525.0,6.883333333333334,0,23,0.701847978081195,0.0,38.333333333333336
Union Bank and Trust Company,302,128680200.0,426093.3774834437,96235140.0,11.195364238410596,2,53,0.7478628413695347,0.6622516556291391,17.549668874172184
Union County Economic Development Corporation,3,470000.0,156666.66666666666,412000.0,7.666666666666667,0,2,0.8765957446808511,0.0,66.66666666666667
Union National Bank,94,32449500.0,345207.44680851063,21612175.0,6.329787234042553,0,10,0.6660249002295875,0.0,10.638297872340425
Union Savings Bank,11,1850000.0,168181.81818181818,1022250.0,6.818181818181818,0,1,0.5525675675675675,0.0,9.090909090909092
Union State Bank,7,1212600.0,173228.57142857142,836420.0,4.571428571428571,0,3,0.6897740392544944,0.0,42.857142857142854
Union State Bank of Hazen,5,497000.0,99400.0,248500.0,6.0,0,0,0.5,0.0,0.0
Unison Bank,2,3032000.0,1516000.0,2728800.0,9.0,0,0,0.9,0.0,0.0
United Bank,90,98406400.0,1093404.4444444445,77123215.0,21.477777777777778,0,38,0.7837215364041363,0.0,42.22222222222222
United Bank & Trust Co,3,949900.0,316633.3333333333,732000.0,5.666666666666667,0,1,0.7706074323613011,0.0,33.333333333333336
United Bank and Trust,1,2385000.0,2385000.0,1788750.0,25.0,0,0,0.75,0.0,0.0
United Bank of Iowa,51,14134600.0,277149.01960784313,11045195.0,6.450980392156863,2,12,0.7814296124403944,3.9215686274509802,23.529411764705884
United Bank of Michigan,5,4948500.0,989700.0,4125075.0,23.6,0,0,0.8336010912397697,0.0,0.0
United Bank of Philadelphia,38,13918100.0,366265.7894736842,11316795.0,8.894736842105264,0,10,0.8130991299099734,0.0,26.31578947368421
United Bank of Union,28,9437300.0,337046.4285714286,6997345.0,8.071428571428571,0,2,0.741456242781304,0.0,7.142857142857143
United Business Bank,221,272352900.0,1232366.0633484162,217000427.0,21.83710407239819,1,91,0.7967619474586097,0.45248868778280543,41.1764705882353
United Community Bank,1159,936186200.0,807753.40811044,717359010.0,17.295081967213115,6,287,0.7662567660151367,0.5176876617773943,24.762726488352026
United Cumberland Bank,7,4467900.0,638271.4285714285,2621450.0,13.285714285714286,0,1,0.5867297835672239,0.0,14.285714285714286
United FCU,72,80397600.0,1116633.3333333333,60670595.0,12.680555555555555,0,8,0.7546319168731405,0.0,11.11111111111111
"United Fidelity Bank, FSB",15,13182500.0,878833.3333333334,11162535.0,25.866666666666667,0,11,0.846769201593021,0.0,73.33333333333333
United Midwest Savings Bank National Association,4814,1574960400.0,327162.5259659327,1257149869.5,5.323016202742003,272,773,0.7982104626249651,5.650186954715413,16.057332779393438
United Minnesota Bank,12,3021000.0,251750.0,1640500.0,6.666666666666667,0,2,0.5430321085733201,0.0,16.666666666666668
United Pacific Bank,39,48521300.0,1244135.8974358975,37510225.0,13.076923076923077,0,14,0.7730671890489331,0.0,35.8974358974359
United Prairie Bank,107,35827000.0,334831.7757009346,29634175.0,8.467289719626168,0,56,0.8271464258799229,0.0,52.33644859813084
United Republic Bank,3,2593800.0,864600.0,1964550.0,10.666666666666666,0,0,0.7574022669442517,0.0,0.0
United Valley Bank,1,4750000.0,4750000.0,3562500.0,3.0,0,1,0.75,0.0,100.0
UnitedOne Credit Union,12,1950100.0,162508.33333333334,1494015.0,4.416666666666667,0,1,0.7661222501410184,0.0,8.333333333333334
Unity Bank,124,132352700.0,1067360.4838709678,106180325.0,13.685483870967742,0,31,0.802252806327336,0.0,25.0
Unity National Bank of Houston,26,15103000.0,580884.6153846154,12615150.0,15.192307692307692,0,2,0.8352744487850096,0.0,7.6923076923076925
University Bank,44,25089000.0,570204.5454545454,18999160.0,14.386363636363637,0,12,0.7572705169596238,0.0,27.272727272727273
University Credit Union,5,376200.0,75240.0,188100.0,3.4,0,3,0.5,0.0,60.0
University FCU,9,3202500.0,355833.3333333333,2506875.0,5.888888888888889,0,3,0.7827868852459017,0.0,33.333333333333336
University of Virginia Community Credit Union Inc,11,1729900.0,157263.63636363635,1232675.0,3.8181818181818183,0,4,0.7125700907566911,0.0,36.36363636363637
Univest Bank and Trust Co,229,172990500.0,755417.0305676856,132455825.0,11.017467248908297,1,24,0.765682653093667,0.4366812227074236,10.480349344978166
Upper Peninsula State Bank,5,1923600.0,384720.0,1543900.0,5.8,0,0,0.8026096901642753,0.0,0.0
Utah First FCU,7,2279600.0,325657.14285714284,1724700.0,14.285714285714286,0,5,0.7565801017722408,0.0,71.42857142857143
Utah Independent Bank,1,2989000.0,2989000.0,2241750.0,16.0,0,0,0.75,0.0,0.0
Uwharrie Bank,13,6113800.0,470292.3076923077,4585350.0,10.384615384615385,3,4,0.75,23.076923076923077,30.76923076923077
VIA CU,2,82500.0,41250.0,70125.0,1.5,0,0,0.85,0.0,0.0
Vallant Bank,69,65622600.0,951052.1739130435,49821950.0,16.971014492753625,1,9,0.7592193847851197,1.4492753623188406,13.043478260869565
Valley Bank of Nevada,4,2668200.0,667050.0,1941150.0,18.25,0,1,0.7275129300652124,0.0,25.0
Valley Bank of Ronan,45,15812400.0,351386.6666666667,10948700.0,11.422222222222222,0,12,0.6924122840302548,0.0,26.666666666666668
Valley Development Initiative,2,440400.0,220200.0,330300.0,3.0,0,1,0.75,0.0,50.0
"Valley Economic Development Partners, Inc.",39,7045700.0,180658.97435897434,5480625.0,8.23076923076923,0,6,0.7778680613707651,0.0,15.384615384615385
Valley First Federal Credit Union,22,8980500.0,408204.54545454547,6799975.0,4.954545454545454,0,3,0.7571933633984744,0.0,13.636363636363637
Valley Isle Community FCU,2,60000.0,30000.0,51000.0,2.5,0,0,0.85,0.0,0.0
Valley National Bank,234,259040300.0,1107009.829059829,199213137.2,16.512820512820515,0,61,0.7690430299841375,0.0,26.068376068376068
Valley Premier Bank,1,30300.0,30300.0,15150.0,5.0,0,1,0.5,0.0,100.0
Valliance Bank,42,13384200.0,318671.4285714286,8601900.0,11.30952380952381,0,23,0.6426906352266105,0.0,54.76190476190476
Valor Bank,2,530000.0,265000.0,265000.0,8.0,0,2,0.5,0.0,100.0
ValueBank Texas,1,98400.0,98400.0,83640.0,3.0,0,0,0.85,0.0,0.0
Vantage Bank,29,4429600.0,152744.8275862069,2529875.0,6.689655172413793,0,19,0.5711294473541629,0.0,65.51724137931035
Vantage Bank Texas,9,5974200.0,663800.0,4829925.0,8.11111111111111,0,3,0.8084638947474139,0.0,33.333333333333336
"Vast Bank, National Association",10,6690500.0,669050.0,4851125.0,13.6,0,4,0.7250766011508856,0.0,40.0
"VelocitySBA, LLC",707,785128700.0,1110507.3550212164,611285544.8,14.07920792079208,5,182,0.7785800529263546,0.7072135785007072,25.742574257425744
Ventura County CU,5,3705600.0,741120.0,3012900.0,56.6,0,4,0.8130667098445595,0.0,80.0
Ventura National Bank and Trust,1,500000.0,500000.0,250000.0,35.0,0,0,0.5,0.0,0.0
VeraBank National Association,10,8162700.0,816270.0,6518025.0,16.7,1,3,0.7985133595501488,10.0,30.0
Veridian Credit Union,1,52100.0,52100.0,44285.0,5.0,0,0,0.85,0.0,0.0
Verimore Bank,5,984000.0,196800.0,684550.0,9.2,0,1,0.6956808943089431,0.0,20.0
Vermont 504 Corporation,40,5299900.0,132497.5,4429760.0,4.55,0,18,0.8358195437649767,0.0,45.0
"Vermont Community Loan Fund, Inc.",8,773500.0,96687.5,637475.0,4.625,0,1,0.8241435035552682,0.0,12.5
Vermont FCU,25,2554500.0,102180.0,1455550.0,6.08,0,13,0.5697983949892347,0.0,52.0
"Verve, a Credit Union",16,4874700.0,304668.75,2828750.0,10.25,0,6,0.5802921205407512,0.0,37.5
Viking Bank National Association,12,2337200.0,194766.66666666666,1249100.0,5.25,0,5,0.534442923155913,0.0,41.666666666666664
Village Bank,137,106016700.0,773844.5255474453,82998440.0,15.036496350364963,6,49,0.7828808102874358,4.37956204379562,35.76642335766423
"Village Bank and Trust, National Association",258,167422200.0,648923.2558139535,117928046.0,24.228682170542637,3,68,0.704375202332785,1.1627906976744187,26.356589147286822
Vintage Bank Kansas,1,180200.0,180200.0,135150.0,34.0,0,1,0.75,0.0,100.0
Virginia National Bank,28,9894300.0,353367.85714285716,7179765.0,6.678571428571429,0,10,0.7256465843970771,0.0,35.714285714285715
Vision Bank,1,173000.0,173000.0,129750.0,15.0,0,0,0.75,0.0,0.0
Vision One CU,2,1013700.0,506850.0,800775.0,6.0,0,0,0.7899526487126369,0.0,0.0
VisionBank,45,13429000.0,298422.22222222225,9402765.0,12.733333333333333,0,15,0.7001835579715541,0.0,33.333333333333336
VisionBank of Iowa,9,6508800.0,723200.0,4929900.0,15.444444444444445,1,3,0.7574207227138643,11.11111111111111,33.333333333333336
"Volunteer Bank, A Division of Lawrence Bank",4,910900.0,227725.0,748935.0,9.75,0,4,0.8221923372488747,0.0,100.0
Voyage Federal Credit Union,2,265600.0,132800.0,235290.0,7.5,0,0,0.8858810240963856,0.0,0.0
VyStar CU,3,907800.0,302600.0,680850.0,8.0,0,0,0.75,0.0,0.0
WCF Financial Bank,1,150000.0,150000.0,135000.0,3.0,0,1,0.9,0.0,100.0
"WNB Financial, National Association",5,2842700.0,568540.0,2325465.0,24.2,0,1,0.8180479825517993,0.0,20.0
WaFd Bank,52,1392800.0,26784.615384615383,696400.0,3.6923076923076925,0,2,0.5,0.0,3.8461538461538463
Wadena State Bank,50,16835300.0,336706.0,10493525.0,17.08,1,26,0.623304901011565,2.0,52.0
Waldo State Bank,5,5902600.0,1180520.0,4433950.0,16.2,0,0,0.751185918070003,0.0,0.0
Wallis Bank,666,1024557500.0,1538374.6246246246,789732006.864,11.935435435435435,6,169,0.7708030118992834,0.9009009009009009,25.375375375375377
Wasatch Peaks FCU,32,8016700.0,250521.875,5814775.0,10.75,1,8,0.7253327428991979,3.125,25.0
Washington County Bank,1,928000.0,928000.0,696000.0,18.0,0,0,0.75,0.0,0.0
Washington Savings Bank,1,235600.0,235600.0,176700.0,3.0,0,0,0.75,0.0,0.0
Washington Trust Bank,446,234180000.0,525067.2645739911,172646885.0,11.630044843049328,2,60,0.7372400930907849,0.4484304932735426,13.452914798206278
"Waterford Bank, National Association",6,10319500.0,1719916.6666666667,8464625.0,18.0,0,2,0.820255341828577,0.0,33.333333333333336
Waterman Bank,2,1909500.0,954750.0,1718550.0,6.0,0,1,0.9,0.0,50.0
Watertown Savings Bank,31,6198200.0,199941.93548387097,4112895.0,6.612903225806452,1,8,0.6635628085573231,3.225806451612903,25.806451612903224
Waukesha State Bank,170,104801300.0,616478.2352941176,81954102.28,12.941176470588236,4,40,0.7819950924272886,2.3529411764705883,23.529411764705884
Wayne Bank,22,13953700.0,634259.0909090909,10760875.0,12.181818181818182,0,1,0.7711843453707619,0.0,4.545454545454546
Wayne Bank and Trust Co,2,415000.0,207500.0,311250.0,8.5,0,0,0.75,0.0,0.0
Wayne County Bank,4,885000.0,221250.0,493750.0,7.0,0,3,0.557909604519774,0.0,75.0
Waypoint Bank,2,112000.0,56000.0,95200.0,2.0,0,1,0.85,0.0,50.0
Webster Bank National Association,1376,516184400.0,375134.011627907,351078694.2,9.430959302325581,11,207,0.6801420077786156,0.7994186046511628,15.043604651162791
Webster Five Cents Savings Bank,74,13779400.0,186208.1081081081,9004295.0,11.513513513513514,1,10,0.6534606006067027,1.3513513513513513,13.513513513513514
"Welch State Bank of Welch, Okla",18,6595900.0,366438.8888888889,4469195.0,8.722222222222221,0,7,0.6775716733122091,0.0,38.888888888888886
Welcome State Bank,11,1486900.0,135172.72727272726,809125.0,3.4545454545454546,0,3,0.5441690766023269,0.0,27.272727272727273
Wells Fargo Bank National Association,11619,3077319500.0,264852.35390308977,2335294819.98,4.4261984680265085,645,1870,0.7588730451875406,5.55125225923057,16.09432825544367
"WesBanco Bank, Inc.",283,164742200.0,582127.9151943463,120114956.0,15.441696113074205,3,51,0.7291086072663835,1.0600706713780919,18.021201413427562
West Bank,4,1311000.0,327750.0,1025550.0,10.75,0,2,0.7822654462242563,0.0,50.0
West Central Development Corporation,25,3150900.0,126036.0,2548955.0,14.0,1,9,0.8089609317972642,4.0,36.0
West Coast Community Bank,221,245714400.0,1111829.8642533936,192135050.0,17.339366515837103,0,74,0.7819446072350664,0.0,33.484162895927604
West Gate Bank,8,1539000.0,192375.0,961250.0,4.5,0,3,0.6245938921377517,0.0,37.5
West Pointe Bank,4,7077800.0,1769450.0,5923850.0,30.75,0,1,0.83696205035463,0.0,25.0
West Shore Bank,61,43751200.0,717232.7868852459,34321980.0,13.131147540983607,0,10,0.7844808828100714,0.0,16.39344262295082
West Texas National Bank,1,1556000.0,1556000.0,1167000.0,8.0,0,0,0.75,0.0,0.0
West Union Bank,2,399800.0,199900.0,199900.0,10.5,0,0,0.5,0.0,0.0
West Valley National Bank,4,2840000.0,710000.0,2502500.0,19.75,0,4,0.8811619718309859,0.0,100.0
WestStar Bank,20,4635600.0,231780.0,2764050.0,17.45,0,6,0.5962658555526793,0.0,30.0
Westbury Bank,3,3420000.0,1140000.0,2527500.0,10.666666666666666,0,2,0.7390350877192983,0.0,66.66666666666667
Westerly Community CU,3,942300.0,314100.0,533650.0,11.666666666666666,0,1,0.566327072057731,0.0,33.333333333333336
Western Alliance Bank,165,170631400.0,1034129.696969697,128736440.0,24.963636363636365,0,48,0.7544709824803641,0.0,29.09090909090909
Western Bank,4,737500.0,184375.0,595750.0,3.25,0,0,0.8077966101694916,0.0,0.0
Western Commerce Bank,243,159522000.0,656469.1358024691,122607030.0,15.03292181069959,0,67,0.7685901004250197,0.0,27.57201646090535
Western Heritage Bank,7,1570000.0,224285.7142857143,1015000.0,23.285714285714285,0,5,0.6464968152866242,0.0,71.42857142857143
Western National Bank,4,437300.0,109325.0,218650.0,4.25,0,2,0.5,0.0,50.0
Western Nebraska Bank,29,2401100.0,82796.55172413793,1473640.0,4.413793103448276,0,16,0.6137353712881596,0.0,55.172413793103445
Western State Bank,47,33707900.0,717189.3617021276,25138125.0,27.0,4,15,0.7457636043776088,8.51063829787234,31.914893617021278
Westerra CU,2,581200.0,290600.0,450000.0,4.5,0,0,0.774260151410874,0.0,0.0
Westfield Bank,14,5346000.0,381857.14285714284,3898000.0,6.571428571428571,0,5,0.7291432846988403,0.0,35.714285714285715
Westside State Bank,16,3862900.0,241431.25,2395050.0,13.8125,1,1,0.6200134613891118,6.25,6.25
Whatcom Educational CU,13,2627800.0,202138.46153846153,1884050.0,8.153846153846153,0,5,0.7169685668620138,0.0,38.46153846153846
"Wheaton Bank & Trust Company, National Association",52,30589100.0,588251.9230769231,21703935.0,16.21153846153846,0,12,0.70953166323952,0.0,23.076923076923077
Wildfire Credit Union,14,3618000.0,258428.57142857142,2780170.0,11.071428571428571,0,1,0.7684273079049199,0.0,7.142857142857143
Williamsville State Bank & Trust,1,80000.0,80000.0,72000.0,6.0,0,0,0.9,0.0,0.0
Wilmington Savings Fund Society FSB,771,643904300.0,835154.7341115434,495123600.0,16.514915693904022,7,165,0.7689397321931225,0.9079118028534371,21.40077821011673
Wilson & Muir Bank & Trust Company,20,7770400.0,388520.0,5624780.0,12.8,0,5,0.723872644908885,0.0,25.0
Wilson Bank & Trust,15,11772500.0,784833.3333333334,8829375.0,17.4,0,2,0.75,0.0,13.333333333333334
Windsor Federal Bank,1,135000.0,135000.0,114750.0,4.0,0,0,0.85,0.0,0.0
Wings Credit Union,29,18945900.0,653306.8965517242,14096175.0,14.96551724137931,0,4,0.7440224534068057,0.0,13.793103448275861
Wintrust Bank National Association,46,39401400.0,856552.1739130435,28162800.0,31.282608695652176,0,15,0.7147664803788698,0.0,32.608695652173914
Wisconsin Women's Business Initiative Corporation,175,28241400.0,161379.42857142858,22595550.0,6.9714285714285715,6,23,0.8000860438930082,3.4285714285714284,13.142857142857142
Wolf River Community Bank,11,8588500.0,780772.7272727273,6630730.0,8.0,2,4,0.772047505385108,18.181818181818183,36.36363636363637
Women's Opportunity Resource Center,4,860700.0,215175.0,658125.0,2.5,0,0,0.7646392471244337,0.0,0.0
Wood and Huston Bank,1,2000000.0,2000000.0,1500000.0,35.0,0,0,0.75,0.0,0.0
WoodTrust Bank,1,542000.0,542000.0,487800.0,140.0,0,0,0.9,0.0,0.0
Woodford State Bank,1,350000.0,350000.0,262500.0,51.0,0,0,0.75,0.0,0.0
Woodland Bank,5,390000.0,78000.0,195000.0,3.2,0,1,0.5,0.0,20.0
"Woodlands Community Lenders, Inc.",9,774300.0,86033.33333333333,621025.0,6.444444444444445,0,1,0.8020470102027638,0.0,11.11111111111111
Woodlands National Bank,42,19900800.0,473828.5714285714,15606680.0,24.095238095238095,1,13,0.784223749799003,2.380952380952381,30.952380952380953
Woori America Bank,311,305321300.0,981740.5144694534,231501875.0,6.954983922829582,1,41,0.7582237957194601,0.3215434083601286,13.183279742765274
Workers FCU,33,3914900.0,118633.33333333333,2848495.0,7.090909090909091,1,12,0.7276035147768781,3.0303030303030303,36.36363636363637
"World Trade Finance,  Inc.",11,21716600.0,1974236.3636363635,17401628.96,33.45454545454545,3,6,0.8013054050818268,27.272727272727273,54.54545454545455
Worthington Bank,8,9430000.0,1178750.0,7432500.0,10.5,0,0,0.7881760339342524,0.0,0.0
Wright Patt Credit Union Inc,29,46966600.0,1619537.9310344828,34746467.2,19.862068965517242,0,7,0.7398122751061393,0.0,24.137931034482758
Wyoming Capital Access,2,347300.0,173650.0,260475.0,17.5,0,1,0.75,0.0,50.0
Wyoming Community Bank,15,3250700.0,216713.33333333334,1755100.0,3.3333333333333335,0,11,0.5399144799581629,0.0,73.33333333333333
York State Bank,4,857500.0,214375.0,428750.0,6.25,0,2,0.5,0.0,50.0
Zeal Credit Union,9,1765100.0,196122.22222222222,956300.0,15.666666666666666,0,3,0.5417823352784544,0.0,33.333333333333336
"Zions Bank, A Division of",2934,933540800.0,318180.23176550784,716604172.35,10.141445126107703,37,424,0.7676195537998982,1.2610770279481935,14.451261077027949
b1BANK,216,185423800.0,858443.5185185185,138028460.0,21.125,6,32,0.7443945167772422,2.7777777777777777,14.814814814814815
bankESB,4,684500.0,171125.0,404125.0,4.25,0,0,0.5903944485025566,0.0,0.0
bankHometown,7,2628100.0,375442.85714285716,1701550.0,11.714285714285714,0,4,0.6474449221871313,0.0,57.142857142857146
bankcda,27,17357400.0,642866.6666666666,12698732.5,10.11111111111111,0,12,0.7316033795384101,0.0,44.44444444444444
i3 Bank,18,14712000.0,817333.3333333334,11213455.0,28.333333333333332,0,4,0.7621978656878738,0.0,22.22222222222222
iTHINK Financial Credit Union,135,89042500.0,659574.074074074,69594825.0,13.281481481481482,0,40,0.7815910941404386,0.0,29.62962962962963
